"FullPath","Ext","SizeBytes","LastModified","Created","First120","DeltaMin"
"C:\job\status.ini",".ini","75","2026-04-07 18:13","2025-12-02 14:18","[UC_PROGRAM] ProgramName=300mm ProductName=ValidationJob RecipeName=x5 ","181675"
"C:\job\Diced_10.0.4511\Metadata.ini",".ini","94","2026-03-03 15:44","2026-03-15 14:31","[General] name=Diced_10.0.4511 Id=46a4c3bf-4464-4070-b41b-4939a9842d63 Version=1 JobTag= ","-17207"
"C:\job\Diced_10.0.4511\.audit\manifest.json",".json","398","2026-05-12 12:57","2026-05-12 12:57","{   ""jobName"": ""Diced_10.0.4511"",   ""auditDbVersion"": ""1"",   ""created"": {     ""machine"": ""AMITA1"",     ""at"": ""2026-05-12","0"
"C:\job\Diced_10.0.4511\S1\DefaultWafer2Table.ini",".ini","1134","2026-03-03 14:10","2026-03-15 14:31","[WAFER ALIGNMENT] Wafer2Table_X=          0.9999922204        -0.0062656224    106355.7066746282 Wafer2Table_Y=         ","-17302"
"C:\job\Diced_10.0.4511\S1\DefectsClustering.ini",".ini","236","2026-04-26 21:37","2026-03-15 14:31","[General] Enabled=0 ClusteringAfterMerge=0 Distance=0 SelectedFirstSortingList=Priority SelectedSecondSortingList=Area S","60906"
"C:\job\Diced_10.0.4511\S1\DieAlignment.dat_block.ini",".ini","119","2026-03-03 19:03","2026-03-15 14:31","[General] IsMultiIndex=0 DieCount=1 [Die_0] Row=0 Col=0 PosX=0.000 PosY=0.000 SizeX=4117.000 SizeY=19645.000 ","-17009"
"C:\job\Diced_10.0.4511\S1\Metadata.ini",".ini","93","2026-03-03 19:03","2026-03-15 14:31","[General] name=S1 Id=f0e6ec38-de8f-4dc7-b0a4-c114aed4418a Version=1 LastActiveRecipe=R1 ","-17009"
"C:\job\Diced_10.0.4511\S1\MultiRecipe.ini",".ini","335","2026-04-27 16:29","2026-03-15 14:31","[Scan] MergingThreadCount=1 doSeparateRecipe=0 DoGrabAfterMerge=0 Recipes=0,1, FieldCount=8 RecipesPos=1,2, RecipesMerge","62038"
"C:\job\Diced_10.0.4511\S1\ProductionInfo.ini",".ini","155","2026-04-27 16:51","2026-03-15 14:31","[General] WaferDefectsCount=0 WaferDefectDiceRatio=0.0000 WaferDefectClassId=0 WaferDefectClassIdCount=0 BatchPassWafers","62060"
"C:\job\Diced_10.0.4511\S1\ScanCondition.ini",".ini","23","2026-03-03 13:59","2026-03-15 14:31","[General] IsActive=0 ","-17312"
"C:\job\Diced_10.0.4511\S1\Wafer2Table.ini",".ini","1134","2026-03-03 19:02","2026-03-15 14:31","[WAFER ALIGNMENT] Wafer2Table_X=          0.9999944815        -0.0062677412    106354.8850214472 Wafer2Table_Y=         ","-17010"
"C:\job\Diced_10.0.4511\S1\Recipes\R1\Alignment.ini",".ini","53","2026-04-06 19:02","2026-03-15 14:31","[WAFER ALIGNMENT] CoarseAlignDone=0 Rotate  w2t=0 ","31950"
"C:\job\Diced_10.0.4511\S1\Recipes\R1\AlignmentData.ini",".ini","820","2026-03-03 13:51","2026-03-15 14:31","[General] MinScore=85 MinTargetScore=0 IsAffineEnabled=1 AlignPointsNum=8 ForceToGMF=0 [Point_0] X=104897.950491626 Y=12","-17320"
"C:\job\Diced_10.0.4511\S1\Recipes\R1\AlignRtp.ini",".ini","2983","2026-03-03 19:02","2026-03-15 14:31","[DIE Alignment] Die__MinModelSize=64 Die__MinScore=65 Die__ExtraScanLength_um=0.000000 Die__ExtraScanLength_X_um=0.00000","-17009"
"C:\job\Diced_10.0.4511\S1\Recipes\R1\CcsLocalMeas.ini",".ini","210","2026-03-03 12:41","2026-03-15 14:31","[ScanParams] MarginX=0 MarginY=0 ScanStepX=0 ScanStepY=0 ResultsToRevisit= ScanDefects_Enabled=0 ScanDefects_SizeX=0 Sca","-17391"
"C:\job\Diced_10.0.4511\S1\Recipes\R1\CleanReferenceConfiguration.ini",".ini","605","2026-03-03 13:57","2026-03-15 14:31","[General] Version=1 CreateCleanReferencePeriodicaly=1 CreateCleanReferenceEvery=Wafer CreateCleanReferenceFrequency=0 Is","-17314"
"C:\job\Diced_10.0.4511\S1\Recipes\R1\CleanReferenceFinalParams.ini",".ini","1055","2026-03-03 13:49","2026-03-15 14:31","[General] Version=2 [CleanRefParams] SizeX=1280 SizeY=1280 minCriteria=-2 maxCriteria=-1 minCreateMul=2 maxCreateMul=2 m","-17322"
"C:\job\Diced_10.0.4511\S1\Recipes\R1\CreateReference3dOptions.ini",".ini","415","2026-03-03 12:53","2026-03-15 14:31","[General] Version=0 Debug=0 [Registration] ReferenceRegBy=0 BigBlockRowsNumber=1000 YPartitionsNumber=3 MaxErrorPix=3 PS","-17378"
"C:\job\Diced_10.0.4511\S1\Recipes\R1\DefaultWafer2Table.ini",".ini","1119","2026-03-03 13:48","2026-03-15 14:31","[WAFER ALIGNMENT] Wafer2Table_X=          0.9999665239         0.0062689031   -107143.3696814435 Wafer2Table_Y=         ","-17323"
"C:\job\Diced_10.0.4511\S1\Recipes\R1\DieAlignment.dat_block.ini",".ini","119","2026-03-03 13:48","2026-03-15 14:31","[General] IsMultiIndex=0 DieCount=1 [Die_0] Row=0 Col=0 PosX=0.000 PosY=0.000 SizeX=4117.000 SizeY=19645.000 ","-17323"
"C:\job\Diced_10.0.4511\S1\Recipes\R1\DieMapAlignRes.dat_block.ini",".ini","119","2026-03-03 13:48","2026-03-15 14:31","[General] IsMultiIndex=0 DieCount=1 [Die_0] Row=0 Col=0 PosX=0.000 PosY=0.000 SizeX=4117.000 SizeY=19645.000 ","-17323"
"C:\job\Diced_10.0.4511\S1\Recipes\R1\DieMapRegPos.txt",".txt","350","2026-03-03 13:45","2026-03-15 14:31","ScaleX =    1.0000000000; ScaleY =    1.0000000000   RefID       X        Y  Zone Count      Shape Data       1    116.0","-17327"
"C:\job\Diced_10.0.4511\S1\Recipes\R1\DieRegPos.txt",".txt","350","2026-03-03 13:45","2026-03-15 14:31","ScaleX =    1.0000000000; ScaleY =    1.0000000000   RefID       X        Y  Zone Count      Shape Data       1    112.0","-17327"
"C:\job\Diced_10.0.4511\S1\Recipes\R1\ExternalCoordSystems.ini",".ini","33","2026-03-03 12:41","2026-03-15 14:31","[ExternalCoordSystems] Count=0 ","-17391"
"C:\job\Diced_10.0.4511\S1\Recipes\R1\GlobalRTP.ini",".ini","3205","2026-03-03 13:51","2026-03-15 14:31","[GLOBAL_RTP] LSL_Height=100.000000 USL_Height=140.000000 NominalHeight=120.000000 BumpType=1 CCS_Step=3.000000 CCS_Step_","-17320"
"C:\job\Diced_10.0.4511\S1\Recipes\R1\ImageProcessing.log",".log","37","2026-03-03 13:46","2026-03-15 14:31","_previouseAlignmentDataExists = 1 ","-17326"
"C:\job\Diced_10.0.4511\S1\Recipes\R1\JobIllumLimits.ini",".ini","84","2026-05-11 15:20","2026-03-15 14:36","[AMITA1] IllumCalibDate=2024-12-15 07:59:23 ForcedSkipToDate=2026-06-10 15:20:51 ","82124"
"C:\job\Diced_10.0.4511\S1\Recipes\R1\Metadata.ini",".ini","72","2026-03-03 12:41","2026-03-15 14:31","[General] name=R1 Id=ecd7a3d7-87c8-4b99-ad53-6a0ff08506be Version=0 ","-17391"
"C:\job\Diced_10.0.4511\S1\Recipes\R1\OpticPreset.ini",".ini","1547","2026-03-15 14:36","2026-03-15 14:31","[IllumConversion] Executed=0 [General] Signature=1 [Scan2d] Id=d5ecdfdf-532b-4995-96f7-3d14b6fa5c0c FocusPosAboveChuck=3","4"
"C:\job\Diced_10.0.4511\S1\Recipes\R1\OpticToVCamStorage.json",".json","546","2026-03-03 19:02","2026-03-15 14:31","[   {     ""OpticId"": ""fa520c77-45ae-48dd-afff-47b8caf409a6"",     ""Scenario"": ""Scan"",     ""IsAutoFocus"": false,     ""Stor","-17009"
"C:\job\Diced_10.0.4511\S1\Recipes\R1\OverlayScan.ini",".ini","52","2026-03-03 12:41","2026-03-15 14:31","[General] Id=e915d5d2-e7f7-4891-3703-00aab9ba53f4 ","-17391"
"C:\job\Diced_10.0.4511\S1\Recipes\R1\Params_AlignRTP.ini",".ini","2982","2026-03-03 13:46","2026-03-15 14:31","[DIE Alignment] Die__MinModelSize=0 Die__MinScore=50 Die__ExtraScanLength_um=0.000000 Die__ExtraScanLength_X_um=0.000000","-17326"
"C:\job\Diced_10.0.4511\S1\Recipes\R1\Params_SystemInfo.ini",".ini","2395","2026-03-03 13:46","2026-03-15 14:31","[SystemParams] Gain=0 GainFx=0 Offset=0 Distortion=0 SizeX=1280 SizeY=1280 OffsetX=384 OffsetY=384 CameraType=3 ImageSiz","-17326"
"C:\job\Diced_10.0.4511\S1\Recipes\R1\Params_WaferInfo.ini",".ini","1391","2026-03-03 13:46","2026-03-15 14:31","[Path] SetupPath=c:\job\Diced_10.0.4511\S1\Recipes\R1\ RecipeName=R1 RecipePath=c:\job\Diced_10.0.4511\S1\Recipes\R1\ Sc","-17326"
"C:\job\Diced_10.0.4511\S1\Recipes\R1\ProductInfo.ini",".ini","3195","2026-05-12 12:50","2026-03-15 14:31","[AutoFocus] SearchUseDefault=1 ScanDelta=0 OnLimitViolationAction=0 FocusVAriationLimit=0 LimitFocusVariation=0 RetriesC","83419"
"C:\job\Diced_10.0.4511\S1\Recipes\R1\Recipe.ini",".ini","373","2026-04-06 18:59","2026-03-15 14:31","[AutoCycle] AutoFocusBeforeAlignment=0 AutoFocusEvery=1 ; None CleanReferenceEvery=3 ; Wafer UnloadToAnotherCassette=0 N","31947"
"C:\job\Diced_10.0.4511\S1\Recipes\R1\ReferencesInfo.json",".json","281","2026-03-03 19:02","2026-03-15 14:31","{   ""UseCleanReferenceFolder"": false,   ""PeformCleanOnPizza"": false,   ""ExcludeReferenceFromJob"": false,   ""RecipeID"": ""","-17009"
"C:\job\Diced_10.0.4511\S1\Recipes\R1\RTP.txt",".txt","5326","2026-03-03 13:51","2026-03-15 14:31","[PostProcess]   ; Zone name Alg = Warp_Direction_Calculation Inner_Radius_[Microns] = 1 ;  ( Radius of the inner circle,","-17320"
"C:\job\Diced_10.0.4511\S1\Recipes\R1\s_FrameData.dat.md",".md","2346","2026-03-03 13:48","2026-03-15 14:31","<root><RecordSize Size=""160""/><Fields><Field Name=""frameIdx"" Id=""1073741824"" Offset=""0"" Vartype=""3""/><Field Name=""xInFra","-17323"
"C:\job\Diced_10.0.4511\S1\Recipes\R1\SamplingMetrology.ini",".ini","73","2026-03-03 12:41","2026-03-15 14:31","[General] Version=0 Id=c26d8ada-247a-dc13-4998-f6563a2eea4b UseCSV=0 ","-17391"
"C:\job\Diced_10.0.4511\S1\Recipes\R1\ScanOverlapLog.txt",".txt","450","2026-03-03 19:02","2026-03-15 14:31","Scan 2d Overlap [px], [um]; Pixel size = 0.858, 0.86 Minimum             :    32,   32,   27,   27 Detection           :","-17009"
"C:\job\Diced_10.0.4511\S1\Recipes\R1\ScanOverviewImage_Recipes-R1.txt",".txt","321","2026-03-03 13:48","2026-03-15 14:31","[ScanOverviewImage] I_2_WM_X=         57.8764648438         0.0000000000    -13742.4000000000 I_2_WM_Y=          0.00000","-17323"
"C:\job\Diced_10.0.4511\S1\Recipes\R1\ScenariosMetadatas.ini",".ini","1471","2026-03-03 13:28","2026-03-15 14:31","[General] Version=1 [Scan2d] Id=d65783d2-b589-4005-a387-47cd3b398afa OpticsId=fa520c77-45ae-48dd-afff-47b8caf409a6 Refer","-17344"
"C:\job\Diced_10.0.4511\S1\Recipes\R1\UniqueArea.ini",".ini","375","2026-03-03 13:45","2026-03-15 14:32","[General] Count=0 UseGMF=0 TryAllModels=0 MinTargetScore=0 ImagePreprocessorId=306a7e84-3bae-4443-bedf-ea9321f61841 [306","-17326"
"C:\job\Diced_10.0.4511\S1\Recipes\R1\Wafer2Table.ini",".ini","1119","2026-05-12 12:50","2026-03-15 14:32","[WAFER ALIGNMENT] Wafer2Table_X=          0.9999698255         0.0062665244   -107144.0847099198 Wafer2Table_Y=         ","83419"
"C:\job\Diced_10.0.4511\S1\Recipes\R1\WaferDataReadSettings.xml",".xml","195","2026-03-03 12:41","2026-03-15 14:32","<?xml version=""1.0""?> <WaferDataReadSettings xmlns:xsi=""http://www.w3.org/2001/XMLSchema-instance"" xmlns:xsd=""http://www","-17391"
"C:\job\Diced_10.0.4511\S1\Recipes\R1\Waferinfo.ini",".ini","423","2026-04-07 16:46","2026-03-15 14:32","[Robot] Rotation=90 SideUp=1 [General] key_minarea=0 hd_cmm=False hd_alignment=True hd_scan=True hd_robot=False hd_verif","33254"
"C:\job\Diced_10.0.4511\S1\Recipes\R1\WaferMapRecipe.ini",".ini","882","2026-03-03 13:36","2026-03-15 14:32","[GENERAL] SettingsPolicy=0 FiducialBin=-1 MappingCorner=0 [Input_Update] Enable=0 FileMask= ImportDirectory= UpdateDirec","-17336"
"C:\job\Diced_10.0.4511\S1\Recipes\R1\WaferToRefWafer.ini",".ini","171","2026-03-03 14:10","2026-03-15 14:32","[WaferToRefWafer] RW_2_SW_X=          0.9998949287         0.0125340258   -215069.5092486806 RW_2_SW_Y=         -0.01282","-17302"
"C:\job\Diced_10.0.4511\S1\Recipes\R1\zones.ini",".ini","264","2026-03-03 13:50","2026-03-15 14:32","[General] Version=11 [ALGName] 255=PostProcess 0=Scan Area [ALG] 255=PostProcess 0=Surface [BinCodes] 255=-1 0=-1 [Color","-17321"
"C:\job\Diced_10.0.4511\S1\Recipes\R1\zones.txt",".txt","170","2026-03-03 13:50","2026-03-15 14:32","ScaleX =    1.0000000000; ScaleY =    1.0000000000   RefID       X        Y  Zone Count      Shape Data       1   2058.0","-17321"
"C:\job\Diced_10.0.4511\S1\Recipes\R1\ZoomLevels.ini",".ini","354","2026-03-03 13:43","2026-03-15 14:32","[ZOOM_LEVELS] LEVEL_1=1 SaveCompressed=0 LEVEL_2=1 LEVEL_4=1 LEVEL_8=1 LEVEL_16=1 LEVEL_32=1 [LEVEL_1] SizeX=4116 SizeY=","-17329"
"C:\job\Diced_10.0.4511\S1\Recipes\R1\.dc_cache\TransactionsHistory.ini",".ini","462","2026-03-03 18:43","2026-03-15 14:32","[DeprecatedInV0] Namespace.RuntimeEntities.RecipePartsCollection_Runtime|RecipePartsCollection|CleanReferenceParams=1 Na","-17029"
"C:\job\Diced_10.0.4511\S1\Recipes\R1\FocusMapping\DieReferenceLocation.json",".json","4","2026-03-03 18:43","2026-03-15 14:32","null","-17029"
"C:\job\Diced_10.0.4511\S1\Recipes\R1\FocusMapping\FocusMapping.ini",".ini","2537","2026-03-03 18:44","2026-03-15 14:32","[Mode] AutoFocusRange=100 CreateSurfaceScore=Good MinMatchModelScore=Good DurationOfOneSite=3 NumOfDiceToScan=15 Resolut","-17028"
"C:\job\Diced_10.0.4511\S1\Recipes\R1\OpticLightMetadata\config.ini",".ini","292","2026-03-03 19:02","2026-03-15 14:32","[General] NominalDelta=0.000000000 Exist=0 targetPos_X=0.000000000 targetPos_Y=0.000000000 minY=0.000000000 minX=0.00000","-17009"
"C:\job\Diced_10.0.4511\S1\Recipes\R1\ReferenceBackup\ZoomLevels.ini",".ini","354","2026-03-03 13:43","2026-03-15 14:32","[ZOOM_LEVELS] LEVEL_1=1 SaveCompressed=0 LEVEL_2=1 LEVEL_4=1 LEVEL_8=1 LEVEL_16=1 LEVEL_32=1 [LEVEL_1] SizeX=4116 SizeY=","-17329"
"C:\job\Diced_10.0.4511\S1\Recipes\R1\SW_QA-5\OpticsPreset.ini",".ini","109","2026-03-03 12:49","2026-03-15 14:32","[RobotSetup] Name=PD_8_106448_ARC.cfg [Chuck] CenterX=158684.0625 CenterY=138935.140625 CenterZ=-377.3 ","-17383"
"C:\job\Diced_10.0.4511\S1\Recipes\R1\TrainData\Die.ini",".ini","1080","2026-03-03 13:43","2026-03-15 14:32","[DIE] PixelSize_X=0.857650914714166 PixelSize_Y=0.857650914714166 FrameSizeX=1280 FrameSizeY=1280 Step_X=3708 Step_Y=169","-17329"
"C:\job\Diced_10.0.4511\S1\Recipes\R1\TrainData\DieRefToTrain.txt",".txt","206","2026-03-03 13:42","2026-03-15 14:32","[DieRefToTrainImage] DR_2_TI_X=1 0 1114.36704139293 DR_2_TI_Y=0 1 1120.96597481518 DR_2_TI_Theta=0.0000000 DR_2_TI_Gamma","-17329"
"C:\job\Diced_10.0.4511\S1\Recipes\R1\TrainData\FrameToChuck.ini",".ini","160","2026-03-03 13:41","2026-03-15 14:32","[FrameToChuck] F2C_X=          0.8576508809         0.0002406744      -549.0505954039 F2C_Y=         -0.0002406744      ","-17331"
"C:\job\Diced_10.0.4511\S1\Recipes\R1\TrainData\DieImage\DieImageToTable.ini",".ini","253","2026-03-03 13:42","2026-03-15 14:32","[DieImageToTable] I2T_X=0.857636017024815 0.00505507782893001 -2571.21898480672 I2T_Y=-0.00505507782893001 0.85763601702","-17330"
"C:\job\Diced_10.0.4511\S1\Recipes\R1\TrainData\DieImage\ZoomLevels.ini",".ini","360","2026-03-03 13:41","2026-03-15 14:32","[ZOOM_LEVELS] LEVEL_1=1 SaveCompressed=0 LEVEL_2=0 LEVEL_4=0 LEVEL_8=0 LEVEL_16=0 LEVEL_32=0 LEVEL_64=0 [LEVEL_1] SizeX=","-17330"
"C:\job\Diced_10.0.4511\S1\Recipes\R1\WaferAlignData\Alignment_PatFindRtp.txt",".txt","742","2026-04-07 16:46","2026-04-07 16:46"," [16:46:12 04/07/26] Minimum Score           :  85    Minimum Start        :  90    Reduce Delta         :  10 Minimum T","0"
"C:\job\Diced_10.0.4511\S1\Recipes\R1\WaferAlignData\Alignment_PatRes.txt",".txt","1813","2026-04-07 16:46","2026-04-07 16:46"," [16:46:12 04/07/26] ==========================================================================================  #    Co","0"
"C:\job\Diced_10.0.4511\S1\Recipes\R1\WaferAlignData\Alignment_Stat.txt",".txt","444","2026-04-07 16:46","2026-04-07 16:46","  [16:46:12 04/07/26] ==================================================================================================","0"
"C:\job\Diced_10.0.4511\S1\Recipes\R1\WaferAlignData\AlignmentData.ini",".ini","31","2026-04-07 16:46","2026-04-07 16:46","[General] AlignmentTime=6941 ","0"
"C:\job\Diced_10.0.4511\S1\Recipes\R1\WaferAlignData\AlignmentStatisticsTime.txt",".txt","167","2026-04-07 16:46","2026-04-07 16:46","Alignment Statistics Grabbing Counter=10 Total=374 Average=37.400002 Moving Counter=10 Total=1483 Average=148.300003 Mov","0"
"C:\job\Diced_10.0.4511\S1\Recipes\R1\Zones\PostProcess.ini",".ini","2576","2026-03-03 13:51","2026-03-15 14:32","[General] ZoneName=PostProcess ZoneID=255 TypeName=PostProcess AutoTH=0 AutoProbe=0 [Warp Direction Calculation] Enable=","-17321"
"C:\job\Diced_10.0.4511\S1\Recipes\R1\Zones\Scan Area.ini",".ini","5706","2026-03-03 13:51","2026-03-15 14:32","[General] ZoneName=Scan Area ZoneID=63 TypeName=Surface AutoTH=0 AutoProbe=0 [Surface] Enable=1 AlgorithmName=Surface Cl","-17321"
"C:\job\Diced_10.0.4511\S1\Recipes\R2\Alignment.ini",".ini","38","2026-03-03 13:51","2026-03-15 14:32","[WAFER ALIGNMENT] CoarseAlignDone=1 ","-17320"
"C:\job\Diced_10.0.4511\S1\Recipes\R2\AlignmentData.ini",".ini","820","2026-03-03 19:01","2026-03-15 14:32","[General] MinScore=85 MinTargetScore=0 IsAffineEnabled=1 AlignPointsNum=8 ForceToGMF=0 [Point_0] X=104897.950491626 Y=12","-17011"
"C:\job\Diced_10.0.4511\S1\Recipes\R2\AlignRtp.ini",".ini","2983","2026-03-03 19:02","2026-03-15 14:32","[DIE Alignment] Die__MinModelSize=64 Die__MinScore=65 Die__ExtraScanLength_um=0.000000 Die__ExtraScanLength_X_um=0.00000","-17009"
"C:\job\Diced_10.0.4511\S1\Recipes\R2\CcsLocalMeas.ini",".ini","210","2026-03-03 12:41","2026-03-15 14:32","[ScanParams] MarginX=0 MarginY=0 ScanStepX=0 ScanStepY=0 ResultsToRevisit= ScanDefects_Enabled=0 ScanDefects_SizeX=0 Sca","-17391"
"C:\job\Diced_10.0.4511\S1\Recipes\R2\CcsSetup.xml",".xml","166","2026-03-03 18:43","2026-03-15 14:32","<CcsSetupConfigurations VersionNumber=""0.0"">   <CcsSetupInfo Id=""080c8bbc-4363-4dc6-a109-dea471b8191e"" Name=""CcsSetup"" I","-17029"
"C:\job\Diced_10.0.4511\S1\Recipes\R2\CleanReferenceConfiguration.ini",".ini","605","2026-03-03 17:43","2026-03-15 14:32","[General] Version=1 CreateCleanReferencePeriodicaly=0 CreateCleanReferenceEvery=Wafer CreateCleanReferenceFrequency=0 Is","-17089"
"C:\job\Diced_10.0.4511\S1\Recipes\R2\CleanReferenceFinalParams.ini",".ini","1055","2026-03-03 13:49","2026-03-15 14:32","[General] Version=2 [CleanRefParams] SizeX=1280 SizeY=1280 minCriteria=-2 maxCriteria=-1 minCreateMul=2 maxCreateMul=2 m","-17323"
"C:\job\Diced_10.0.4511\S1\Recipes\R2\CreateReference3dOptions.ini",".ini","415","2026-03-03 12:53","2026-03-15 14:32","[General] Version=0 Debug=0 [Registration] ReferenceRegBy=0 BigBlockRowsNumber=1000 YPartitionsNumber=3 MaxErrorPix=3 PS","-17379"
"C:\job\Diced_10.0.4511\S1\Recipes\R2\DefaultWafer2Table.ini",".ini","1119","2026-03-03 13:48","2026-03-15 14:32","[WAFER ALIGNMENT] Wafer2Table_X=          0.9999665239         0.0062689031   -107143.3696814435 Wafer2Table_Y=         ","-17323"
"C:\job\Diced_10.0.4511\S1\Recipes\R2\DieAlignment.dat_block.ini",".ini","119","2026-03-03 18:44","2026-03-15 14:32","[General] IsMultiIndex=0 DieCount=1 [Die_0] Row=0 Col=0 PosX=0.000 PosY=0.000 SizeX=4117.000 SizeY=19645.000 ","-17028"
"C:\job\Diced_10.0.4511\S1\Recipes\R2\DieMapAlignRes.dat_block.ini",".ini","119","2026-03-03 13:48","2026-03-15 14:32","[General] IsMultiIndex=0 DieCount=1 [Die_0] Row=0 Col=0 PosX=0.000 PosY=0.000 SizeX=4117.000 SizeY=19645.000 ","-17323"
"C:\job\Diced_10.0.4511\S1\Recipes\R2\ExternalCoordSystems.ini",".ini","33","2026-03-03 12:41","2026-03-15 14:32","[ExternalCoordSystems] Count=0 ","-17391"
"C:\job\Diced_10.0.4511\S1\Recipes\R2\GlobalRTP.ini",".ini","3205","2026-03-03 13:51","2026-03-15 14:32","[GLOBAL_RTP] LSL_Height=100.000000 USL_Height=140.000000 NominalHeight=120.000000 BumpType=1 CCS_Step=3.000000 CCS_Step_","-17321"
"C:\job\Diced_10.0.4511\S1\Recipes\R2\ImageProcessing.log",".log","37","2026-03-03 13:46","2026-03-15 14:32","_previouseAlignmentDataExists = 1 ","-17326"
"C:\job\Diced_10.0.4511\S1\Recipes\R2\Metadata.ini",".ini","72","2026-03-03 12:41","2026-03-15 14:32","[General] name=R1 Id=ecd7a3d7-87c8-4b99-ad53-6a0ff08506be Version=0 ","-17391"
"C:\job\Diced_10.0.4511\S1\Recipes\R2\OpticPreset.ini",".ini","2302","2026-03-03 13:59","2026-03-15 14:32","[IllumConversion] Executed=0 [General] Signature=1 [Scan2d] Id=d5ecdfdf-532b-4995-96f7-3d14b6fa5c0c FocusPosAboveChuck=3","-17313"
"C:\job\Diced_10.0.4511\S1\Recipes\R2\OverlayScan.ini",".ini","52","2026-03-03 12:41","2026-03-15 14:32","[General] Id=e915d5d2-e7f7-4891-3703-00aab9ba53f4 ","-17391"
"C:\job\Diced_10.0.4511\S1\Recipes\R2\Params_AlignRTP.ini",".ini","2982","2026-03-03 13:46","2026-03-15 14:32","[DIE Alignment] Die__MinModelSize=0 Die__MinScore=50 Die__ExtraScanLength_um=0.000000 Die__ExtraScanLength_X_um=0.000000","-17326"
"C:\job\Diced_10.0.4511\S1\Recipes\R2\Params_SystemInfo.ini",".ini","2395","2026-03-03 13:46","2026-03-15 14:32","[SystemParams] Gain=0 GainFx=0 Offset=0 Distortion=0 SizeX=1280 SizeY=1280 OffsetX=384 OffsetY=384 CameraType=3 ImageSiz","-17326"
"C:\job\Diced_10.0.4511\S1\Recipes\R2\Params_WaferInfo.ini",".ini","1391","2026-03-03 13:46","2026-03-15 14:32","[Path] SetupPath=c:\job\Diced_10.0.4511\S1\Recipes\R1\ RecipeName=R1 RecipePath=c:\job\Diced_10.0.4511\S1\Recipes\R1\ Sc","-17326"
"C:\job\Diced_10.0.4511\S1\Recipes\R2\ProductInfo.ini",".ini","3196","2026-03-03 19:02","2026-03-15 14:32","[AutoFocus] SearchUseDefault=1 ScanDelta=0 OnLimitViolationAction=0 FocusVAriationLimit=0 LimitFocusVariation=0 RetriesC","-17009"
"C:\job\Diced_10.0.4511\S1\Recipes\R2\Recipe.ini",".ini","3971","2026-03-03 17:43","2026-03-15 14:32","[AutoCycle] AutoFocusBeforeAlignment=0 ; Before Alignment AutoFocusEvery=1 ; None CleanReferenceEvery=1 ; None UnloadToA","-17089"
"C:\job\Diced_10.0.4511\S1\Recipes\R2\ReferencesInfo.json",".json","281","2026-03-03 17:43","2026-03-15 14:32","{   ""UseCleanReferenceFolder"": false,   ""PeformCleanOnPizza"": false,   ""ExcludeReferenceFromJob"": false,   ""RecipeID"": ""","-17089"
"C:\job\Diced_10.0.4511\S1\Recipes\R2\RTP.txt",".txt","5326","2026-03-03 13:51","2026-03-15 14:32","[PostProcess]   ; Zone name Alg = Warp_Direction_Calculation Inner_Radius_[Microns] = 1 ;  ( Radius of the inner circle,","-17321"
"C:\job\Diced_10.0.4511\S1\Recipes\R2\s_FrameData.dat.md",".md","2346","2026-03-03 13:48","2026-03-15 14:32","<root><RecordSize Size=""160""/><Fields><Field Name=""frameIdx"" Id=""1073741824"" Offset=""0"" Vartype=""3""/><Field Name=""xInFra","-17323"
"C:\job\Diced_10.0.4511\S1\Recipes\R2\SamplingMetrology.ini",".ini","73","2026-03-03 12:41","2026-03-15 14:32","[General] Version=0 Id=c26d8ada-247a-dc13-4998-f6563a2eea4b UseCSV=0 ","-17391"
"C:\job\Diced_10.0.4511\S1\Recipes\R2\ScanOverlapLog.txt",".txt","450","2026-03-03 19:02","2026-03-15 14:32","Scan 2d Overlap [px], [um]; Pixel size = 0.858, 0.86 Minimum             :    32,   32,   27,   27 Detection           :","-17009"
"C:\job\Diced_10.0.4511\S1\Recipes\R2\ScanOverviewImage_Recipes-R1.txt",".txt","321","2026-03-03 13:48","2026-03-15 14:32","[ScanOverviewImage] I_2_WM_X=         57.8764648438         0.0000000000    -13742.4000000000 I_2_WM_Y=          0.00000","-17323"
"C:\job\Diced_10.0.4511\S1\Recipes\R2\ScenariosMetadatas.ini",".ini","1471","2026-03-03 14:08","2026-03-15 14:32","[General] Version=1 [Scan2d] Id=d65783d2-b589-4005-a387-47cd3b398afa OpticsId=2fd4f281-4dc6-4c96-9b3d-b46c7fe771da Refer","-17304"
"C:\job\Diced_10.0.4511\S1\Recipes\R2\UniqueArea.ini",".ini","375","2026-03-03 19:01","2026-03-15 14:32","[General] Count=0 UseGMF=0 TryAllModels=0 MinTargetScore=0 ImagePreprocessorId=306a7e84-3bae-4443-bedf-ea9321f61841 [306","-17011"
"C:\job\Diced_10.0.4511\S1\Recipes\R2\Wafer2Table.ini",".ini","1119","2026-03-03 19:03","2026-03-15 14:32","[WAFER ALIGNMENT] Wafer2Table_X=          0.9999688119         0.0062668128   -107144.1471173868 Wafer2Table_Y=         ","-17009"
"C:\job\Diced_10.0.4511\S1\Recipes\R2\WaferDataReadSettings.xml",".xml","195","2026-03-03 12:41","2026-03-15 14:32","<?xml version=""1.0""?> <WaferDataReadSettings xmlns:xsi=""http://www.w3.org/2001/XMLSchema-instance"" xmlns:xsd=""http://www","-17391"
"C:\job\Diced_10.0.4511\S1\Recipes\R2\Waferinfo.ini",".ini","408","2026-03-03 19:02","2026-03-15 14:32","[Robot] Rotation=90 SideUp=1 [General] key_minarea=0 hd_cmm=False hd_alignment=True hd_scan=True hd_robot=False hd_verif","-17009"
"C:\job\Diced_10.0.4511\S1\Recipes\R2\WaferMapRecipe.ini",".ini","882","2026-03-03 13:36","2026-03-15 14:32","[GENERAL] SettingsPolicy=0 FiducialBin=-1 MappingCorner=0 [Input_Update] Enable=0 FileMask= ImportDirectory= UpdateDirec","-17336"
"C:\job\Diced_10.0.4511\S1\Recipes\R2\WaferToRefWafer.ini",".ini","171","2026-03-03 14:10","2026-03-15 14:32","[WaferToRefWafer] RW_2_SW_X=          0.9998939183         0.0125343120   -215069.5718615983 RW_2_SW_Y=         -0.01282","-17302"
"C:\job\Diced_10.0.4511\S1\Recipes\R2\zones.ini",".ini","264","2026-03-03 13:50","2026-03-15 14:32","[General] Version=11 [ALGName] 255=PostProcess 0=Scan Area [ALG] 255=PostProcess 0=Surface [BinCodes] 255=-1 0=-1 [Color","-17322"
"C:\job\Diced_10.0.4511\S1\Recipes\R2\zones.txt",".txt","170","2026-03-03 13:50","2026-03-15 14:32","ScaleX =    1.0000000000; ScaleY =    1.0000000000   RefID       X        Y  Zone Count      Shape Data       1   2058.0","-17322"
"C:\job\Diced_10.0.4511\S1\Recipes\R2\ZoomLevels.ini",".ini","354","2026-03-03 13:43","2026-03-15 14:32","[ZOOM_LEVELS] LEVEL_1=1 SaveCompressed=0 LEVEL_2=1 LEVEL_4=1 LEVEL_8=1 LEVEL_16=1 LEVEL_32=1 [LEVEL_1] SizeX=4116 SizeY=","-17329"
"C:\job\Diced_10.0.4511\S1\Recipes\R2\.dc_cache\TransactionsHistory.ini",".ini","462","2026-03-03 18:43","2026-03-15 14:32","[DeprecatedInV0] Namespace.RuntimeEntities.RecipePartsCollection_Runtime|RecipePartsCollection|CleanReferenceParams=1 Na","-17029"
"C:\job\Diced_10.0.4511\S1\Recipes\R2\FocusMapping\DieReferenceLocation.json",".json","4","2026-03-03 18:43","2026-03-15 14:32","null","-17029"
"C:\job\Diced_10.0.4511\S1\Recipes\R2\FocusMapping\FocusMapping.ini",".ini","2537","2026-03-03 18:44","2026-03-15 14:32","[Mode] AutoFocusRange=100 CreateSurfaceScore=Good MinMatchModelScore=Good DurationOfOneSite=3 NumOfDiceToScan=15 Resolut","-17028"
"C:\job\Diced_10.0.4511\S1\Recipes\R2\OpticLightMetadata\config.ini",".ini","292","2026-03-03 19:02","2026-03-15 14:32","[General] NominalDelta=0.000000000 Exist=0 targetPos_X=0.000000000 targetPos_Y=0.000000000 minY=0.000000000 minX=0.00000","-17009"
"C:\job\Diced_10.0.4511\S1\Recipes\R2\ReferenceBackup\ZoomLevels.ini",".ini","354","2026-03-03 13:43","2026-03-15 14:32","[ZOOM_LEVELS] LEVEL_1=1 SaveCompressed=0 LEVEL_2=1 LEVEL_4=1 LEVEL_8=1 LEVEL_16=1 LEVEL_32=1 [LEVEL_1] SizeX=4116 SizeY=","-17329"
"C:\job\Diced_10.0.4511\S1\Recipes\R2\SW_QA-5\OpticsPreset.ini",".ini","109","2026-03-03 12:49","2026-03-15 14:32","[RobotSetup] Name=PD_8_106448_ARC.cfg [Chuck] CenterX=158684.0625 CenterY=138935.140625 CenterZ=-377.3 ","-17383"
"C:\job\Diced_10.0.4511\S1\Recipes\R2\TrainData\Die.ini",".ini","1080","2026-03-03 13:43","2026-03-15 14:32","[DIE] PixelSize_X=0.857650914714166 PixelSize_Y=0.857650914714166 FrameSizeX=1280 FrameSizeY=1280 Step_X=3708 Step_Y=169","-17329"
"C:\job\Diced_10.0.4511\S1\Recipes\R2\TrainData\DieRefToTrain.txt",".txt","206","2026-03-03 13:42","2026-03-15 14:32","[DieRefToTrainImage] DR_2_TI_X=1 0 1114.36704139293 DR_2_TI_Y=0 1 1120.96597481518 DR_2_TI_Theta=0.0000000 DR_2_TI_Gamma","-17329"
"C:\job\Diced_10.0.4511\S1\Recipes\R2\TrainData\FrameToChuck.ini",".ini","160","2026-03-03 13:41","2026-03-15 14:32","[FrameToChuck] F2C_X=          0.8576508809         0.0002406744      -549.0505954039 F2C_Y=         -0.0002406744      ","-17331"
"C:\job\Diced_10.0.4511\S1\Recipes\R2\TrainData\DieImage\DieImageToTable.ini",".ini","253","2026-03-03 13:42","2026-03-15 14:32","[DieImageToTable] I2T_X=0.857636017024815 0.00505507782893001 -2571.21898480672 I2T_Y=-0.00505507782893001 0.85763601702","-17330"
"C:\job\Diced_10.0.4511\S1\Recipes\R2\TrainData\DieImage\ZoomLevels.ini",".ini","360","2026-03-03 13:41","2026-03-15 14:32","[ZOOM_LEVELS] LEVEL_1=1 SaveCompressed=0 LEVEL_2=0 LEVEL_4=0 LEVEL_8=0 LEVEL_16=0 LEVEL_32=0 LEVEL_64=0 [LEVEL_1] SizeX=","-17331"
"C:\job\Diced_10.0.4511\S1\Recipes\R2\WaferAlignData\Alignment_PatFindRtp.txt",".txt","742","2026-03-03 17:43","2026-03-15 14:32"," [17:43:24 03/03/26] Minimum Score           :  85    Minimum Start        :  90    Reduce Delta         :  10 Minimum T","-17089"
"C:\job\Diced_10.0.4511\S1\Recipes\R2\WaferAlignData\Alignment_PatRes.txt",".txt","1301","2026-03-03 17:43","2026-03-15 14:32"," [17:43:24 03/03/26] ==========================================================================================  #    Co","-17089"
"C:\job\Diced_10.0.4511\S1\Recipes\R2\WaferAlignData\Alignment_Stat.txt",".txt","1410","2026-03-03 17:43","2026-03-15 14:32","  [17:43:24 03/03/26] ==================================================================================================","-17089"
"C:\job\Diced_10.0.4511\S1\Recipes\R2\WaferAlignData\AlignmentData.ini",".ini","32","2026-03-03 17:43","2026-03-15 14:32","[General] AlignmentTime=11732 ","-17089"
"C:\job\Diced_10.0.4511\S1\Recipes\R2\WaferAlignData\AlignmentStatisticsTime.txt",".txt","168","2026-03-03 17:43","2026-03-15 14:32","Alignment Statistics Grabbing Counter=8 Total=2768 Average=346.000000 Moving Counter=8 Total=3091 Average=386.375000 Mov","-17089"
"C:\job\Diced_10.0.4511\S1\Recipes\R2\Zones\PostProcess.ini",".ini","2576","2026-03-03 13:51","2026-03-15 14:32","[General] ZoneName=PostProcess ZoneID=255 TypeName=PostProcess AutoTH=0 AutoProbe=0 [Warp Direction Calculation] Enable=","-17321"
"C:\job\Diced_10.0.4511\S1\Recipes\R2\Zones\Scan Area.ini",".ini","5706","2026-03-03 13:51","2026-03-15 14:32","[General] ZoneName=Scan Area ZoneID=63 TypeName=Surface AutoTH=0 AutoProbe=0 [Surface] Enable=1 AlgorithmName=Surface Cl","-17321"
"C:\job\MPW_From_cad\MetaData.ini",".ini","45","2026-03-25 22:37","2026-05-17 11:11","[General] JobStructureVersion=0.3 JobTag= ","-75634"
"C:\job\MPW_From_cad\.audit\manifest.json",".json","406","2026-05-17 11:11","2026-05-17 11:11","{   ""jobName"": ""MPW_From_cad"",   ""auditDbVersion"": ""1"",   ""created"": {     ""machine"": ""AMITA1"",     ""at"": ""2026-05-17T08","1"
"C:\job\MPW_From_cad\300mm\DefectsClustering.ini",".ini","236","2026-04-13 16:22","2026-05-17 11:11","[General] Enabled=0 ClusteringAfterMerge=0 Distance=0 SelectedFirstSortingList=Priority SelectedSecondSortingList=Area S","-48649"
"C:\job\MPW_From_cad\300mm\DieAlignment.dat_block.ini",".ini","6942","2026-04-13 16:29","2026-05-17 11:11","[General] IsMultiIndex=0 DieCount=81 [Die_0] Row=0 Col=0 PosX=0.000 PosY=0.000 SizeX=1244.000 SizeY=1244.000 [Die_1] Row","-48642"
"C:\job\MPW_From_cad\300mm\MetaData.ini",".ini","32","2026-04-13 16:12","2026-05-17 11:11","[General] LastActiveRecipe=x5 ","-48659"
"C:\job\MPW_From_cad\300mm\MultiRecipe.ini",".ini","128","2026-04-13 16:12","2026-05-17 11:11","[Scan] recipe_1=0,x5,,,,, MergingThreadCount=0 doSeparateRecipe=0 DoGrabAfterMerge=0 Recipes=0, [General] Version=1.0.0 ","-48659"
"C:\job\MPW_From_cad\300mm\ProductionInfo.ini",".ini","61","2026-04-13 16:27","2026-05-17 11:11","[SECSGEM] UserData= PredefinedLotId=0 PredefinedWaferId= ","-48643"
"C:\job\MPW_From_cad\300mm\Recipes\x5\Alignment.ini",".ini","53","2026-04-13 16:28","2026-05-17 11:11","[WAFER ALIGNMENT] CoarseAlignDone=1 Rotate  w2t=0 ","-48643"
"C:\job\MPW_From_cad\300mm\Recipes\x5\AlignmentData.ini",".ini","849","2026-04-13 16:23","2026-05-17 11:11","[General] MinScore=85 MinTargetScore=0 PreprocessTargetImage=1 AlignPointsNum=8 IsAffineEnabled=1 ForceToGMF=0 [Point_0]","-48648"
"C:\job\MPW_From_cad\300mm\Recipes\x5\AlignRTP.ini",".ini","2946","2026-04-13 16:28","2026-05-17 11:11","[DIE Alignment] Die__MinModelSize=32 Die__MinScore=85 Die__ExtraScanLength_um=0.000000 Die__ExtraScanLength_X_um=0.00000","-48643"
"C:\job\MPW_From_cad\300mm\Recipes\x5\AQL.ini",".ini","512","2026-04-13 16:24","2026-05-17 11:11","[General] ckWaferAql2=0 optRandom-1=False optRandom-0=False ckWaferAql=0 fpRandomDice=1.0 fpWaferYield-2=1.0 txSlotListD","-48646"
"C:\job\MPW_From_cad\300mm\Recipes\x5\CleanReferenceFinalParams.ini",".ini","1106","2026-04-13 16:17","2026-05-17 11:11","[General] Version=2 [CleanRefParams] SizeX=2048 SizeY=2048 minCriteria=-2 maxCriteria=-1 minCreateMul=2 maxCreateMul=2 m","-48654"
"C:\job\MPW_From_cad\300mm\Recipes\x5\CreateReference3dOptions.ini",".ini","415","2026-04-13 16:12","2026-05-17 11:11","[General] Version=0 Debug=0 [Registration] ReferenceRegBy=4 BigBlockRowsNumber=1000 YPartitionsNumber=3 MaxErrorPix=3 PS","-48659"
"C:\job\MPW_From_cad\300mm\Recipes\x5\DefaultWafer2Table.ini",".ini","1131","2026-04-13 16:15","2026-05-17 11:11","[WAFER ALIGNMENT] Wafer2Table_X=          0.9999917780        -0.0004987559   -170133.2365710408 Wafer2Table_Y=         ","-48656"
"C:\job\MPW_From_cad\300mm\Recipes\x5\DiceInstances.xml",".xml","30001","2026-04-13 16:12","2026-05-17 11:11","<?xml version=""1.0""?> <DiceInstancesInBlock xmlns:xsd=""http://www.w3.org/2001/XMLSchema"" xmlns:xsi=""http://www.w3.org/20","-48659"
"C:\job\MPW_From_cad\300mm\Recipes\x5\ExternalCoordSystems.ini",".ini","33","2026-04-13 16:12","2026-05-17 11:11","[ExternalCoordSystems] Count=0 ","-48659"
"C:\job\MPW_From_cad\300mm\Recipes\x5\GlobalRTP.ini",".ini","3205","2026-04-13 16:22","2026-05-17 11:11","[GLOBAL_RTP] LSL_Height=100.000000 USL_Height=140.000000 NominalHeight=120.000000 BumpType=1 CCS_Step=3.000000 CCS_Step_","-48649"
"C:\job\MPW_From_cad\300mm\Recipes\x5\OpticPreset.ini",".ini","795","2026-04-13 16:12","2026-05-17 11:11","[IllumConversion] Executed=0 [General] Signature=1 [Scan2d] Id=70f7be11-9f6b-4536-9166-7b0b7d99e63c FocusPosAboveChuck=7","-48658"
"C:\job\MPW_From_cad\300mm\Recipes\x5\OpticToVCamStorage.json",".json","360","2026-04-13 16:29","2026-05-17 11:11","[   {     ""OpticId"": ""70f7be11-9f6b-4536-9166-7b0b7d99e63c"",     ""Scenario"": ""Scan"",     ""IsAutoFocus"": false,     ""Stor","-48642"
"C:\job\MPW_From_cad\300mm\Recipes\x5\ProductInfo.ini",".ini","5618","2026-04-13 16:29","2026-05-17 11:11","[GENERAL] ExportFlatPos=0 Mag=5.000000 InkDotMag=-1.000000 TNERegistrationScanMag=1.000000 CleanRefX=128.000000 CleanRef","-48641"
"C:\job\MPW_From_cad\300mm\Recipes\x5\Recipe.ini",".ini","4934","2026-04-13 16:12","2026-05-17 11:11","[AutoCycle] AutoFocusEvery=1 ; None CleanReferenceEvery=1 ; None UnloadToAnotherCassette=0 ; Move wafers from Loadport A","-48659"
"C:\job\MPW_From_cad\300mm\Recipes\x5\ReferencesInfo.json",".json","240","2026-04-13 16:17","2026-05-17 11:11","{   ""UseCleanReferenceFolder"": false,   ""PeformCleanOnPizza"": false,   ""ExcludeReferenceFromJob"": false,   ""RecipeID"": ""","-48653"
"C:\job\MPW_From_cad\300mm\Recipes\x5\RTP.txt",".txt","5537","2026-04-13 16:22","2026-05-17 11:11","[PostProcess]   ; Zone name Alg = Warp_Direction_Calculation Inner_Radius_[Microns] = 1 ;  ( Radius of the inner circle,","-48649"
"C:\job\MPW_From_cad\300mm\Recipes\x5\ScanOverlapLog.txt",".txt","450","2026-04-13 16:28","2026-05-17 11:11","Scan 2d Overlap [px], [um]; Pixel size = 1.689, 1.69 Minimum             :    32,   32,   54,   54 Detection           :","-48643"
"C:\job\MPW_From_cad\300mm\Recipes\x5\ScenariosMetadatas.ini",".ini","261","2026-04-13 16:16","2026-05-17 11:11","[General] Version=1 [Scan2d] Id=5988b94c-ada9-d5e7-d0ad-e402bcf6321d OpticsId=70f7be11-9f6b-4536-9166-7b0b7d99e63c Refer","-48655"
"C:\job\MPW_From_cad\300mm\Recipes\x5\UniqueArea.ini",".ini","20","2026-04-13 16:12","2026-05-17 11:11","[General] Count=0 ","-48659"
"C:\job\MPW_From_cad\300mm\Recipes\x5\Wafer2Table.ini",".ini","1131","2026-04-13 16:28","2026-05-17 11:11","[WAFER ALIGNMENT] Wafer2Table_X=          0.9999913901        -0.0003975197   -170184.0618754514 Wafer2Table_Y=         ","-48643"
"C:\job\MPW_From_cad\300mm\Recipes\x5\WaferDataReadSettings.xml",".xml","195","2026-04-13 16:12","2026-05-17 11:11","<?xml version=""1.0""?> <WaferDataReadSettings xmlns:xsi=""http://www.w3.org/2001/XMLSchema-instance"" xmlns:xsd=""http://www","-48659"
"C:\job\MPW_From_cad\300mm\Recipes\x5\Waferinfo.ini",".ini","670","2026-04-13 16:27","2026-05-17 11:11","[Robot] Rotation=0 SideUp=1 [General] key_minarea=0 hd_cmm=False hd_alignment=True hd_scan=True hd_robot=True hd_verific","-48643"
"C:\job\MPW_From_cad\300mm\Recipes\x5\WaferMapRecipe.ini",".ini","865","2026-04-13 16:12","2026-05-17 11:11","[GENERAL] SettingsPolicy=0 FiducialBin=-1 [Input_Update] Enable=0 FileMask= ImportDirectory= UpdateDirectory= AutoMatchE","-48659"
"C:\job\MPW_From_cad\300mm\Recipes\x5\Zones.ini",".ini","262","2026-04-13 16:21","2026-05-17 11:11","[ALGName] 255=PostProcess 0=ScanArea [ALG] 255=PostProcess 0=Surface [BinCodes] 255=-1 0=-1 [Color Name] 255=#FFFFFF 0= ","-48649"
"C:\job\MPW_From_cad\300mm\Recipes\x5\ZoomLevels.ini",".ini","361","2026-04-13 16:13","2026-05-17 11:11","[DIE] Step_X=11193.3573 Step_Y=11193.3573 [ZOOM_LEVELS] LEVEL_1=1 LEVEL_2=1 LEVEL_4=1 LEVEL_8=1 LEVEL_16=1 SaveCompresse","-48658"
"C:\job\MPW_From_cad\300mm\Recipes\x5\.dc_cache\TransactionsHistory.ini",".ini","120","2026-04-13 16:15","2026-05-17 11:11","[DeprecatedInV0] Namespace.RuntimeEntities.RecipePartsCollection_Runtime|RecipePartsCollection|CleanReferenceParams=1 ","-48656"
"C:\job\MPW_From_cad\300mm\Recipes\x5\Die_1\DieMapRegPos.txt",".txt","110","2026-04-13 16:12","2026-05-17 11:11","ScaleX =    1.0000000000; ScaleY =    1.0000000000   RefID       X        Y  Zone Count      Shape Data ","-48659"
"C:\job\MPW_From_cad\300mm\Recipes\x5\Die_1\DieRegPos.txt",".txt","110","2026-04-13 16:12","2026-05-17 11:11","ScaleX =    1.0000000000; ScaleY =    1.0000000000   RefID       X        Y  Zone Count      Shape Data ","-48659"
"C:\job\MPW_From_cad\300mm\Recipes\x5\Die_1\DieRegPosInCad.txt",".txt","0","2026-04-13 16:12","2026-05-17 11:11","","-48659"
"C:\job\MPW_From_cad\300mm\Recipes\x5\Die_1\Zones.ini",".ini","23","2026-04-13 16:21","2026-05-17 11:11","[General] Version=11 ","-48650"
"C:\job\MPW_From_cad\300mm\Recipes\x5\Die_1\zones.txt",".txt","170","2026-04-13 16:21","2026-05-17 11:11","ScaleX =    1.0000000000; ScaleY =    1.0000000000   RefID       X        Y  Zone Count      Shape Data       1    621.5","-48650"
"C:\job\MPW_From_cad\300mm\Recipes\x5\Die_1\zonesInCad.txt",".txt","0","2026-04-13 16:12","2026-05-17 11:11","","-48659"
"C:\job\MPW_From_cad\300mm\Recipes\x5\Die_1\ZoomLevels.ini",".ini","123","2026-04-13 16:13","2026-05-17 11:11","[ZOOM_LEVELS] LEVEL_1=1 SaveCompressed=0 LEVEL_2=1 [LEVEL_1] SizeX=1243 SizeY=1243 [LEVEL_2] SizeX=621 SizeY=621 ","-48658"
"C:\job\MPW_From_cad\300mm\Recipes\x5\Die_1\ReferenceBackup\ZoomLevels.ini",".ini","79","2026-04-13 16:12","2026-05-17 11:11","[ZOOM_LEVELS] LEVEL_1=1 SaveCompressed=0 [LEVEL_1] SizeX=1243 SizeY=1243 ","-48659"
"C:\job\MPW_From_cad\300mm\Recipes\x5\Die_10\DieMapRegPos.txt",".txt","110","2026-04-13 16:12","2026-05-17 11:11","ScaleX =    1.0000000000; ScaleY =    1.0000000000   RefID       X        Y  Zone Count      Shape Data ","-48659"
"C:\job\MPW_From_cad\300mm\Recipes\x5\Die_10\DieRegPos.txt",".txt","110","2026-04-13 16:12","2026-05-17 11:11","ScaleX =    1.0000000000; ScaleY =    1.0000000000   RefID       X        Y  Zone Count      Shape Data ","-48659"
"C:\job\MPW_From_cad\300mm\Recipes\x5\Die_10\DieRegPosInCad.txt",".txt","0","2026-04-13 16:12","2026-05-17 11:11","","-48659"
"C:\job\MPW_From_cad\300mm\Recipes\x5\Die_10\Zones.ini",".ini","23","2026-04-13 16:21","2026-05-17 11:11","[General] Version=11 ","-48650"
"C:\job\MPW_From_cad\300mm\Recipes\x5\Die_10\zones.txt",".txt","170","2026-04-13 16:21","2026-05-17 11:11","ScaleX =    1.0000000000; ScaleY =    1.0000000000   RefID       X        Y  Zone Count      Shape Data       1    621.5","-48650"
"C:\job\MPW_From_cad\300mm\Recipes\x5\Die_10\zonesInCad.txt",".txt","0","2026-04-13 16:12","2026-05-17 11:11","","-48659"
"C:\job\MPW_From_cad\300mm\Recipes\x5\Die_10\ZoomLevels.ini",".ini","123","2026-04-13 16:13","2026-05-17 11:11","[ZOOM_LEVELS] LEVEL_1=1 SaveCompressed=0 LEVEL_2=1 [LEVEL_1] SizeX=1243 SizeY=1243 [LEVEL_2] SizeX=621 SizeY=621 ","-48658"
"C:\job\MPW_From_cad\300mm\Recipes\x5\Die_10\ReferenceBackup\ZoomLevels.ini",".ini","79","2026-04-13 16:12","2026-05-17 11:11","[ZOOM_LEVELS] LEVEL_1=1 SaveCompressed=0 [LEVEL_1] SizeX=1243 SizeY=1243 ","-48659"
"C:\job\MPW_From_cad\300mm\Recipes\x5\Die_11\DieMapRegPos.txt",".txt","110","2026-04-13 16:12","2026-05-17 11:11","ScaleX =    1.0000000000; ScaleY =    1.0000000000   RefID       X        Y  Zone Count      Shape Data ","-48659"
"C:\job\MPW_From_cad\300mm\Recipes\x5\Die_11\DieRegPos.txt",".txt","110","2026-04-13 16:12","2026-05-17 11:11","ScaleX =    1.0000000000; ScaleY =    1.0000000000   RefID       X        Y  Zone Count      Shape Data ","-48659"
"C:\job\MPW_From_cad\300mm\Recipes\x5\Die_11\DieRegPosInCad.txt",".txt","0","2026-04-13 16:12","2026-05-17 11:11","","-48659"
"C:\job\MPW_From_cad\300mm\Recipes\x5\Die_11\Zones.ini",".ini","23","2026-04-13 16:21","2026-05-17 11:11","[General] Version=11 ","-48650"
"C:\job\MPW_From_cad\300mm\Recipes\x5\Die_11\zones.txt",".txt","170","2026-04-13 16:21","2026-05-17 11:11","ScaleX =    1.0000000000; ScaleY =    1.0000000000   RefID       X        Y  Zone Count      Shape Data       1    621.5","-48650"
"C:\job\MPW_From_cad\300mm\Recipes\x5\Die_11\zonesInCad.txt",".txt","0","2026-04-13 16:12","2026-05-17 11:11","","-48659"
"C:\job\MPW_From_cad\300mm\Recipes\x5\Die_11\ZoomLevels.ini",".ini","123","2026-04-13 16:13","2026-05-17 11:11","[ZOOM_LEVELS] LEVEL_1=1 SaveCompressed=0 LEVEL_2=1 [LEVEL_1] SizeX=1243 SizeY=1243 [LEVEL_2] SizeX=621 SizeY=621 ","-48658"
"C:\job\MPW_From_cad\300mm\Recipes\x5\Die_11\ReferenceBackup\ZoomLevels.ini",".ini","79","2026-04-13 16:12","2026-05-17 11:11","[ZOOM_LEVELS] LEVEL_1=1 SaveCompressed=0 [LEVEL_1] SizeX=1243 SizeY=1243 ","-48659"
"C:\job\MPW_From_cad\300mm\Recipes\x5\Die_12\DieMapRegPos.txt",".txt","110","2026-04-13 16:12","2026-05-17 11:11","ScaleX =    1.0000000000; ScaleY =    1.0000000000   RefID       X        Y  Zone Count      Shape Data ","-48659"
"C:\job\MPW_From_cad\300mm\Recipes\x5\Die_12\DieRegPos.txt",".txt","110","2026-04-13 16:12","2026-05-17 11:11","ScaleX =    1.0000000000; ScaleY =    1.0000000000   RefID       X        Y  Zone Count      Shape Data ","-48659"
"C:\job\MPW_From_cad\300mm\Recipes\x5\Die_12\DieRegPosInCad.txt",".txt","0","2026-04-13 16:12","2026-05-17 11:11","","-48659"
"C:\job\MPW_From_cad\300mm\Recipes\x5\Die_12\Zones.ini",".ini","23","2026-04-13 16:21","2026-05-17 11:11","[General] Version=11 ","-48650"
"C:\job\MPW_From_cad\300mm\Recipes\x5\Die_12\zones.txt",".txt","170","2026-04-13 16:21","2026-05-17 11:11","ScaleX =    1.0000000000; ScaleY =    1.0000000000   RefID       X        Y  Zone Count      Shape Data       1    621.5","-48650"
"C:\job\MPW_From_cad\300mm\Recipes\x5\Die_12\zonesInCad.txt",".txt","0","2026-04-13 16:12","2026-05-17 11:11","","-48659"
"C:\job\MPW_From_cad\300mm\Recipes\x5\Die_12\ZoomLevels.ini",".ini","123","2026-04-13 16:13","2026-05-17 11:11","[ZOOM_LEVELS] LEVEL_1=1 SaveCompressed=0 LEVEL_2=1 [LEVEL_1] SizeX=1243 SizeY=1243 [LEVEL_2] SizeX=621 SizeY=621 ","-48658"
"C:\job\MPW_From_cad\300mm\Recipes\x5\Die_12\ReferenceBackup\ZoomLevels.ini",".ini","79","2026-04-13 16:12","2026-05-17 11:11","[ZOOM_LEVELS] LEVEL_1=1 SaveCompressed=0 [LEVEL_1] SizeX=1243 SizeY=1243 ","-48659"
"C:\job\MPW_From_cad\300mm\Recipes\x5\Die_13\DieMapRegPos.txt",".txt","110","2026-04-13 16:12","2026-05-17 11:11","ScaleX =    1.0000000000; ScaleY =    1.0000000000   RefID       X        Y  Zone Count      Shape Data ","-48659"
"C:\job\MPW_From_cad\300mm\Recipes\x5\Die_13\DieRegPos.txt",".txt","110","2026-04-13 16:12","2026-05-17 11:11","ScaleX =    1.0000000000; ScaleY =    1.0000000000   RefID       X        Y  Zone Count      Shape Data ","-48659"
"C:\job\MPW_From_cad\300mm\Recipes\x5\Die_13\DieRegPosInCad.txt",".txt","0","2026-04-13 16:12","2026-05-17 11:11","","-48659"
"C:\job\MPW_From_cad\300mm\Recipes\x5\Die_13\Zones.ini",".ini","23","2026-04-13 16:21","2026-05-17 11:11","[General] Version=11 ","-48650"
"C:\job\MPW_From_cad\300mm\Recipes\x5\Die_13\zones.txt",".txt","170","2026-04-13 16:21","2026-05-17 11:11","ScaleX =    1.0000000000; ScaleY =    1.0000000000   RefID       X        Y  Zone Count      Shape Data       1    621.5","-48650"
"C:\job\MPW_From_cad\300mm\Recipes\x5\Die_13\zonesInCad.txt",".txt","0","2026-04-13 16:12","2026-05-17 11:11","","-48659"
"C:\job\MPW_From_cad\300mm\Recipes\x5\Die_13\ZoomLevels.ini",".ini","123","2026-04-13 16:13","2026-05-17 11:11","[ZOOM_LEVELS] LEVEL_1=1 SaveCompressed=0 LEVEL_2=1 [LEVEL_1] SizeX=1243 SizeY=1243 [LEVEL_2] SizeX=621 SizeY=621 ","-48658"
"C:\job\MPW_From_cad\300mm\Recipes\x5\Die_13\ReferenceBackup\ZoomLevels.ini",".ini","79","2026-04-13 16:12","2026-05-17 11:11","[ZOOM_LEVELS] LEVEL_1=1 SaveCompressed=0 [LEVEL_1] SizeX=1243 SizeY=1243 ","-48659"
"C:\job\MPW_From_cad\300mm\Recipes\x5\Die_14\DieMapRegPos.txt",".txt","110","2026-04-13 16:12","2026-05-17 11:11","ScaleX =    1.0000000000; ScaleY =    1.0000000000   RefID       X        Y  Zone Count      Shape Data ","-48659"
"C:\job\MPW_From_cad\300mm\Recipes\x5\Die_14\DieRegPos.txt",".txt","110","2026-04-13 16:12","2026-05-17 11:11","ScaleX =    1.0000000000; ScaleY =    1.0000000000   RefID       X        Y  Zone Count      Shape Data ","-48659"
"C:\job\MPW_From_cad\300mm\Recipes\x5\Die_14\DieRegPosInCad.txt",".txt","0","2026-04-13 16:12","2026-05-17 11:11","","-48659"
"C:\job\MPW_From_cad\300mm\Recipes\x5\Die_14\Zones.ini",".ini","23","2026-04-13 16:21","2026-05-17 11:11","[General] Version=11 ","-48650"
"C:\job\MPW_From_cad\300mm\Recipes\x5\Die_14\zones.txt",".txt","170","2026-04-13 16:21","2026-05-17 11:11","ScaleX =    1.0000000000; ScaleY =    1.0000000000   RefID       X        Y  Zone Count      Shape Data       1    621.5","-48650"
"C:\job\MPW_From_cad\300mm\Recipes\x5\Die_14\zonesInCad.txt",".txt","0","2026-04-13 16:12","2026-05-17 11:11","","-48659"
"C:\job\MPW_From_cad\300mm\Recipes\x5\Die_14\ZoomLevels.ini",".ini","123","2026-04-13 16:13","2026-05-17 11:11","[ZOOM_LEVELS] LEVEL_1=1 SaveCompressed=0 LEVEL_2=1 [LEVEL_1] SizeX=1243 SizeY=1243 [LEVEL_2] SizeX=621 SizeY=621 ","-48658"
"C:\job\MPW_From_cad\300mm\Recipes\x5\Die_14\ReferenceBackup\ZoomLevels.ini",".ini","79","2026-04-13 16:12","2026-05-17 11:11","[ZOOM_LEVELS] LEVEL_1=1 SaveCompressed=0 [LEVEL_1] SizeX=1243 SizeY=1243 ","-48659"
"C:\job\MPW_From_cad\300mm\Recipes\x5\Die_15\DieMapRegPos.txt",".txt","110","2026-04-13 16:12","2026-05-17 11:11","ScaleX =    1.0000000000; ScaleY =    1.0000000000   RefID       X        Y  Zone Count      Shape Data ","-48659"
"C:\job\MPW_From_cad\300mm\Recipes\x5\Die_15\DieRegPos.txt",".txt","110","2026-04-13 16:12","2026-05-17 11:11","ScaleX =    1.0000000000; ScaleY =    1.0000000000   RefID       X        Y  Zone Count      Shape Data ","-48659"
"C:\job\MPW_From_cad\300mm\Recipes\x5\Die_15\DieRegPosInCad.txt",".txt","0","2026-04-13 16:12","2026-05-17 11:11","","-48659"
"C:\job\MPW_From_cad\300mm\Recipes\x5\Die_15\Zones.ini",".ini","23","2026-04-13 16:21","2026-05-17 11:11","[General] Version=11 ","-48650"
"C:\job\MPW_From_cad\300mm\Recipes\x5\Die_15\zones.txt",".txt","170","2026-04-13 16:21","2026-05-17 11:11","ScaleX =    1.0000000000; ScaleY =    1.0000000000   RefID       X        Y  Zone Count      Shape Data       1    621.5","-48650"
"C:\job\MPW_From_cad\300mm\Recipes\x5\Die_15\zonesInCad.txt",".txt","0","2026-04-13 16:12","2026-05-17 11:11","","-48659"
"C:\job\MPW_From_cad\300mm\Recipes\x5\Die_15\ZoomLevels.ini",".ini","123","2026-04-13 16:13","2026-05-17 11:11","[ZOOM_LEVELS] LEVEL_1=1 SaveCompressed=0 LEVEL_2=1 [LEVEL_1] SizeX=1243 SizeY=1243 [LEVEL_2] SizeX=621 SizeY=621 ","-48658"
"C:\job\MPW_From_cad\300mm\Recipes\x5\Die_15\ReferenceBackup\ZoomLevels.ini",".ini","79","2026-04-13 16:12","2026-05-17 11:11","[ZOOM_LEVELS] LEVEL_1=1 SaveCompressed=0 [LEVEL_1] SizeX=1243 SizeY=1243 ","-48659"
"C:\job\MPW_From_cad\300mm\Recipes\x5\Die_16\DieMapRegPos.txt",".txt","110","2026-04-13 16:12","2026-05-17 11:11","ScaleX =    1.0000000000; ScaleY =    1.0000000000   RefID       X        Y  Zone Count      Shape Data ","-48659"
"C:\job\MPW_From_cad\300mm\Recipes\x5\Die_16\DieRegPos.txt",".txt","110","2026-04-13 16:12","2026-05-17 11:11","ScaleX =    1.0000000000; ScaleY =    1.0000000000   RefID       X        Y  Zone Count      Shape Data ","-48659"
"C:\job\MPW_From_cad\300mm\Recipes\x5\Die_16\DieRegPosInCad.txt",".txt","0","2026-04-13 16:12","2026-05-17 11:11","","-48659"
"C:\job\MPW_From_cad\300mm\Recipes\x5\Die_16\Zones.ini",".ini","23","2026-04-13 16:21","2026-05-17 11:11","[General] Version=11 ","-48650"
"C:\job\MPW_From_cad\300mm\Recipes\x5\Die_16\zones.txt",".txt","170","2026-04-13 16:21","2026-05-17 11:11","ScaleX =    1.0000000000; ScaleY =    1.0000000000   RefID       X        Y  Zone Count      Shape Data       1    621.5","-48650"
"C:\job\MPW_From_cad\300mm\Recipes\x5\Die_16\zonesInCad.txt",".txt","0","2026-04-13 16:12","2026-05-17 11:11","","-48659"
"C:\job\MPW_From_cad\300mm\Recipes\x5\Die_16\ZoomLevels.ini",".ini","123","2026-04-13 16:13","2026-05-17 11:11","[ZOOM_LEVELS] LEVEL_1=1 SaveCompressed=0 LEVEL_2=1 [LEVEL_1] SizeX=1243 SizeY=1243 [LEVEL_2] SizeX=621 SizeY=621 ","-48658"
"C:\job\MPW_From_cad\300mm\Recipes\x5\Die_16\ReferenceBackup\ZoomLevels.ini",".ini","79","2026-04-13 16:12","2026-05-17 11:11","[ZOOM_LEVELS] LEVEL_1=1 SaveCompressed=0 [LEVEL_1] SizeX=1243 SizeY=1243 ","-48659"
"C:\job\MPW_From_cad\300mm\Recipes\x5\Die_17\DieMapRegPos.txt",".txt","110","2026-04-13 16:12","2026-05-17 11:11","ScaleX =    1.0000000000; ScaleY =    1.0000000000   RefID       X        Y  Zone Count      Shape Data ","-48659"
"C:\job\MPW_From_cad\300mm\Recipes\x5\Die_17\DieRegPos.txt",".txt","110","2026-04-13 16:12","2026-05-17 11:11","ScaleX =    1.0000000000; ScaleY =    1.0000000000   RefID       X        Y  Zone Count      Shape Data ","-48659"
"C:\job\MPW_From_cad\300mm\Recipes\x5\Die_17\DieRegPosInCad.txt",".txt","0","2026-04-13 16:12","2026-05-17 11:11","","-48659"
"C:\job\MPW_From_cad\300mm\Recipes\x5\Die_17\Zones.ini",".ini","23","2026-04-13 16:21","2026-05-17 11:11","[General] Version=11 ","-48650"
"C:\job\MPW_From_cad\300mm\Recipes\x5\Die_17\zones.txt",".txt","170","2026-04-13 16:21","2026-05-17 11:11","ScaleX =    1.0000000000; ScaleY =    1.0000000000   RefID       X        Y  Zone Count      Shape Data       1    621.5","-48650"
"C:\job\MPW_From_cad\300mm\Recipes\x5\Die_17\zonesInCad.txt",".txt","0","2026-04-13 16:12","2026-05-17 11:11","","-48659"
"C:\job\MPW_From_cad\300mm\Recipes\x5\Die_17\ZoomLevels.ini",".ini","123","2026-04-13 16:13","2026-05-17 11:11","[ZOOM_LEVELS] LEVEL_1=1 SaveCompressed=0 LEVEL_2=1 [LEVEL_1] SizeX=1243 SizeY=1243 [LEVEL_2] SizeX=621 SizeY=621 ","-48658"
"C:\job\MPW_From_cad\300mm\Recipes\x5\Die_17\ReferenceBackup\ZoomLevels.ini",".ini","79","2026-04-13 16:12","2026-05-17 11:11","[ZOOM_LEVELS] LEVEL_1=1 SaveCompressed=0 [LEVEL_1] SizeX=1243 SizeY=1243 ","-48659"
"C:\job\MPW_From_cad\300mm\Recipes\x5\Die_18\DieMapRegPos.txt",".txt","110","2026-04-13 16:12","2026-05-17 11:11","ScaleX =    1.0000000000; ScaleY =    1.0000000000   RefID       X        Y  Zone Count      Shape Data ","-48659"
"C:\job\MPW_From_cad\300mm\Recipes\x5\Die_18\DieRegPos.txt",".txt","110","2026-04-13 16:12","2026-05-17 11:11","ScaleX =    1.0000000000; ScaleY =    1.0000000000   RefID       X        Y  Zone Count      Shape Data ","-48659"
"C:\job\MPW_From_cad\300mm\Recipes\x5\Die_18\DieRegPosInCad.txt",".txt","0","2026-04-13 16:12","2026-05-17 11:11","","-48659"
"C:\job\MPW_From_cad\300mm\Recipes\x5\Die_18\Zones.ini",".ini","23","2026-04-13 16:21","2026-05-17 11:11","[General] Version=11 ","-48650"
"C:\job\MPW_From_cad\300mm\Recipes\x5\Die_18\zones.txt",".txt","170","2026-04-13 16:21","2026-05-17 11:11","ScaleX =    1.0000000000; ScaleY =    1.0000000000   RefID       X        Y  Zone Count      Shape Data       1    621.5","-48650"
"C:\job\MPW_From_cad\300mm\Recipes\x5\Die_18\zonesInCad.txt",".txt","0","2026-04-13 16:12","2026-05-17 11:11","","-48659"
"C:\job\MPW_From_cad\300mm\Recipes\x5\Die_18\ZoomLevels.ini",".ini","123","2026-04-13 16:13","2026-05-17 11:11","[ZOOM_LEVELS] LEVEL_1=1 SaveCompressed=0 LEVEL_2=1 [LEVEL_1] SizeX=1243 SizeY=1243 [LEVEL_2] SizeX=621 SizeY=621 ","-48658"
"C:\job\MPW_From_cad\300mm\Recipes\x5\Die_18\ReferenceBackup\ZoomLevels.ini",".ini","79","2026-04-13 16:12","2026-05-17 11:11","[ZOOM_LEVELS] LEVEL_1=1 SaveCompressed=0 [LEVEL_1] SizeX=1243 SizeY=1243 ","-48659"
"C:\job\MPW_From_cad\300mm\Recipes\x5\Die_19\DieMapRegPos.txt",".txt","110","2026-04-13 16:12","2026-05-17 11:11","ScaleX =    1.0000000000; ScaleY =    1.0000000000   RefID       X        Y  Zone Count      Shape Data ","-48659"
"C:\job\MPW_From_cad\300mm\Recipes\x5\Die_19\DieRegPos.txt",".txt","110","2026-04-13 16:12","2026-05-17 11:11","ScaleX =    1.0000000000; ScaleY =    1.0000000000   RefID       X        Y  Zone Count      Shape Data ","-48659"
"C:\job\MPW_From_cad\300mm\Recipes\x5\Die_19\DieRegPosInCad.txt",".txt","0","2026-04-13 16:12","2026-05-17 11:11","","-48659"
"C:\job\MPW_From_cad\300mm\Recipes\x5\Die_19\Zones.ini",".ini","23","2026-04-13 16:21","2026-05-17 11:11","[General] Version=11 ","-48650"
"C:\job\MPW_From_cad\300mm\Recipes\x5\Die_19\zones.txt",".txt","170","2026-04-13 16:21","2026-05-17 11:11","ScaleX =    1.0000000000; ScaleY =    1.0000000000   RefID       X        Y  Zone Count      Shape Data       1    621.5","-48650"
"C:\job\MPW_From_cad\300mm\Recipes\x5\Die_19\zonesInCad.txt",".txt","0","2026-04-13 16:12","2026-05-17 11:11","","-48659"
"C:\job\MPW_From_cad\300mm\Recipes\x5\Die_19\ZoomLevels.ini",".ini","123","2026-04-13 16:13","2026-05-17 11:11","[ZOOM_LEVELS] LEVEL_1=1 SaveCompressed=0 LEVEL_2=1 [LEVEL_1] SizeX=1243 SizeY=1243 [LEVEL_2] SizeX=621 SizeY=621 ","-48658"
"C:\job\MPW_From_cad\300mm\Recipes\x5\Die_19\ReferenceBackup\ZoomLevels.ini",".ini","79","2026-04-13 16:12","2026-05-17 11:11","[ZOOM_LEVELS] LEVEL_1=1 SaveCompressed=0 [LEVEL_1] SizeX=1243 SizeY=1243 ","-48659"
"C:\job\MPW_From_cad\300mm\Recipes\x5\Die_2\DieMapRegPos.txt",".txt","110","2026-04-13 16:12","2026-05-17 11:11","ScaleX =    1.0000000000; ScaleY =    1.0000000000   RefID       X        Y  Zone Count      Shape Data ","-48659"
"C:\job\MPW_From_cad\300mm\Recipes\x5\Die_2\DieRegPos.txt",".txt","110","2026-04-13 16:12","2026-05-17 11:11","ScaleX =    1.0000000000; ScaleY =    1.0000000000   RefID       X        Y  Zone Count      Shape Data ","-48659"
"C:\job\MPW_From_cad\300mm\Recipes\x5\Die_2\DieRegPosInCad.txt",".txt","0","2026-04-13 16:12","2026-05-17 11:11","","-48659"
"C:\job\MPW_From_cad\300mm\Recipes\x5\Die_2\Zones.ini",".ini","23","2026-04-13 16:21","2026-05-17 11:11","[General] Version=11 ","-48650"
"C:\job\MPW_From_cad\300mm\Recipes\x5\Die_2\zones.txt",".txt","170","2026-04-13 16:21","2026-05-17 11:11","ScaleX =    1.0000000000; ScaleY =    1.0000000000   RefID       X        Y  Zone Count      Shape Data       1    621.5","-48650"
"C:\job\MPW_From_cad\300mm\Recipes\x5\Die_2\zonesInCad.txt",".txt","0","2026-04-13 16:12","2026-05-17 11:11","","-48659"
"C:\job\MPW_From_cad\300mm\Recipes\x5\Die_2\ZoomLevels.ini",".ini","123","2026-04-13 16:13","2026-05-17 11:11","[ZOOM_LEVELS] LEVEL_1=1 SaveCompressed=0 LEVEL_2=1 [LEVEL_1] SizeX=1243 SizeY=1243 [LEVEL_2] SizeX=621 SizeY=621 ","-48658"
"C:\job\MPW_From_cad\300mm\Recipes\x5\Die_2\ReferenceBackup\ZoomLevels.ini",".ini","79","2026-04-13 16:12","2026-05-17 11:11","[ZOOM_LEVELS] LEVEL_1=1 SaveCompressed=0 [LEVEL_1] SizeX=1243 SizeY=1243 ","-48659"
"C:\job\MPW_From_cad\300mm\Recipes\x5\Die_20\DieMapRegPos.txt",".txt","110","2026-04-13 16:12","2026-05-17 11:11","ScaleX =    1.0000000000; ScaleY =    1.0000000000   RefID       X        Y  Zone Count      Shape Data ","-48659"
"C:\job\MPW_From_cad\300mm\Recipes\x5\Die_20\DieRegPos.txt",".txt","110","2026-04-13 16:12","2026-05-17 11:11","ScaleX =    1.0000000000; ScaleY =    1.0000000000   RefID       X        Y  Zone Count      Shape Data ","-48659"
"C:\job\MPW_From_cad\300mm\Recipes\x5\Die_20\DieRegPosInCad.txt",".txt","0","2026-04-13 16:12","2026-05-17 11:11","","-48659"
"C:\job\MPW_From_cad\300mm\Recipes\x5\Die_20\Zones.ini",".ini","23","2026-04-13 16:21","2026-05-17 11:11","[General] Version=11 ","-48650"
"C:\job\MPW_From_cad\300mm\Recipes\x5\Die_20\zones.txt",".txt","170","2026-04-13 16:21","2026-05-17 11:11","ScaleX =    1.0000000000; ScaleY =    1.0000000000   RefID       X        Y  Zone Count      Shape Data       1    621.5","-48650"
"C:\job\MPW_From_cad\300mm\Recipes\x5\Die_20\zonesInCad.txt",".txt","0","2026-04-13 16:12","2026-05-17 11:11","","-48659"
"C:\job\MPW_From_cad\300mm\Recipes\x5\Die_20\ZoomLevels.ini",".ini","123","2026-04-13 16:13","2026-05-17 11:11","[ZOOM_LEVELS] LEVEL_1=1 SaveCompressed=0 LEVEL_2=1 [LEVEL_1] SizeX=1243 SizeY=1243 [LEVEL_2] SizeX=621 SizeY=621 ","-48658"
"C:\job\MPW_From_cad\300mm\Recipes\x5\Die_20\ReferenceBackup\ZoomLevels.ini",".ini","79","2026-04-13 16:12","2026-05-17 11:11","[ZOOM_LEVELS] LEVEL_1=1 SaveCompressed=0 [LEVEL_1] SizeX=1243 SizeY=1243 ","-48659"
"C:\job\MPW_From_cad\300mm\Recipes\x5\Die_21\DieMapRegPos.txt",".txt","110","2026-04-13 16:12","2026-05-17 11:11","ScaleX =    1.0000000000; ScaleY =    1.0000000000   RefID       X        Y  Zone Count      Shape Data ","-48659"
"C:\job\MPW_From_cad\300mm\Recipes\x5\Die_21\DieRegPos.txt",".txt","110","2026-04-13 16:12","2026-05-17 11:11","ScaleX =    1.0000000000; ScaleY =    1.0000000000   RefID       X        Y  Zone Count      Shape Data ","-48659"
"C:\job\MPW_From_cad\300mm\Recipes\x5\Die_21\DieRegPosInCad.txt",".txt","0","2026-04-13 16:12","2026-05-17 11:11","","-48659"
"C:\job\MPW_From_cad\300mm\Recipes\x5\Die_21\Zones.ini",".ini","23","2026-04-13 16:21","2026-05-17 11:11","[General] Version=11 ","-48650"
"C:\job\MPW_From_cad\300mm\Recipes\x5\Die_21\zones.txt",".txt","170","2026-04-13 16:21","2026-05-17 11:11","ScaleX =    1.0000000000; ScaleY =    1.0000000000   RefID       X        Y  Zone Count      Shape Data       1    621.5","-48650"
"C:\job\MPW_From_cad\300mm\Recipes\x5\Die_21\zonesInCad.txt",".txt","0","2026-04-13 16:12","2026-05-17 11:11","","-48659"
"C:\job\MPW_From_cad\300mm\Recipes\x5\Die_21\ZoomLevels.ini",".ini","123","2026-04-13 16:13","2026-05-17 11:11","[ZOOM_LEVELS] LEVEL_1=1 SaveCompressed=0 LEVEL_2=1 [LEVEL_1] SizeX=1243 SizeY=1243 [LEVEL_2] SizeX=621 SizeY=621 ","-48658"
"C:\job\MPW_From_cad\300mm\Recipes\x5\Die_21\ReferenceBackup\ZoomLevels.ini",".ini","79","2026-04-13 16:12","2026-05-17 11:11","[ZOOM_LEVELS] LEVEL_1=1 SaveCompressed=0 [LEVEL_1] SizeX=1243 SizeY=1243 ","-48659"
"C:\job\MPW_From_cad\300mm\Recipes\x5\Die_22\DieMapRegPos.txt",".txt","110","2026-04-13 16:12","2026-05-17 11:11","ScaleX =    1.0000000000; ScaleY =    1.0000000000   RefID       X        Y  Zone Count      Shape Data ","-48659"
"C:\job\MPW_From_cad\300mm\Recipes\x5\Die_22\DieRegPos.txt",".txt","110","2026-04-13 16:12","2026-05-17 11:11","ScaleX =    1.0000000000; ScaleY =    1.0000000000   RefID       X        Y  Zone Count      Shape Data ","-48659"
"C:\job\MPW_From_cad\300mm\Recipes\x5\Die_22\DieRegPosInCad.txt",".txt","0","2026-04-13 16:12","2026-05-17 11:11","","-48659"
"C:\job\MPW_From_cad\300mm\Recipes\x5\Die_22\Zones.ini",".ini","23","2026-04-13 16:21","2026-05-17 11:11","[General] Version=11 ","-48650"
"C:\job\MPW_From_cad\300mm\Recipes\x5\Die_22\zones.txt",".txt","170","2026-04-13 16:21","2026-05-17 11:11","ScaleX =    1.0000000000; ScaleY =    1.0000000000   RefID       X        Y  Zone Count      Shape Data       1    621.5","-48650"
"C:\job\MPW_From_cad\300mm\Recipes\x5\Die_22\zonesInCad.txt",".txt","0","2026-04-13 16:12","2026-05-17 11:11","","-48659"
"C:\job\MPW_From_cad\300mm\Recipes\x5\Die_22\ZoomLevels.ini",".ini","123","2026-04-13 16:13","2026-05-17 11:11","[ZOOM_LEVELS] LEVEL_1=1 SaveCompressed=0 LEVEL_2=1 [LEVEL_1] SizeX=1243 SizeY=1243 [LEVEL_2] SizeX=621 SizeY=621 ","-48658"
"C:\job\MPW_From_cad\300mm\Recipes\x5\Die_22\ReferenceBackup\ZoomLevels.ini",".ini","79","2026-04-13 16:12","2026-05-17 11:11","[ZOOM_LEVELS] LEVEL_1=1 SaveCompressed=0 [LEVEL_1] SizeX=1243 SizeY=1243 ","-48659"
"C:\job\MPW_From_cad\300mm\Recipes\x5\Die_23\DieMapRegPos.txt",".txt","110","2026-04-13 16:12","2026-05-17 11:11","ScaleX =    1.0000000000; ScaleY =    1.0000000000   RefID       X        Y  Zone Count      Shape Data ","-48659"
"C:\job\MPW_From_cad\300mm\Recipes\x5\Die_23\DieRegPos.txt",".txt","110","2026-04-13 16:12","2026-05-17 11:11","ScaleX =    1.0000000000; ScaleY =    1.0000000000   RefID       X        Y  Zone Count      Shape Data ","-48659"
"C:\job\MPW_From_cad\300mm\Recipes\x5\Die_23\DieRegPosInCad.txt",".txt","0","2026-04-13 16:12","2026-05-17 11:11","","-48659"
"C:\job\MPW_From_cad\300mm\Recipes\x5\Die_23\Zones.ini",".ini","23","2026-04-13 16:21","2026-05-17 11:11","[General] Version=11 ","-48650"
"C:\job\MPW_From_cad\300mm\Recipes\x5\Die_23\zones.txt",".txt","170","2026-04-13 16:21","2026-05-17 11:11","ScaleX =    1.0000000000; ScaleY =    1.0000000000   RefID       X        Y  Zone Count      Shape Data       1    621.5","-48650"
"C:\job\MPW_From_cad\300mm\Recipes\x5\Die_23\zonesInCad.txt",".txt","0","2026-04-13 16:12","2026-05-17 11:11","","-48659"
"C:\job\MPW_From_cad\300mm\Recipes\x5\Die_23\ZoomLevels.ini",".ini","123","2026-04-13 16:13","2026-05-17 11:11","[ZOOM_LEVELS] LEVEL_1=1 SaveCompressed=0 LEVEL_2=1 [LEVEL_1] SizeX=1243 SizeY=1243 [LEVEL_2] SizeX=621 SizeY=621 ","-48658"
"C:\job\MPW_From_cad\300mm\Recipes\x5\Die_23\ReferenceBackup\ZoomLevels.ini",".ini","79","2026-04-13 16:12","2026-05-17 11:11","[ZOOM_LEVELS] LEVEL_1=1 SaveCompressed=0 [LEVEL_1] SizeX=1243 SizeY=1243 ","-48659"
"C:\job\MPW_From_cad\300mm\Recipes\x5\Die_24\DieMapRegPos.txt",".txt","110","2026-04-13 16:12","2026-05-17 11:11","ScaleX =    1.0000000000; ScaleY =    1.0000000000   RefID       X        Y  Zone Count      Shape Data ","-48659"
"C:\job\MPW_From_cad\300mm\Recipes\x5\Die_24\DieRegPos.txt",".txt","110","2026-04-13 16:12","2026-05-17 11:11","ScaleX =    1.0000000000; ScaleY =    1.0000000000   RefID       X        Y  Zone Count      Shape Data ","-48659"
"C:\job\MPW_From_cad\300mm\Recipes\x5\Die_24\DieRegPosInCad.txt",".txt","0","2026-04-13 16:12","2026-05-17 11:11","","-48659"
"C:\job\MPW_From_cad\300mm\Recipes\x5\Die_24\Zones.ini",".ini","23","2026-04-13 16:21","2026-05-17 11:11","[General] Version=11 ","-48650"
"C:\job\MPW_From_cad\300mm\Recipes\x5\Die_24\zones.txt",".txt","170","2026-04-13 16:21","2026-05-17 11:11","ScaleX =    1.0000000000; ScaleY =    1.0000000000   RefID       X        Y  Zone Count      Shape Data       1    621.5","-48650"
"C:\job\MPW_From_cad\300mm\Recipes\x5\Die_24\zonesInCad.txt",".txt","0","2026-04-13 16:12","2026-05-17 11:11","","-48659"
"C:\job\MPW_From_cad\300mm\Recipes\x5\Die_24\ZoomLevels.ini",".ini","123","2026-04-13 16:13","2026-05-17 11:11","[ZOOM_LEVELS] LEVEL_1=1 SaveCompressed=0 LEVEL_2=1 [LEVEL_1] SizeX=1243 SizeY=1243 [LEVEL_2] SizeX=621 SizeY=621 ","-48658"
"C:\job\MPW_From_cad\300mm\Recipes\x5\Die_24\ReferenceBackup\ZoomLevels.ini",".ini","79","2026-04-13 16:12","2026-05-17 11:11","[ZOOM_LEVELS] LEVEL_1=1 SaveCompressed=0 [LEVEL_1] SizeX=1243 SizeY=1243 ","-48659"
"C:\job\MPW_From_cad\300mm\Recipes\x5\Die_25\DieMapRegPos.txt",".txt","110","2026-04-13 16:12","2026-05-17 11:11","ScaleX =    1.0000000000; ScaleY =    1.0000000000   RefID       X        Y  Zone Count      Shape Data ","-48659"
"C:\job\MPW_From_cad\300mm\Recipes\x5\Die_25\DieRegPos.txt",".txt","110","2026-04-13 16:12","2026-05-17 11:11","ScaleX =    1.0000000000; ScaleY =    1.0000000000   RefID       X        Y  Zone Count      Shape Data ","-48659"
"C:\job\MPW_From_cad\300mm\Recipes\x5\Die_25\DieRegPosInCad.txt",".txt","0","2026-04-13 16:12","2026-05-17 11:11","","-48659"
"C:\job\MPW_From_cad\300mm\Recipes\x5\Die_25\Zones.ini",".ini","23","2026-04-13 16:21","2026-05-17 11:11","[General] Version=11 ","-48650"
"C:\job\MPW_From_cad\300mm\Recipes\x5\Die_25\zones.txt",".txt","170","2026-04-13 16:21","2026-05-17 11:11","ScaleX =    1.0000000000; ScaleY =    1.0000000000   RefID       X        Y  Zone Count      Shape Data       1    621.5","-48650"
"C:\job\MPW_From_cad\300mm\Recipes\x5\Die_25\zonesInCad.txt",".txt","0","2026-04-13 16:12","2026-05-17 11:11","","-48659"
"C:\job\MPW_From_cad\300mm\Recipes\x5\Die_25\ZoomLevels.ini",".ini","123","2026-04-13 16:13","2026-05-17 11:11","[ZOOM_LEVELS] LEVEL_1=1 SaveCompressed=0 LEVEL_2=1 [LEVEL_1] SizeX=1243 SizeY=1243 [LEVEL_2] SizeX=621 SizeY=621 ","-48658"
"C:\job\MPW_From_cad\300mm\Recipes\x5\Die_25\ReferenceBackup\ZoomLevels.ini",".ini","79","2026-04-13 16:12","2026-05-17 11:11","[ZOOM_LEVELS] LEVEL_1=1 SaveCompressed=0 [LEVEL_1] SizeX=1243 SizeY=1243 ","-48659"
"C:\job\MPW_From_cad\300mm\Recipes\x5\Die_26\DieMapRegPos.txt",".txt","110","2026-04-13 16:12","2026-05-17 11:11","ScaleX =    1.0000000000; ScaleY =    1.0000000000   RefID       X        Y  Zone Count      Shape Data ","-48659"
"C:\job\MPW_From_cad\300mm\Recipes\x5\Die_26\DieRegPos.txt",".txt","110","2026-04-13 16:12","2026-05-17 11:11","ScaleX =    1.0000000000; ScaleY =    1.0000000000   RefID       X        Y  Zone Count      Shape Data ","-48659"
"C:\job\MPW_From_cad\300mm\Recipes\x5\Die_26\DieRegPosInCad.txt",".txt","0","2026-04-13 16:12","2026-05-17 11:11","","-48659"
"C:\job\MPW_From_cad\300mm\Recipes\x5\Die_26\Zones.ini",".ini","23","2026-04-13 16:21","2026-05-17 11:11","[General] Version=11 ","-48650"
"C:\job\MPW_From_cad\300mm\Recipes\x5\Die_26\zones.txt",".txt","170","2026-04-13 16:21","2026-05-17 11:11","ScaleX =    1.0000000000; ScaleY =    1.0000000000   RefID       X        Y  Zone Count      Shape Data       1    621.5","-48650"
"C:\job\MPW_From_cad\300mm\Recipes\x5\Die_26\zonesInCad.txt",".txt","0","2026-04-13 16:12","2026-05-17 11:11","","-48659"
"C:\job\MPW_From_cad\300mm\Recipes\x5\Die_26\ZoomLevels.ini",".ini","123","2026-04-13 16:13","2026-05-17 11:11","[ZOOM_LEVELS] LEVEL_1=1 SaveCompressed=0 LEVEL_2=1 [LEVEL_1] SizeX=1243 SizeY=1243 [LEVEL_2] SizeX=621 SizeY=621 ","-48658"
"C:\job\MPW_From_cad\300mm\Recipes\x5\Die_26\ReferenceBackup\ZoomLevels.ini",".ini","79","2026-04-13 16:12","2026-05-17 11:11","[ZOOM_LEVELS] LEVEL_1=1 SaveCompressed=0 [LEVEL_1] SizeX=1243 SizeY=1243 ","-48659"
"C:\job\MPW_From_cad\300mm\Recipes\x5\Die_27\DieMapRegPos.txt",".txt","110","2026-04-13 16:12","2026-05-17 11:11","ScaleX =    1.0000000000; ScaleY =    1.0000000000   RefID       X        Y  Zone Count      Shape Data ","-48659"
"C:\job\MPW_From_cad\300mm\Recipes\x5\Die_27\DieRegPos.txt",".txt","110","2026-04-13 16:12","2026-05-17 11:11","ScaleX =    1.0000000000; ScaleY =    1.0000000000   RefID       X        Y  Zone Count      Shape Data ","-48659"
"C:\job\MPW_From_cad\300mm\Recipes\x5\Die_27\DieRegPosInCad.txt",".txt","0","2026-04-13 16:12","2026-05-17 11:11","","-48659"
"C:\job\MPW_From_cad\300mm\Recipes\x5\Die_27\Zones.ini",".ini","23","2026-04-13 16:21","2026-05-17 11:11","[General] Version=11 ","-48650"
"C:\job\MPW_From_cad\300mm\Recipes\x5\Die_27\zones.txt",".txt","170","2026-04-13 16:21","2026-05-17 11:11","ScaleX =    1.0000000000; ScaleY =    1.0000000000   RefID       X        Y  Zone Count      Shape Data       1    621.5","-48650"
"C:\job\MPW_From_cad\300mm\Recipes\x5\Die_27\zonesInCad.txt",".txt","0","2026-04-13 16:12","2026-05-17 11:11","","-48659"
"C:\job\MPW_From_cad\300mm\Recipes\x5\Die_27\ZoomLevels.ini",".ini","123","2026-04-13 16:13","2026-05-17 11:11","[ZOOM_LEVELS] LEVEL_1=1 SaveCompressed=0 LEVEL_2=1 [LEVEL_1] SizeX=1243 SizeY=1243 [LEVEL_2] SizeX=621 SizeY=621 ","-48658"
"C:\job\MPW_From_cad\300mm\Recipes\x5\Die_27\ReferenceBackup\ZoomLevels.ini",".ini","79","2026-04-13 16:12","2026-05-17 11:11","[ZOOM_LEVELS] LEVEL_1=1 SaveCompressed=0 [LEVEL_1] SizeX=1243 SizeY=1243 ","-48659"
"C:\job\MPW_From_cad\300mm\Recipes\x5\Die_28\DieMapRegPos.txt",".txt","110","2026-04-13 16:12","2026-05-17 11:11","ScaleX =    1.0000000000; ScaleY =    1.0000000000   RefID       X        Y  Zone Count      Shape Data ","-48659"
"C:\job\MPW_From_cad\300mm\Recipes\x5\Die_28\DieRegPos.txt",".txt","110","2026-04-13 16:12","2026-05-17 11:11","ScaleX =    1.0000000000; ScaleY =    1.0000000000   RefID       X        Y  Zone Count      Shape Data ","-48659"
"C:\job\MPW_From_cad\300mm\Recipes\x5\Die_28\DieRegPosInCad.txt",".txt","0","2026-04-13 16:12","2026-05-17 11:11","","-48659"
"C:\job\MPW_From_cad\300mm\Recipes\x5\Die_28\Zones.ini",".ini","23","2026-04-13 16:21","2026-05-17 11:11","[General] Version=11 ","-48650"
"C:\job\MPW_From_cad\300mm\Recipes\x5\Die_28\zones.txt",".txt","170","2026-04-13 16:21","2026-05-17 11:11","ScaleX =    1.0000000000; ScaleY =    1.0000000000   RefID       X        Y  Zone Count      Shape Data       1    621.5","-48650"
"C:\job\MPW_From_cad\300mm\Recipes\x5\Die_28\zonesInCad.txt",".txt","0","2026-04-13 16:12","2026-05-17 11:11","","-48659"
"C:\job\MPW_From_cad\300mm\Recipes\x5\Die_28\ZoomLevels.ini",".ini","123","2026-04-13 16:13","2026-05-17 11:11","[ZOOM_LEVELS] LEVEL_1=1 SaveCompressed=0 LEVEL_2=1 [LEVEL_1] SizeX=1243 SizeY=1243 [LEVEL_2] SizeX=621 SizeY=621 ","-48658"
"C:\job\MPW_From_cad\300mm\Recipes\x5\Die_28\ReferenceBackup\ZoomLevels.ini",".ini","79","2026-04-13 16:12","2026-05-17 11:11","[ZOOM_LEVELS] LEVEL_1=1 SaveCompressed=0 [LEVEL_1] SizeX=1243 SizeY=1243 ","-48659"
"C:\job\MPW_From_cad\300mm\Recipes\x5\Die_29\DieMapRegPos.txt",".txt","110","2026-04-13 16:12","2026-05-17 11:11","ScaleX =    1.0000000000; ScaleY =    1.0000000000   RefID       X        Y  Zone Count      Shape Data ","-48659"
"C:\job\MPW_From_cad\300mm\Recipes\x5\Die_29\DieRegPos.txt",".txt","110","2026-04-13 16:12","2026-05-17 11:11","ScaleX =    1.0000000000; ScaleY =    1.0000000000   RefID       X        Y  Zone Count      Shape Data ","-48659"
"C:\job\MPW_From_cad\300mm\Recipes\x5\Die_29\DieRegPosInCad.txt",".txt","0","2026-04-13 16:12","2026-05-17 11:11","","-48659"
"C:\job\MPW_From_cad\300mm\Recipes\x5\Die_29\Zones.ini",".ini","23","2026-04-13 16:21","2026-05-17 11:11","[General] Version=11 ","-48650"
"C:\job\MPW_From_cad\300mm\Recipes\x5\Die_29\zones.txt",".txt","170","2026-04-13 16:21","2026-05-17 11:11","ScaleX =    1.0000000000; ScaleY =    1.0000000000   RefID       X        Y  Zone Count      Shape Data       1    621.5","-48650"
"C:\job\MPW_From_cad\300mm\Recipes\x5\Die_29\zonesInCad.txt",".txt","0","2026-04-13 16:12","2026-05-17 11:11","","-48659"
"C:\job\MPW_From_cad\300mm\Recipes\x5\Die_29\ZoomLevels.ini",".ini","123","2026-04-13 16:13","2026-05-17 11:11","[ZOOM_LEVELS] LEVEL_1=1 SaveCompressed=0 LEVEL_2=1 [LEVEL_1] SizeX=1243 SizeY=1243 [LEVEL_2] SizeX=621 SizeY=621 ","-48658"
"C:\job\MPW_From_cad\300mm\Recipes\x5\Die_29\ReferenceBackup\ZoomLevels.ini",".ini","79","2026-04-13 16:12","2026-05-17 11:11","[ZOOM_LEVELS] LEVEL_1=1 SaveCompressed=0 [LEVEL_1] SizeX=1243 SizeY=1243 ","-48659"
"C:\job\MPW_From_cad\300mm\Recipes\x5\Die_3\DieMapRegPos.txt",".txt","110","2026-04-13 16:12","2026-05-17 11:11","ScaleX =    1.0000000000; ScaleY =    1.0000000000   RefID       X        Y  Zone Count      Shape Data ","-48659"
"C:\job\MPW_From_cad\300mm\Recipes\x5\Die_3\DieRegPos.txt",".txt","110","2026-04-13 16:12","2026-05-17 11:11","ScaleX =    1.0000000000; ScaleY =    1.0000000000   RefID       X        Y  Zone Count      Shape Data ","-48659"
"C:\job\MPW_From_cad\300mm\Recipes\x5\Die_3\DieRegPosInCad.txt",".txt","0","2026-04-13 16:12","2026-05-17 11:11","","-48659"
"C:\job\MPW_From_cad\300mm\Recipes\x5\Die_3\Zones.ini",".ini","23","2026-04-13 16:21","2026-05-17 11:11","[General] Version=11 ","-48650"
"C:\job\MPW_From_cad\300mm\Recipes\x5\Die_3\zones.txt",".txt","170","2026-04-13 16:21","2026-05-17 11:11","ScaleX =    1.0000000000; ScaleY =    1.0000000000   RefID       X        Y  Zone Count      Shape Data       1    621.5","-48650"
"C:\job\MPW_From_cad\300mm\Recipes\x5\Die_3\zonesInCad.txt",".txt","0","2026-04-13 16:12","2026-05-17 11:11","","-48659"
"C:\job\MPW_From_cad\300mm\Recipes\x5\Die_3\ZoomLevels.ini",".ini","123","2026-04-13 16:13","2026-05-17 11:11","[ZOOM_LEVELS] LEVEL_1=1 SaveCompressed=0 LEVEL_2=1 [LEVEL_1] SizeX=1243 SizeY=1243 [LEVEL_2] SizeX=621 SizeY=621 ","-48658"
"C:\job\MPW_From_cad\300mm\Recipes\x5\Die_3\ReferenceBackup\ZoomLevels.ini",".ini","79","2026-04-13 16:12","2026-05-17 11:11","[ZOOM_LEVELS] LEVEL_1=1 SaveCompressed=0 [LEVEL_1] SizeX=1243 SizeY=1243 ","-48659"
"C:\job\MPW_From_cad\300mm\Recipes\x5\Die_4\DieMapRegPos.txt",".txt","110","2026-04-13 16:12","2026-05-17 11:11","ScaleX =    1.0000000000; ScaleY =    1.0000000000   RefID       X        Y  Zone Count      Shape Data ","-48659"
"C:\job\MPW_From_cad\300mm\Recipes\x5\Die_4\DieRegPos.txt",".txt","110","2026-04-13 16:12","2026-05-17 11:11","ScaleX =    1.0000000000; ScaleY =    1.0000000000   RefID       X        Y  Zone Count      Shape Data ","-48659"
"C:\job\MPW_From_cad\300mm\Recipes\x5\Die_4\DieRegPosInCad.txt",".txt","0","2026-04-13 16:12","2026-05-17 11:11","","-48659"
"C:\job\MPW_From_cad\300mm\Recipes\x5\Die_4\Zones.ini",".ini","23","2026-04-13 16:21","2026-05-17 11:11","[General] Version=11 ","-48650"
"C:\job\MPW_From_cad\300mm\Recipes\x5\Die_4\zones.txt",".txt","170","2026-04-13 16:21","2026-05-17 11:11","ScaleX =    1.0000000000; ScaleY =    1.0000000000   RefID       X        Y  Zone Count      Shape Data       1    621.5","-48650"
"C:\job\MPW_From_cad\300mm\Recipes\x5\Die_4\zonesInCad.txt",".txt","0","2026-04-13 16:12","2026-05-17 11:11","","-48659"
"C:\job\MPW_From_cad\300mm\Recipes\x5\Die_4\ZoomLevels.ini",".ini","123","2026-04-13 16:13","2026-05-17 11:11","[ZOOM_LEVELS] LEVEL_1=1 SaveCompressed=0 LEVEL_2=1 [LEVEL_1] SizeX=1243 SizeY=1243 [LEVEL_2] SizeX=621 SizeY=621 ","-48658"
"C:\job\MPW_From_cad\300mm\Recipes\x5\Die_4\ReferenceBackup\ZoomLevels.ini",".ini","79","2026-04-13 16:12","2026-05-17 11:11","[ZOOM_LEVELS] LEVEL_1=1 SaveCompressed=0 [LEVEL_1] SizeX=1243 SizeY=1243 ","-48659"
"C:\job\MPW_From_cad\300mm\Recipes\x5\Die_5\DieMapRegPos.txt",".txt","110","2026-04-13 16:12","2026-05-17 11:11","ScaleX =    1.0000000000; ScaleY =    1.0000000000   RefID       X        Y  Zone Count      Shape Data ","-48659"
"C:\job\MPW_From_cad\300mm\Recipes\x5\Die_5\DieRegPos.txt",".txt","110","2026-04-13 16:12","2026-05-17 11:11","ScaleX =    1.0000000000; ScaleY =    1.0000000000   RefID       X        Y  Zone Count      Shape Data ","-48659"
"C:\job\MPW_From_cad\300mm\Recipes\x5\Die_5\DieRegPosInCad.txt",".txt","0","2026-04-13 16:12","2026-05-17 11:11","","-48659"
"C:\job\MPW_From_cad\300mm\Recipes\x5\Die_5\Zones.ini",".ini","23","2026-04-13 16:21","2026-05-17 11:11","[General] Version=11 ","-48650"
"C:\job\MPW_From_cad\300mm\Recipes\x5\Die_5\zones.txt",".txt","170","2026-04-13 16:21","2026-05-17 11:11","ScaleX =    1.0000000000; ScaleY =    1.0000000000   RefID       X        Y  Zone Count      Shape Data       1    621.5","-48650"
"C:\job\MPW_From_cad\300mm\Recipes\x5\Die_5\zonesInCad.txt",".txt","0","2026-04-13 16:12","2026-05-17 11:11","","-48659"
"C:\job\MPW_From_cad\300mm\Recipes\x5\Die_5\ZoomLevels.ini",".ini","123","2026-04-13 16:13","2026-05-17 11:11","[ZOOM_LEVELS] LEVEL_1=1 SaveCompressed=0 LEVEL_2=1 [LEVEL_1] SizeX=1243 SizeY=1243 [LEVEL_2] SizeX=621 SizeY=621 ","-48659"
"C:\job\MPW_From_cad\300mm\Recipes\x5\Die_5\ReferenceBackup\ZoomLevels.ini",".ini","79","2026-04-13 16:12","2026-05-17 11:11","[ZOOM_LEVELS] LEVEL_1=1 SaveCompressed=0 [LEVEL_1] SizeX=1243 SizeY=1243 ","-48659"
"C:\job\MPW_From_cad\300mm\Recipes\x5\Die_6\DieMapRegPos.txt",".txt","110","2026-04-13 16:12","2026-05-17 11:11","ScaleX =    1.0000000000; ScaleY =    1.0000000000   RefID       X        Y  Zone Count      Shape Data ","-48659"
"C:\job\MPW_From_cad\300mm\Recipes\x5\Die_6\DieRegPos.txt",".txt","110","2026-04-13 16:12","2026-05-17 11:11","ScaleX =    1.0000000000; ScaleY =    1.0000000000   RefID       X        Y  Zone Count      Shape Data ","-48659"
"C:\job\MPW_From_cad\300mm\Recipes\x5\Die_6\DieRegPosInCad.txt",".txt","0","2026-04-13 16:12","2026-05-17 11:11","","-48659"
"C:\job\MPW_From_cad\300mm\Recipes\x5\Die_6\Zones.ini",".ini","23","2026-04-13 16:21","2026-05-17 11:11","[General] Version=11 ","-48650"
"C:\job\MPW_From_cad\300mm\Recipes\x5\Die_6\zones.txt",".txt","170","2026-04-13 16:21","2026-05-17 11:11","ScaleX =    1.0000000000; ScaleY =    1.0000000000   RefID       X        Y  Zone Count      Shape Data       1    621.5","-48650"
"C:\job\MPW_From_cad\300mm\Recipes\x5\Die_6\zonesInCad.txt",".txt","0","2026-04-13 16:12","2026-05-17 11:11","","-48659"
"C:\job\MPW_From_cad\300mm\Recipes\x5\Die_6\ZoomLevels.ini",".ini","123","2026-04-13 16:13","2026-05-17 11:11","[ZOOM_LEVELS] LEVEL_1=1 SaveCompressed=0 LEVEL_2=1 [LEVEL_1] SizeX=1243 SizeY=1243 [LEVEL_2] SizeX=621 SizeY=621 ","-48659"
"C:\job\MPW_From_cad\300mm\Recipes\x5\Die_6\ReferenceBackup\ZoomLevels.ini",".ini","79","2026-04-13 16:12","2026-05-17 11:11","[ZOOM_LEVELS] LEVEL_1=1 SaveCompressed=0 [LEVEL_1] SizeX=1243 SizeY=1243 ","-48659"
"C:\job\MPW_From_cad\300mm\Recipes\x5\Die_7\DieMapRegPos.txt",".txt","110","2026-04-13 16:12","2026-05-17 11:11","ScaleX =    1.0000000000; ScaleY =    1.0000000000   RefID       X        Y  Zone Count      Shape Data ","-48659"
"C:\job\MPW_From_cad\300mm\Recipes\x5\Die_7\DieRegPos.txt",".txt","110","2026-04-13 16:12","2026-05-17 11:11","ScaleX =    1.0000000000; ScaleY =    1.0000000000   RefID       X        Y  Zone Count      Shape Data ","-48659"
"C:\job\MPW_From_cad\300mm\Recipes\x5\Die_7\DieRegPosInCad.txt",".txt","0","2026-04-13 16:12","2026-05-17 11:11","","-48659"
"C:\job\MPW_From_cad\300mm\Recipes\x5\Die_7\Zones.ini",".ini","23","2026-04-13 16:21","2026-05-17 11:11","[General] Version=11 ","-48650"
"C:\job\MPW_From_cad\300mm\Recipes\x5\Die_7\zones.txt",".txt","170","2026-04-13 16:21","2026-05-17 11:11","ScaleX =    1.0000000000; ScaleY =    1.0000000000   RefID       X        Y  Zone Count      Shape Data       1    621.5","-48650"
"C:\job\MPW_From_cad\300mm\Recipes\x5\Die_7\zonesInCad.txt",".txt","0","2026-04-13 16:12","2026-05-17 11:11","","-48659"
"C:\job\MPW_From_cad\300mm\Recipes\x5\Die_7\ZoomLevels.ini",".ini","123","2026-04-13 16:13","2026-05-17 11:11","[ZOOM_LEVELS] LEVEL_1=1 SaveCompressed=0 LEVEL_2=1 [LEVEL_1] SizeX=1243 SizeY=1243 [LEVEL_2] SizeX=621 SizeY=621 ","-48659"
"C:\job\MPW_From_cad\300mm\Recipes\x5\Die_7\ReferenceBackup\ZoomLevels.ini",".ini","79","2026-04-13 16:12","2026-05-17 11:11","[ZOOM_LEVELS] LEVEL_1=1 SaveCompressed=0 [LEVEL_1] SizeX=1243 SizeY=1243 ","-48659"
"C:\job\MPW_From_cad\300mm\Recipes\x5\Die_8\DieMapRegPos.txt",".txt","110","2026-04-13 16:12","2026-05-17 11:11","ScaleX =    1.0000000000; ScaleY =    1.0000000000   RefID       X        Y  Zone Count      Shape Data ","-48659"
"C:\job\MPW_From_cad\300mm\Recipes\x5\Die_8\DieRegPos.txt",".txt","110","2026-04-13 16:12","2026-05-17 11:11","ScaleX =    1.0000000000; ScaleY =    1.0000000000   RefID       X        Y  Zone Count      Shape Data ","-48659"
"C:\job\MPW_From_cad\300mm\Recipes\x5\Die_8\DieRegPosInCad.txt",".txt","0","2026-04-13 16:12","2026-05-17 11:11","","-48659"
"C:\job\MPW_From_cad\300mm\Recipes\x5\Die_8\Zones.ini",".ini","23","2026-04-13 16:21","2026-05-17 11:11","[General] Version=11 ","-48650"
"C:\job\MPW_From_cad\300mm\Recipes\x5\Die_8\zones.txt",".txt","170","2026-04-13 16:21","2026-05-17 11:11","ScaleX =    1.0000000000; ScaleY =    1.0000000000   RefID       X        Y  Zone Count      Shape Data       1    621.5","-48650"
"C:\job\MPW_From_cad\300mm\Recipes\x5\Die_8\zonesInCad.txt",".txt","0","2026-04-13 16:12","2026-05-17 11:11","","-48659"
"C:\job\MPW_From_cad\300mm\Recipes\x5\Die_8\ZoomLevels.ini",".ini","123","2026-04-13 16:13","2026-05-17 11:11","[ZOOM_LEVELS] LEVEL_1=1 SaveCompressed=0 LEVEL_2=1 [LEVEL_1] SizeX=1243 SizeY=1243 [LEVEL_2] SizeX=621 SizeY=621 ","-48659"
"C:\job\MPW_From_cad\300mm\Recipes\x5\Die_8\ReferenceBackup\ZoomLevels.ini",".ini","79","2026-04-13 16:12","2026-05-17 11:11","[ZOOM_LEVELS] LEVEL_1=1 SaveCompressed=0 [LEVEL_1] SizeX=1243 SizeY=1243 ","-48659"
"C:\job\MPW_From_cad\300mm\Recipes\x5\Die_9\DieMapRegPos.txt",".txt","110","2026-04-13 16:12","2026-05-17 11:11","ScaleX =    1.0000000000; ScaleY =    1.0000000000   RefID       X        Y  Zone Count      Shape Data ","-48659"
"C:\job\MPW_From_cad\300mm\Recipes\x5\Die_9\DieRegPos.txt",".txt","110","2026-04-13 16:12","2026-05-17 11:11","ScaleX =    1.0000000000; ScaleY =    1.0000000000   RefID       X        Y  Zone Count      Shape Data ","-48659"
"C:\job\MPW_From_cad\300mm\Recipes\x5\Die_9\DieRegPosInCad.txt",".txt","0","2026-04-13 16:12","2026-05-17 11:11","","-48659"
"C:\job\MPW_From_cad\300mm\Recipes\x5\Die_9\Zones.ini",".ini","23","2026-04-13 16:21","2026-05-17 11:11","[General] Version=11 ","-48650"
"C:\job\MPW_From_cad\300mm\Recipes\x5\Die_9\zones.txt",".txt","170","2026-04-13 16:21","2026-05-17 11:11","ScaleX =    1.0000000000; ScaleY =    1.0000000000   RefID       X        Y  Zone Count      Shape Data       1    621.5","-48650"
"C:\job\MPW_From_cad\300mm\Recipes\x5\Die_9\zonesInCad.txt",".txt","0","2026-04-13 16:12","2026-05-17 11:11","","-48659"
"C:\job\MPW_From_cad\300mm\Recipes\x5\Die_9\ZoomLevels.ini",".ini","123","2026-04-13 16:13","2026-05-17 11:11","[ZOOM_LEVELS] LEVEL_1=1 SaveCompressed=0 LEVEL_2=1 [LEVEL_1] SizeX=1243 SizeY=1243 [LEVEL_2] SizeX=621 SizeY=621 ","-48659"
"C:\job\MPW_From_cad\300mm\Recipes\x5\Die_9\ReferenceBackup\ZoomLevels.ini",".ini","79","2026-04-13 16:12","2026-05-17 11:11","[ZOOM_LEVELS] LEVEL_1=1 SaveCompressed=0 [LEVEL_1] SizeX=1243 SizeY=1243 ","-48659"
"C:\job\MPW_From_cad\300mm\Recipes\x5\OpticLightMetadata\config.ini",".ini","810","2026-04-13 16:28","2026-05-17 11:11","[General] NominalDelta=0.000000000 Exist=0 targetPos_X=0.000000000 targetPos_Y=0.000000000 minY=0.000000000 minX=0.00000","-48643"
"C:\job\MPW_From_cad\300mm\Recipes\x5\ReferenceBackup\ZoomLevels.ini",".ini","159","2026-04-13 16:12","2026-05-17 11:11","[DIE] Step_X=11193.3573 Step_Y=11193.3573 [ZOOM_LEVELS] LEVEL_1=1 [LEVEL_1] SizeX=11193 SizeY=11193 [General] ImageIsZer","-48659"
"C:\job\MPW_From_cad\300mm\Recipes\x5\RND-10\OpticsPreset.ini",".ini","39","2026-04-13 16:12","2026-05-17 11:11","[RobotSetup] Name=CAL2_PLUS_BARE.cfg ","-48659"
"C:\job\MPW_From_cad\300mm\Recipes\x5\TrainData\CadReferenceMetaData.xml",".xml","1317","2026-04-13 16:12","2026-05-17 11:11","<?xml version=""1.0""?> <Data xmlns:xsd=""http://www.w3.org/2001/XMLSchema"" xmlns:xsi=""http://www.w3.org/2001/XMLSchema-ins","-48659"
"C:\job\MPW_From_cad\300mm\Recipes\x5\TrainData\CadtoJobRecipe.xml",".xml","2900","2026-04-13 16:12","2026-05-17 11:11","<?xml version=""1.0""?> <JobCreationRecipe xmlns:xsd=""http://www.w3.org/2001/XMLSchema"" xmlns:xsi=""http://www.w3.org/2001/","-48660"
"C:\job\MPW_From_cad\300mm\Recipes\x5\TrainData\DiceInCad.xml",".xml","44281","2026-04-13 16:12","2026-05-17 11:11","<?xml version=""1.0""?> <DiceInBlockDefinition xmlns:xsd=""http://www.w3.org/2001/XMLSchema"" xmlns:xsi=""http://www.w3.org/2","-48660"
"C:\job\MPW_From_cad\300mm\Recipes\x5\TrainData\Die.ini",".ini","877","2026-04-13 16:14","2026-05-17 11:11","[DIE] PixelSize_X=1.68850144860649 PixelSize_Y=1.68850144860649 Step_X=18900 Step_Y=18900 [ALIGNMENT_DATA] DiePitchCorre","-48657"
"C:\job\MPW_From_cad\300mm\Recipes\x5\TrainData\ScanAreaVectorInfo.csv",".csv","130","2026-04-13 16:21","2026-05-17 11:11","ID,zone,X,Y,SizeX,SizeY,ShapeType,Angle,Is3d 1,Zone_0,1049.40365030893,1049.40365030893,2098.80730061787,2098.8073006178","-48650"
"C:\job\MPW_From_cad\300mm\Recipes\x5\WaferAlignData\Alignment_PatFindRtp.txt",".txt","742","2026-04-13 16:28","2026-05-17 11:11"," [14:28:11 04/13/26] Minimum Score           :  85    Minimum Start        :  90    Reduce Delta         :  10 Minimum T","-48643"
"C:\job\MPW_From_cad\300mm\Recipes\x5\WaferAlignData\Alignment_PatRes.txt",".txt","1429","2026-04-13 16:28","2026-05-17 11:11"," [14:28:11 04/13/26] ==========================================================================================  #    Co","-48643"
"C:\job\MPW_From_cad\300mm\Recipes\x5\WaferAlignData\Alignment_Stat.txt",".txt","1410","2026-04-13 16:28","2026-05-17 11:11","  [14:28:11 04/13/26] ==================================================================================================","-48643"
"C:\job\MPW_From_cad\300mm\Recipes\x5\WaferAlignData\AlignmentData.ini",".ini","32","2026-04-13 16:28","2026-05-17 11:11","[General] AlignmentTime=10310 ","-48643"
"C:\job\MPW_From_cad\300mm\Recipes\x5\WaferAlignData\AlignmentNotFound_rtp.txt",".txt","489","2026-04-13 16:14","2026-05-17 11:11"," [14:14:19 04/13/26] Minimum Score           :  85    Minimum Start        :  90    Reduce Delta         :  10 Minimum T","-48657"
"C:\job\MPW_From_cad\300mm\Recipes\x5\WaferAlignData\AlignmentStatisticsTime.txt",".txt","166","2026-04-13 16:28","2026-05-17 11:11","Alignment Statistics Grabbing Counter=8 Total=3046 Average=380.750000 Moving Counter=8 Total=3360 Average=420.000000 Mov","-48643"
"C:\job\MPW_From_cad\300mm\Recipes\x5\Zones\PostProcess.ini",".ini","2651","2026-04-13 16:22","2026-05-17 11:11","[General] ZoneName=PostProcess ZoneID=255 TypeName=PostProcess AutoTH=0 AutoProbe=0 [Warp Direction Calculation] Enable=","-48649"
"C:\job\MPW_From_cad\300mm\Recipes\x5\Zones\ScanArea.ini",".ini","5722","2026-04-13 16:22","2026-05-17 11:11","[General] ZoneName=ScanArea ZoneID=63 TypeName=Surface AutoTH=0 AutoProbe=0 [Surface] Enable=1 AlgorithmName=Surface Cla","-48649"
"C:\job\MPW_From_cad\Setup1\DefectsClustering.ini",".ini","236","2026-03-25 15:42","2026-05-17 11:11","[General] Enabled=0 ClusteringAfterMerge=0 Distance=0 SelectedFirstSortingList=Priority SelectedSecondSortingList=Area S","-76049"
"C:\job\MPW_From_cad\Setup1\DieAlignment.dat_block.ini",".ini","6726","2026-03-26 09:25","2026-05-17 11:11","[General] IsMultiIndex=0 DieCount=81 [Die_0] Row=0 Col=0 PosX=0.000 PosY=0.000 SizeX=301.000 SizeY=301.000 [Die_1] Row=0","-74986"
"C:\job\MPW_From_cad\Setup1\MetaData.ini",".ini","32","2026-03-25 15:29","2026-05-17 11:11","[General] LastActiveRecipe=R1 ","-76062"
"C:\job\MPW_From_cad\Setup1\MultiRecipe.ini",".ini","128","2026-03-25 15:29","2026-05-17 11:11","[Scan] recipe_1=0,R1,,,,, MergingThreadCount=0 doSeparateRecipe=0 DoGrabAfterMerge=0 Recipes=0, [General] Version=1.0.0 ","-76062"
"C:\job\MPW_From_cad\Setup1\ProductionInfo.ini",".ini","61","2026-03-25 22:42","2026-05-17 11:11","[SECSGEM] UserData= PredefinedLotId=0 PredefinedWaferId= ","-75629"
"C:\job\MPW_From_cad\Setup1\Recipes\R1\Alignment.ini",".ini","53","2026-03-26 10:29","2026-05-17 11:11","[WAFER ALIGNMENT] CoarseAlignDone=0 Rotate  w2t=0 ","-74922"
"C:\job\MPW_From_cad\Setup1\Recipes\R1\AlignmentData.ini",".ini","679","2026-03-25 15:37","2026-05-17 11:11","[General] MinScore=85 MinTargetScore=0 PreprocessTargetImage=1 AlignPointsNum=6 IsAffineEnabled=1 ForceToGMF=0 [SECOND_A","-76055"
"C:\job\MPW_From_cad\Setup1\Recipes\R1\AlignRTP.ini",".ini","2946","2026-03-26 09:25","2026-05-17 11:11","[DIE Alignment] Die__MinModelSize=32 Die__MinScore=85 Die__ExtraScanLength_um=0.000000 Die__ExtraScanLength_X_um=0.00000","-74986"
"C:\job\MPW_From_cad\Setup1\Recipes\R1\CadSegmentCleanReference.json",".json","66","2026-03-26 10:32","2026-05-17 11:11","{   ""IsCadSegmentCleanActive"": false,   ""CadSegmentZones"": [] }","-74920"
"C:\job\MPW_From_cad\Setup1\Recipes\R1\CleanReferenceConfiguration.ini",".ini","603","2026-03-25 15:39","2026-05-17 11:11","[General] Version=1 CreateCleanReferencePeriodicaly=0 CreateCleanReferenceEvery=Lot CreateCleanReferenceFrequency=0 IsCl","-76053"
"C:\job\MPW_From_cad\Setup1\Recipes\R1\CleanReferenceFinalParams.ini",".ini","1054","2026-03-26 10:38","2026-05-17 11:11","[General] Version=2 [CleanRefParams] SizeX=2048 SizeY=2048 minCriteria=-2 maxCriteria=-1 minCreateMul=2 maxCreateMul=2 m","-74914"
"C:\job\MPW_From_cad\Setup1\Recipes\R1\CreateReference3dOptions.ini",".ini","415","2026-03-25 15:29","2026-05-17 11:11","[General] Version=0 Debug=0 [Registration] ReferenceRegBy=4 BigBlockRowsNumber=1000 YPartitionsNumber=3 MaxErrorPix=3 PS","-76062"
"C:\job\MPW_From_cad\Setup1\Recipes\R1\DefaultWafer2Table.ini",".ini","978","2026-03-25 15:37","2026-05-17 11:11","[WAFER ALIGNMENT] Wafer2Table_X=          0.9999921865        -0.0000777997   -170227.1623924238 Wafer2Table_Y=         ","-76055"
"C:\job\MPW_From_cad\Setup1\Recipes\R1\DiceInstances.xml",".xml","29921","2026-03-25 15:29","2026-05-17 11:11","<?xml version=""1.0""?> <DiceInstancesInBlock xmlns:xsd=""http://www.w3.org/2001/XMLSchema"" xmlns:xsi=""http://www.w3.org/20","-76062"
"C:\job\MPW_From_cad\Setup1\Recipes\R1\ExternalCoordSystems.ini",".ini","33","2026-03-25 15:29","2026-05-17 11:11","[ExternalCoordSystems] Count=0 ","-76062"
"C:\job\MPW_From_cad\Setup1\Recipes\R1\GlobalRTP.ini",".ini","3205","2026-03-25 15:42","2026-05-17 11:11","[GLOBAL_RTP] LSL_Height=100.000000 USL_Height=140.000000 NominalHeight=120.000000 BumpType=1 CCS_Step=3.000000 CCS_Step_","-76049"
"C:\job\MPW_From_cad\Setup1\Recipes\R1\OpticPreset.ini",".ini","799","2026-03-25 15:30","2026-05-17 11:11","[IllumConversion] Executed=0 [General] Signature=1 [Scan2d] Id=56471972-05ff-49b7-85a4-e1f497f3b4ae FocusPosAboveChuck=6","-76061"
"C:\job\MPW_From_cad\Setup1\Recipes\R1\ProductInfo.ini",".ini","5608","2026-03-26 10:42","2026-05-17 11:11","[GENERAL] ExportFlatPos=0 Mag=1.200000 InkDotMag=-1.000000 TNERegistrationScanMag=1.000000 CleanRefX=128.000000 CleanRef","-74909"
"C:\job\MPW_From_cad\Setup1\Recipes\R1\Recipe.ini",".ini","4936","2026-03-25 15:39","2026-05-17 11:11","[AutoCycle] AutoFocusEvery=1 ; None CleanReferenceEvery=1 ; None UnloadToAnotherCassette=0 ; Move wafers from Loadport A","-76053"
"C:\job\MPW_From_cad\Setup1\Recipes\R1\ReferencesInfo.json",".json","240","2026-03-26 10:38","2026-05-17 11:11","{   ""UseCleanReferenceFolder"": false,   ""PeformCleanOnPizza"": false,   ""ExcludeReferenceFromJob"": false,   ""RecipeID"": ""","-74914"
"C:\job\MPW_From_cad\Setup1\Recipes\R1\RTP.txt",".txt","5539","2026-03-25 15:42","2026-05-17 11:11","[PostProcess]   ; Zone name Alg = Warp_Direction_Calculation Inner_Radius_[Microns] = 1 ;  ( Radius of the inner circle,","-76049"
"C:\job\MPW_From_cad\Setup1\Recipes\R1\ScanOverlapLog.txt",".txt","450","2026-03-26 09:25","2026-05-17 11:11","Scan 2d Overlap [px], [um]; Pixel size = 6.996, 7.00 Minimum             :    32,   32,  224,  224 Detection           :","-74986"
"C:\job\MPW_From_cad\Setup1\Recipes\R1\ScenariosMetadatas.ini",".ini","261","2026-03-25 15:37","2026-05-17 11:11","[General] Version=1 [Scan2d] Id=b7d9f866-2022-28a3-91de-10dd152d834e OpticsId=56471972-05ff-49b7-85a4-e1f497f3b4ae Refer","-76054"
"C:\job\MPW_From_cad\Setup1\Recipes\R1\UniqueArea.ini",".ini","20","2026-03-25 15:29","2026-05-17 11:11","[General] Count=0 ","-76062"
"C:\job\MPW_From_cad\Setup1\Recipes\R1\Wafer2Table.ini",".ini","978","2026-03-26 09:25","2026-05-17 11:11","[WAFER ALIGNMENT] Wafer2Table_X=          0.9999875818        -0.0003535270   -170170.8728542820 Wafer2Table_Y=         ","-74986"
"C:\job\MPW_From_cad\Setup1\Recipes\R1\WaferDataReadSettings.xml",".xml","195","2026-03-25 15:29","2026-05-17 11:11","<?xml version=""1.0""?> <WaferDataReadSettings xmlns:xsi=""http://www.w3.org/2001/XMLSchema-instance"" xmlns:xsd=""http://www","-76062"
"C:\job\MPW_From_cad\Setup1\Recipes\R1\Waferinfo.ini",".ini","665","2026-03-26 10:29","2026-05-17 11:11","[Robot] Rotation=0 SideUp=1 [General] key_minarea=0 hd_cmm=False hd_alignment=True hd_scan=True hd_robot=True hd_verific","-74922"
"C:\job\MPW_From_cad\Setup1\Recipes\R1\WaferMapRecipe.ini",".ini","865","2026-03-25 15:29","2026-05-17 11:11","[GENERAL] SettingsPolicy=0 FiducialBin=-1 [Input_Update] Enable=0 FileMask= ImportDirectory= UpdateDirectory= AutoMatchE","-76062"
"C:\job\MPW_From_cad\Setup1\Recipes\R1\Zones.ini",".ini","260","2026-03-25 15:42","2026-05-17 11:11","[ALGName] 255=PostProcess 0=ScanArea [ALG] 255=PostProcess 0=Surface [BinCodes] 255=-1 0=-1 [Color Name] 255=#FFFFFF 0= ","-76049"
"C:\job\MPW_From_cad\Setup1\Recipes\R1\ZoomLevels.ini",".ini","263","2026-03-25 15:31","2026-05-17 11:11","[DIE] Step_X=2701.6060 Step_Y=2701.6060 [ZOOM_LEVELS] LEVEL_1=1 SaveCompressed=0 LEVEL_2=1 LEVEL_4=1 [LEVEL_1] SizeX=270","-76060"
"C:\job\MPW_From_cad\Setup1\Recipes\R1\.dc_cache\TransactionsHistory.ini",".ini","216","2026-03-25 15:39","2026-05-17 11:11","[DeprecatedInV0] Namespace.RuntimeEntities.RecipePartsCollection_Runtime|RecipePartsCollection|CleanReferenceParams=1 Na","-76053"
"C:\job\MPW_From_cad\Setup1\Recipes\R1\Die_1\DieMapRegPos.txt",".txt","110","2026-03-25 15:29","2026-05-17 11:11","ScaleX =    1.0000000000; ScaleY =    1.0000000000   RefID       X        Y  Zone Count      Shape Data ","-76062"
"C:\job\MPW_From_cad\Setup1\Recipes\R1\Die_1\DieRegPos.txt",".txt","110","2026-03-25 15:29","2026-05-17 11:11","ScaleX =    1.0000000000; ScaleY =    1.0000000000   RefID       X        Y  Zone Count      Shape Data ","-76062"
"C:\job\MPW_From_cad\Setup1\Recipes\R1\Die_1\DieRegPosInCad.txt",".txt","0","2026-03-25 15:29","2026-05-17 11:11","","-76062"
"C:\job\MPW_From_cad\Setup1\Recipes\R1\Die_1\Zones.ini",".ini","23","2026-03-25 15:41","2026-05-17 11:11","[General] Version=11 ","-76050"
"C:\job\MPW_From_cad\Setup1\Recipes\R1\Die_1\zones.txt",".txt","170","2026-03-25 15:41","2026-05-17 11:11","ScaleX =    1.0000000000; ScaleY =    1.0000000000   RefID       X        Y  Zone Count      Shape Data       1    150.0","-76050"
"C:\job\MPW_From_cad\Setup1\Recipes\R1\Die_1\zonesInCad.txt",".txt","0","2026-03-25 15:29","2026-05-17 11:11","","-76062"
"C:\job\MPW_From_cad\Setup1\Recipes\R1\Die_1\ZoomLevels.ini",".ini","77","2026-03-25 15:29","2026-05-17 11:11","[ZOOM_LEVELS] LEVEL_1=1 SaveCompressed=0 [LEVEL_1] SizeX=300 SizeY=300 ","-76062"
"C:\job\MPW_From_cad\Setup1\Recipes\R1\Die_1\ReferenceBackup\ZoomLevels.ini",".ini","77","2026-03-25 15:29","2026-05-17 11:11","[ZOOM_LEVELS] LEVEL_1=1 SaveCompressed=0 [LEVEL_1] SizeX=300 SizeY=300 ","-76062"
"C:\job\MPW_From_cad\Setup1\Recipes\R1\Die_10\DieMapRegPos.txt",".txt","110","2026-03-25 15:29","2026-05-17 11:11","ScaleX =    1.0000000000; ScaleY =    1.0000000000   RefID       X        Y  Zone Count      Shape Data ","-76062"
"C:\job\MPW_From_cad\Setup1\Recipes\R1\Die_10\DieRegPos.txt",".txt","110","2026-03-25 15:29","2026-05-17 11:11","ScaleX =    1.0000000000; ScaleY =    1.0000000000   RefID       X        Y  Zone Count      Shape Data ","-76062"
"C:\job\MPW_From_cad\Setup1\Recipes\R1\Die_10\DieRegPosInCad.txt",".txt","0","2026-03-25 15:29","2026-05-17 11:11","","-76062"
"C:\job\MPW_From_cad\Setup1\Recipes\R1\Die_10\Zones.ini",".ini","23","2026-03-25 15:41","2026-05-17 11:11","[General] Version=11 ","-76050"
"C:\job\MPW_From_cad\Setup1\Recipes\R1\Die_10\zones.txt",".txt","170","2026-03-25 15:41","2026-05-17 11:11","ScaleX =    1.0000000000; ScaleY =    1.0000000000   RefID       X        Y  Zone Count      Shape Data       1    150.0","-76050"
"C:\job\MPW_From_cad\Setup1\Recipes\R1\Die_10\zonesInCad.txt",".txt","0","2026-03-25 15:29","2026-05-17 11:11","","-76062"
"C:\job\MPW_From_cad\Setup1\Recipes\R1\Die_10\ZoomLevels.ini",".ini","77","2026-03-25 15:29","2026-05-17 11:11","[ZOOM_LEVELS] LEVEL_1=1 SaveCompressed=0 [LEVEL_1] SizeX=300 SizeY=300 ","-76062"
"C:\job\MPW_From_cad\Setup1\Recipes\R1\Die_10\ReferenceBackup\ZoomLevels.ini",".ini","77","2026-03-25 15:29","2026-05-17 11:11","[ZOOM_LEVELS] LEVEL_1=1 SaveCompressed=0 [LEVEL_1] SizeX=300 SizeY=300 ","-76062"
"C:\job\MPW_From_cad\Setup1\Recipes\R1\Die_11\DieMapRegPos.txt",".txt","110","2026-03-25 15:29","2026-05-17 11:11","ScaleX =    1.0000000000; ScaleY =    1.0000000000   RefID       X        Y  Zone Count      Shape Data ","-76062"
"C:\job\MPW_From_cad\Setup1\Recipes\R1\Die_11\DieRegPos.txt",".txt","110","2026-03-25 15:29","2026-05-17 11:11","ScaleX =    1.0000000000; ScaleY =    1.0000000000   RefID       X        Y  Zone Count      Shape Data ","-76062"
"C:\job\MPW_From_cad\Setup1\Recipes\R1\Die_11\DieRegPosInCad.txt",".txt","0","2026-03-25 15:29","2026-05-17 11:11","","-76062"
"C:\job\MPW_From_cad\Setup1\Recipes\R1\Die_11\Zones.ini",".ini","23","2026-03-25 15:41","2026-05-17 11:11","[General] Version=11 ","-76050"
"C:\job\MPW_From_cad\Setup1\Recipes\R1\Die_11\zones.txt",".txt","170","2026-03-25 15:41","2026-05-17 11:11","ScaleX =    1.0000000000; ScaleY =    1.0000000000   RefID       X        Y  Zone Count      Shape Data       1    150.0","-76050"
"C:\job\MPW_From_cad\Setup1\Recipes\R1\Die_11\zonesInCad.txt",".txt","0","2026-03-25 15:29","2026-05-17 11:11","","-76062"
"C:\job\MPW_From_cad\Setup1\Recipes\R1\Die_11\ZoomLevels.ini",".ini","77","2026-03-25 15:29","2026-05-17 11:11","[ZOOM_LEVELS] LEVEL_1=1 SaveCompressed=0 [LEVEL_1] SizeX=300 SizeY=300 ","-76062"
"C:\job\MPW_From_cad\Setup1\Recipes\R1\Die_11\ReferenceBackup\ZoomLevels.ini",".ini","77","2026-03-25 15:29","2026-05-17 11:11","[ZOOM_LEVELS] LEVEL_1=1 SaveCompressed=0 [LEVEL_1] SizeX=300 SizeY=300 ","-76062"
"C:\job\MPW_From_cad\Setup1\Recipes\R1\Die_12\DieMapRegPos.txt",".txt","110","2026-03-25 15:29","2026-05-17 11:11","ScaleX =    1.0000000000; ScaleY =    1.0000000000   RefID       X        Y  Zone Count      Shape Data ","-76062"
"C:\job\MPW_From_cad\Setup1\Recipes\R1\Die_12\DieRegPos.txt",".txt","110","2026-03-25 15:29","2026-05-17 11:11","ScaleX =    1.0000000000; ScaleY =    1.0000000000   RefID       X        Y  Zone Count      Shape Data ","-76062"
"C:\job\MPW_From_cad\Setup1\Recipes\R1\Die_12\DieRegPosInCad.txt",".txt","0","2026-03-25 15:29","2026-05-17 11:11","","-76062"
"C:\job\MPW_From_cad\Setup1\Recipes\R1\Die_12\Zones.ini",".ini","23","2026-03-25 15:41","2026-05-17 11:11","[General] Version=11 ","-76050"
"C:\job\MPW_From_cad\Setup1\Recipes\R1\Die_12\zones.txt",".txt","170","2026-03-25 15:41","2026-05-17 11:11","ScaleX =    1.0000000000; ScaleY =    1.0000000000   RefID       X        Y  Zone Count      Shape Data       1    150.0","-76050"
"C:\job\MPW_From_cad\Setup1\Recipes\R1\Die_12\zonesInCad.txt",".txt","0","2026-03-25 15:29","2026-05-17 11:11","","-76062"
"C:\job\MPW_From_cad\Setup1\Recipes\R1\Die_12\ZoomLevels.ini",".ini","77","2026-03-25 15:29","2026-05-17 11:11","[ZOOM_LEVELS] LEVEL_1=1 SaveCompressed=0 [LEVEL_1] SizeX=300 SizeY=300 ","-76062"
"C:\job\MPW_From_cad\Setup1\Recipes\R1\Die_12\ReferenceBackup\ZoomLevels.ini",".ini","77","2026-03-25 15:29","2026-05-17 11:11","[ZOOM_LEVELS] LEVEL_1=1 SaveCompressed=0 [LEVEL_1] SizeX=300 SizeY=300 ","-76062"
"C:\job\MPW_From_cad\Setup1\Recipes\R1\Die_13\DieMapRegPos.txt",".txt","110","2026-03-25 15:29","2026-05-17 11:11","ScaleX =    1.0000000000; ScaleY =    1.0000000000   RefID       X        Y  Zone Count      Shape Data ","-76062"
"C:\job\MPW_From_cad\Setup1\Recipes\R1\Die_13\DieRegPos.txt",".txt","110","2026-03-25 15:29","2026-05-17 11:11","ScaleX =    1.0000000000; ScaleY =    1.0000000000   RefID       X        Y  Zone Count      Shape Data ","-76062"
"C:\job\MPW_From_cad\Setup1\Recipes\R1\Die_13\DieRegPosInCad.txt",".txt","0","2026-03-25 15:29","2026-05-17 11:11","","-76062"
"C:\job\MPW_From_cad\Setup1\Recipes\R1\Die_13\Zones.ini",".ini","23","2026-03-25 15:41","2026-05-17 11:11","[General] Version=11 ","-76050"
"C:\job\MPW_From_cad\Setup1\Recipes\R1\Die_13\zones.txt",".txt","170","2026-03-25 15:41","2026-05-17 11:11","ScaleX =    1.0000000000; ScaleY =    1.0000000000   RefID       X        Y  Zone Count      Shape Data       1    150.0","-76050"
"C:\job\MPW_From_cad\Setup1\Recipes\R1\Die_13\zonesInCad.txt",".txt","0","2026-03-25 15:29","2026-05-17 11:11","","-76062"
"C:\job\MPW_From_cad\Setup1\Recipes\R1\Die_13\ZoomLevels.ini",".ini","77","2026-03-25 15:29","2026-05-17 11:11","[ZOOM_LEVELS] LEVEL_1=1 SaveCompressed=0 [LEVEL_1] SizeX=300 SizeY=300 ","-76062"
"C:\job\MPW_From_cad\Setup1\Recipes\R1\Die_13\ReferenceBackup\ZoomLevels.ini",".ini","77","2026-03-25 15:29","2026-05-17 11:11","[ZOOM_LEVELS] LEVEL_1=1 SaveCompressed=0 [LEVEL_1] SizeX=300 SizeY=300 ","-76062"
"C:\job\MPW_From_cad\Setup1\Recipes\R1\Die_14\DieMapRegPos.txt",".txt","110","2026-03-25 15:29","2026-05-17 11:11","ScaleX =    1.0000000000; ScaleY =    1.0000000000   RefID       X        Y  Zone Count      Shape Data ","-76062"
"C:\job\MPW_From_cad\Setup1\Recipes\R1\Die_14\DieRegPos.txt",".txt","110","2026-03-25 15:29","2026-05-17 11:11","ScaleX =    1.0000000000; ScaleY =    1.0000000000   RefID       X        Y  Zone Count      Shape Data ","-76062"
"C:\job\MPW_From_cad\Setup1\Recipes\R1\Die_14\DieRegPosInCad.txt",".txt","0","2026-03-25 15:29","2026-05-17 11:11","","-76062"
"C:\job\MPW_From_cad\Setup1\Recipes\R1\Die_14\Zones.ini",".ini","23","2026-03-25 15:41","2026-05-17 11:11","[General] Version=11 ","-76050"
"C:\job\MPW_From_cad\Setup1\Recipes\R1\Die_14\zones.txt",".txt","170","2026-03-25 15:41","2026-05-17 11:11","ScaleX =    1.0000000000; ScaleY =    1.0000000000   RefID       X        Y  Zone Count      Shape Data       1    150.0","-76050"
"C:\job\MPW_From_cad\Setup1\Recipes\R1\Die_14\zonesInCad.txt",".txt","0","2026-03-25 15:29","2026-05-17 11:11","","-76062"
"C:\job\MPW_From_cad\Setup1\Recipes\R1\Die_14\ZoomLevels.ini",".ini","77","2026-03-25 15:29","2026-05-17 11:11","[ZOOM_LEVELS] LEVEL_1=1 SaveCompressed=0 [LEVEL_1] SizeX=300 SizeY=300 ","-76062"
"C:\job\MPW_From_cad\Setup1\Recipes\R1\Die_14\ReferenceBackup\ZoomLevels.ini",".ini","77","2026-03-25 15:29","2026-05-17 11:11","[ZOOM_LEVELS] LEVEL_1=1 SaveCompressed=0 [LEVEL_1] SizeX=300 SizeY=300 ","-76062"
"C:\job\MPW_From_cad\Setup1\Recipes\R1\Die_15\DieMapRegPos.txt",".txt","110","2026-03-25 15:29","2026-05-17 11:11","ScaleX =    1.0000000000; ScaleY =    1.0000000000   RefID       X        Y  Zone Count      Shape Data ","-76062"
"C:\job\MPW_From_cad\Setup1\Recipes\R1\Die_15\DieRegPos.txt",".txt","110","2026-03-25 15:29","2026-05-17 11:11","ScaleX =    1.0000000000; ScaleY =    1.0000000000   RefID       X        Y  Zone Count      Shape Data ","-76062"
"C:\job\MPW_From_cad\Setup1\Recipes\R1\Die_15\DieRegPosInCad.txt",".txt","0","2026-03-25 15:29","2026-05-17 11:11","","-76062"
"C:\job\MPW_From_cad\Setup1\Recipes\R1\Die_15\Zones.ini",".ini","23","2026-03-25 15:41","2026-05-17 11:11","[General] Version=11 ","-76050"
"C:\job\MPW_From_cad\Setup1\Recipes\R1\Die_15\zones.txt",".txt","170","2026-03-25 15:41","2026-05-17 11:11","ScaleX =    1.0000000000; ScaleY =    1.0000000000   RefID       X        Y  Zone Count      Shape Data       1    150.0","-76050"
"C:\job\MPW_From_cad\Setup1\Recipes\R1\Die_15\zonesInCad.txt",".txt","0","2026-03-25 15:29","2026-05-17 11:11","","-76062"
"C:\job\MPW_From_cad\Setup1\Recipes\R1\Die_15\ZoomLevels.ini",".ini","77","2026-03-25 15:29","2026-05-17 11:11","[ZOOM_LEVELS] LEVEL_1=1 SaveCompressed=0 [LEVEL_1] SizeX=300 SizeY=300 ","-76062"
"C:\job\MPW_From_cad\Setup1\Recipes\R1\Die_15\ReferenceBackup\ZoomLevels.ini",".ini","77","2026-03-25 15:29","2026-05-17 11:11","[ZOOM_LEVELS] LEVEL_1=1 SaveCompressed=0 [LEVEL_1] SizeX=300 SizeY=300 ","-76062"
"C:\job\MPW_From_cad\Setup1\Recipes\R1\Die_16\DieMapRegPos.txt",".txt","110","2026-03-25 15:29","2026-05-17 11:11","ScaleX =    1.0000000000; ScaleY =    1.0000000000   RefID       X        Y  Zone Count      Shape Data ","-76062"
"C:\job\MPW_From_cad\Setup1\Recipes\R1\Die_16\DieRegPos.txt",".txt","110","2026-03-25 15:29","2026-05-17 11:11","ScaleX =    1.0000000000; ScaleY =    1.0000000000   RefID       X        Y  Zone Count      Shape Data ","-76062"
"C:\job\MPW_From_cad\Setup1\Recipes\R1\Die_16\DieRegPosInCad.txt",".txt","0","2026-03-25 15:29","2026-05-17 11:11","","-76062"
"C:\job\MPW_From_cad\Setup1\Recipes\R1\Die_16\Zones.ini",".ini","23","2026-03-25 15:41","2026-05-17 11:11","[General] Version=11 ","-76050"
"C:\job\MPW_From_cad\Setup1\Recipes\R1\Die_16\zones.txt",".txt","170","2026-03-25 15:41","2026-05-17 11:11","ScaleX =    1.0000000000; ScaleY =    1.0000000000   RefID       X        Y  Zone Count      Shape Data       1    150.0","-76050"
"C:\job\MPW_From_cad\Setup1\Recipes\R1\Die_16\zonesInCad.txt",".txt","0","2026-03-25 15:29","2026-05-17 11:11","","-76062"
"C:\job\MPW_From_cad\Setup1\Recipes\R1\Die_16\ZoomLevels.ini",".ini","77","2026-03-25 15:29","2026-05-17 11:11","[ZOOM_LEVELS] LEVEL_1=1 SaveCompressed=0 [LEVEL_1] SizeX=300 SizeY=300 ","-76062"
"C:\job\MPW_From_cad\Setup1\Recipes\R1\Die_16\ReferenceBackup\ZoomLevels.ini",".ini","77","2026-03-25 15:29","2026-05-17 11:11","[ZOOM_LEVELS] LEVEL_1=1 SaveCompressed=0 [LEVEL_1] SizeX=300 SizeY=300 ","-76062"
"C:\job\MPW_From_cad\Setup1\Recipes\R1\Die_17\DieMapRegPos.txt",".txt","110","2026-03-25 15:29","2026-05-17 11:11","ScaleX =    1.0000000000; ScaleY =    1.0000000000   RefID       X        Y  Zone Count      Shape Data ","-76062"
"C:\job\MPW_From_cad\Setup1\Recipes\R1\Die_17\DieRegPos.txt",".txt","110","2026-03-25 15:29","2026-05-17 11:11","ScaleX =    1.0000000000; ScaleY =    1.0000000000   RefID       X        Y  Zone Count      Shape Data ","-76062"
"C:\job\MPW_From_cad\Setup1\Recipes\R1\Die_17\DieRegPosInCad.txt",".txt","0","2026-03-25 15:29","2026-05-17 11:11","","-76062"
"C:\job\MPW_From_cad\Setup1\Recipes\R1\Die_17\Zones.ini",".ini","23","2026-03-25 15:41","2026-05-17 11:11","[General] Version=11 ","-76050"
"C:\job\MPW_From_cad\Setup1\Recipes\R1\Die_17\zones.txt",".txt","170","2026-03-25 15:41","2026-05-17 11:11","ScaleX =    1.0000000000; ScaleY =    1.0000000000   RefID       X        Y  Zone Count      Shape Data       1    150.0","-76050"
"C:\job\MPW_From_cad\Setup1\Recipes\R1\Die_17\zonesInCad.txt",".txt","0","2026-03-25 15:29","2026-05-17 11:11","","-76062"
"C:\job\MPW_From_cad\Setup1\Recipes\R1\Die_17\ZoomLevels.ini",".ini","77","2026-03-25 15:29","2026-05-17 11:11","[ZOOM_LEVELS] LEVEL_1=1 SaveCompressed=0 [LEVEL_1] SizeX=300 SizeY=300 ","-76062"
"C:\job\MPW_From_cad\Setup1\Recipes\R1\Die_17\ReferenceBackup\ZoomLevels.ini",".ini","77","2026-03-25 15:29","2026-05-17 11:11","[ZOOM_LEVELS] LEVEL_1=1 SaveCompressed=0 [LEVEL_1] SizeX=300 SizeY=300 ","-76062"
"C:\job\MPW_From_cad\Setup1\Recipes\R1\Die_18\DieMapRegPos.txt",".txt","110","2026-03-25 15:29","2026-05-17 11:11","ScaleX =    1.0000000000; ScaleY =    1.0000000000   RefID       X        Y  Zone Count      Shape Data ","-76062"
"C:\job\MPW_From_cad\Setup1\Recipes\R1\Die_18\DieRegPos.txt",".txt","110","2026-03-25 15:29","2026-05-17 11:11","ScaleX =    1.0000000000; ScaleY =    1.0000000000   RefID       X        Y  Zone Count      Shape Data ","-76062"
"C:\job\MPW_From_cad\Setup1\Recipes\R1\Die_18\DieRegPosInCad.txt",".txt","0","2026-03-25 15:29","2026-05-17 11:11","","-76062"
"C:\job\MPW_From_cad\Setup1\Recipes\R1\Die_18\Zones.ini",".ini","23","2026-03-25 15:41","2026-05-17 11:11","[General] Version=11 ","-76050"
"C:\job\MPW_From_cad\Setup1\Recipes\R1\Die_18\zones.txt",".txt","170","2026-03-25 15:41","2026-05-17 11:11","ScaleX =    1.0000000000; ScaleY =    1.0000000000   RefID       X        Y  Zone Count      Shape Data       1    150.0","-76050"
"C:\job\MPW_From_cad\Setup1\Recipes\R1\Die_18\zonesInCad.txt",".txt","0","2026-03-25 15:29","2026-05-17 11:11","","-76062"
"C:\job\MPW_From_cad\Setup1\Recipes\R1\Die_18\ZoomLevels.ini",".ini","77","2026-03-25 15:29","2026-05-17 11:11","[ZOOM_LEVELS] LEVEL_1=1 SaveCompressed=0 [LEVEL_1] SizeX=300 SizeY=300 ","-76062"
"C:\job\MPW_From_cad\Setup1\Recipes\R1\Die_18\ReferenceBackup\ZoomLevels.ini",".ini","77","2026-03-25 15:29","2026-05-17 11:11","[ZOOM_LEVELS] LEVEL_1=1 SaveCompressed=0 [LEVEL_1] SizeX=300 SizeY=300 ","-76062"
"C:\job\MPW_From_cad\Setup1\Recipes\R1\Die_19\DieMapRegPos.txt",".txt","110","2026-03-25 15:29","2026-05-17 11:11","ScaleX =    1.0000000000; ScaleY =    1.0000000000   RefID       X        Y  Zone Count      Shape Data ","-76062"
"C:\job\MPW_From_cad\Setup1\Recipes\R1\Die_19\DieRegPos.txt",".txt","110","2026-03-25 15:29","2026-05-17 11:11","ScaleX =    1.0000000000; ScaleY =    1.0000000000   RefID       X        Y  Zone Count      Shape Data ","-76062"
"C:\job\MPW_From_cad\Setup1\Recipes\R1\Die_19\DieRegPosInCad.txt",".txt","0","2026-03-25 15:29","2026-05-17 11:11","","-76062"
"C:\job\MPW_From_cad\Setup1\Recipes\R1\Die_19\Zones.ini",".ini","23","2026-03-25 15:41","2026-05-17 11:11","[General] Version=11 ","-76050"
"C:\job\MPW_From_cad\Setup1\Recipes\R1\Die_19\zones.txt",".txt","170","2026-03-25 15:41","2026-05-17 11:11","ScaleX =    1.0000000000; ScaleY =    1.0000000000   RefID       X        Y  Zone Count      Shape Data       1    150.0","-76050"
"C:\job\MPW_From_cad\Setup1\Recipes\R1\Die_19\zonesInCad.txt",".txt","0","2026-03-25 15:29","2026-05-17 11:11","","-76062"
"C:\job\MPW_From_cad\Setup1\Recipes\R1\Die_19\ZoomLevels.ini",".ini","77","2026-03-25 15:29","2026-05-17 11:11","[ZOOM_LEVELS] LEVEL_1=1 SaveCompressed=0 [LEVEL_1] SizeX=300 SizeY=300 ","-76062"
"C:\job\MPW_From_cad\Setup1\Recipes\R1\Die_19\ReferenceBackup\ZoomLevels.ini",".ini","77","2026-03-25 15:29","2026-05-17 11:11","[ZOOM_LEVELS] LEVEL_1=1 SaveCompressed=0 [LEVEL_1] SizeX=300 SizeY=300 ","-76062"
"C:\job\MPW_From_cad\Setup1\Recipes\R1\Die_2\DieMapRegPos.txt",".txt","110","2026-03-25 15:29","2026-05-17 11:11","ScaleX =    1.0000000000; ScaleY =    1.0000000000   RefID       X        Y  Zone Count      Shape Data ","-76062"
"C:\job\MPW_From_cad\Setup1\Recipes\R1\Die_2\DieRegPos.txt",".txt","110","2026-03-25 15:29","2026-05-17 11:11","ScaleX =    1.0000000000; ScaleY =    1.0000000000   RefID       X        Y  Zone Count      Shape Data ","-76062"
"C:\job\MPW_From_cad\Setup1\Recipes\R1\Die_2\DieRegPosInCad.txt",".txt","0","2026-03-25 15:29","2026-05-17 11:11","","-76062"
"C:\job\MPW_From_cad\Setup1\Recipes\R1\Die_2\Zones.ini",".ini","23","2026-03-25 15:41","2026-05-17 11:11","[General] Version=11 ","-76050"
"C:\job\MPW_From_cad\Setup1\Recipes\R1\Die_2\zones.txt",".txt","170","2026-03-25 15:41","2026-05-17 11:11","ScaleX =    1.0000000000; ScaleY =    1.0000000000   RefID       X        Y  Zone Count      Shape Data       1    150.0","-76050"
"C:\job\MPW_From_cad\Setup1\Recipes\R1\Die_2\zonesInCad.txt",".txt","0","2026-03-25 15:29","2026-05-17 11:11","","-76062"
"C:\job\MPW_From_cad\Setup1\Recipes\R1\Die_2\ZoomLevels.ini",".ini","77","2026-03-25 15:29","2026-05-17 11:11","[ZOOM_LEVELS] LEVEL_1=1 SaveCompressed=0 [LEVEL_1] SizeX=300 SizeY=300 ","-76062"
"C:\job\MPW_From_cad\Setup1\Recipes\R1\Die_2\ReferenceBackup\ZoomLevels.ini",".ini","77","2026-03-25 15:29","2026-05-17 11:11","[ZOOM_LEVELS] LEVEL_1=1 SaveCompressed=0 [LEVEL_1] SizeX=300 SizeY=300 ","-76062"
"C:\job\MPW_From_cad\Setup1\Recipes\R1\Die_20\DieMapRegPos.txt",".txt","110","2026-03-25 15:29","2026-05-17 11:11","ScaleX =    1.0000000000; ScaleY =    1.0000000000   RefID       X        Y  Zone Count      Shape Data ","-76062"
"C:\job\MPW_From_cad\Setup1\Recipes\R1\Die_20\DieRegPos.txt",".txt","110","2026-03-25 15:29","2026-05-17 11:11","ScaleX =    1.0000000000; ScaleY =    1.0000000000   RefID       X        Y  Zone Count      Shape Data ","-76062"
"C:\job\MPW_From_cad\Setup1\Recipes\R1\Die_20\DieRegPosInCad.txt",".txt","0","2026-03-25 15:29","2026-05-17 11:11","","-76062"
"C:\job\MPW_From_cad\Setup1\Recipes\R1\Die_20\Zones.ini",".ini","23","2026-03-25 15:41","2026-05-17 11:11","[General] Version=11 ","-76050"
"C:\job\MPW_From_cad\Setup1\Recipes\R1\Die_20\zones.txt",".txt","170","2026-03-25 15:41","2026-05-17 11:11","ScaleX =    1.0000000000; ScaleY =    1.0000000000   RefID       X        Y  Zone Count      Shape Data       1    150.0","-76050"
"C:\job\MPW_From_cad\Setup1\Recipes\R1\Die_20\zonesInCad.txt",".txt","0","2026-03-25 15:29","2026-05-17 11:11","","-76062"
"C:\job\MPW_From_cad\Setup1\Recipes\R1\Die_20\ZoomLevels.ini",".ini","77","2026-03-25 15:29","2026-05-17 11:11","[ZOOM_LEVELS] LEVEL_1=1 SaveCompressed=0 [LEVEL_1] SizeX=300 SizeY=300 ","-76062"
"C:\job\MPW_From_cad\Setup1\Recipes\R1\Die_20\ReferenceBackup\ZoomLevels.ini",".ini","77","2026-03-25 15:29","2026-05-17 11:11","[ZOOM_LEVELS] LEVEL_1=1 SaveCompressed=0 [LEVEL_1] SizeX=300 SizeY=300 ","-76062"
"C:\job\MPW_From_cad\Setup1\Recipes\R1\Die_21\DieMapRegPos.txt",".txt","110","2026-03-25 15:29","2026-05-17 11:11","ScaleX =    1.0000000000; ScaleY =    1.0000000000   RefID       X        Y  Zone Count      Shape Data ","-76062"
"C:\job\MPW_From_cad\Setup1\Recipes\R1\Die_21\DieRegPos.txt",".txt","110","2026-03-25 15:29","2026-05-17 11:11","ScaleX =    1.0000000000; ScaleY =    1.0000000000   RefID       X        Y  Zone Count      Shape Data ","-76062"
"C:\job\MPW_From_cad\Setup1\Recipes\R1\Die_21\DieRegPosInCad.txt",".txt","0","2026-03-25 15:29","2026-05-17 11:11","","-76062"
"C:\job\MPW_From_cad\Setup1\Recipes\R1\Die_21\Zones.ini",".ini","23","2026-03-25 15:42","2026-05-17 11:11","[General] Version=11 ","-76050"
"C:\job\MPW_From_cad\Setup1\Recipes\R1\Die_21\zones.txt",".txt","170","2026-03-25 15:42","2026-05-17 11:11","ScaleX =    1.0000000000; ScaleY =    1.0000000000   RefID       X        Y  Zone Count      Shape Data       1    150.0","-76050"
"C:\job\MPW_From_cad\Setup1\Recipes\R1\Die_21\zonesInCad.txt",".txt","0","2026-03-25 15:29","2026-05-17 11:11","","-76062"
"C:\job\MPW_From_cad\Setup1\Recipes\R1\Die_21\ZoomLevels.ini",".ini","77","2026-03-25 15:29","2026-05-17 11:11","[ZOOM_LEVELS] LEVEL_1=1 SaveCompressed=0 [LEVEL_1] SizeX=300 SizeY=300 ","-76062"
"C:\job\MPW_From_cad\Setup1\Recipes\R1\Die_21\ReferenceBackup\ZoomLevels.ini",".ini","77","2026-03-25 15:29","2026-05-17 11:11","[ZOOM_LEVELS] LEVEL_1=1 SaveCompressed=0 [LEVEL_1] SizeX=300 SizeY=300 ","-76062"
"C:\job\MPW_From_cad\Setup1\Recipes\R1\Die_22\DieMapRegPos.txt",".txt","110","2026-03-25 15:29","2026-05-17 11:11","ScaleX =    1.0000000000; ScaleY =    1.0000000000   RefID       X        Y  Zone Count      Shape Data ","-76062"
"C:\job\MPW_From_cad\Setup1\Recipes\R1\Die_22\DieRegPos.txt",".txt","110","2026-03-25 15:29","2026-05-17 11:11","ScaleX =    1.0000000000; ScaleY =    1.0000000000   RefID       X        Y  Zone Count      Shape Data ","-76062"
"C:\job\MPW_From_cad\Setup1\Recipes\R1\Die_22\DieRegPosInCad.txt",".txt","0","2026-03-25 15:29","2026-05-17 11:11","","-76062"
"C:\job\MPW_From_cad\Setup1\Recipes\R1\Die_22\Zones.ini",".ini","23","2026-03-25 15:42","2026-05-17 11:11","[General] Version=11 ","-76050"
"C:\job\MPW_From_cad\Setup1\Recipes\R1\Die_22\zones.txt",".txt","170","2026-03-25 15:42","2026-05-17 11:11","ScaleX =    1.0000000000; ScaleY =    1.0000000000   RefID       X        Y  Zone Count      Shape Data       1    150.0","-76050"
"C:\job\MPW_From_cad\Setup1\Recipes\R1\Die_22\zonesInCad.txt",".txt","0","2026-03-25 15:29","2026-05-17 11:11","","-76062"
"C:\job\MPW_From_cad\Setup1\Recipes\R1\Die_22\ZoomLevels.ini",".ini","77","2026-03-25 15:29","2026-05-17 11:11","[ZOOM_LEVELS] LEVEL_1=1 SaveCompressed=0 [LEVEL_1] SizeX=300 SizeY=300 ","-76062"
"C:\job\MPW_From_cad\Setup1\Recipes\R1\Die_22\ReferenceBackup\ZoomLevels.ini",".ini","77","2026-03-25 15:29","2026-05-17 11:11","[ZOOM_LEVELS] LEVEL_1=1 SaveCompressed=0 [LEVEL_1] SizeX=300 SizeY=300 ","-76062"
"C:\job\MPW_From_cad\Setup1\Recipes\R1\Die_23\DieMapRegPos.txt",".txt","110","2026-03-25 15:29","2026-05-17 11:11","ScaleX =    1.0000000000; ScaleY =    1.0000000000   RefID       X        Y  Zone Count      Shape Data ","-76062"
"C:\job\MPW_From_cad\Setup1\Recipes\R1\Die_23\DieRegPos.txt",".txt","110","2026-03-25 15:29","2026-05-17 11:11","ScaleX =    1.0000000000; ScaleY =    1.0000000000   RefID       X        Y  Zone Count      Shape Data ","-76062"
"C:\job\MPW_From_cad\Setup1\Recipes\R1\Die_23\DieRegPosInCad.txt",".txt","0","2026-03-25 15:29","2026-05-17 11:11","","-76062"
"C:\job\MPW_From_cad\Setup1\Recipes\R1\Die_23\Zones.ini",".ini","23","2026-03-25 15:42","2026-05-17 11:11","[General] Version=11 ","-76050"
"C:\job\MPW_From_cad\Setup1\Recipes\R1\Die_23\zones.txt",".txt","170","2026-03-25 15:42","2026-05-17 11:11","ScaleX =    1.0000000000; ScaleY =    1.0000000000   RefID       X        Y  Zone Count      Shape Data       1    150.0","-76050"
"C:\job\MPW_From_cad\Setup1\Recipes\R1\Die_23\zonesInCad.txt",".txt","0","2026-03-25 15:29","2026-05-17 11:11","","-76062"
"C:\job\MPW_From_cad\Setup1\Recipes\R1\Die_23\ZoomLevels.ini",".ini","77","2026-03-25 15:29","2026-05-17 11:11","[ZOOM_LEVELS] LEVEL_1=1 SaveCompressed=0 [LEVEL_1] SizeX=300 SizeY=300 ","-76062"
"C:\job\MPW_From_cad\Setup1\Recipes\R1\Die_23\ReferenceBackup\ZoomLevels.ini",".ini","77","2026-03-25 15:29","2026-05-17 11:11","[ZOOM_LEVELS] LEVEL_1=1 SaveCompressed=0 [LEVEL_1] SizeX=300 SizeY=300 ","-76062"
"C:\job\MPW_From_cad\Setup1\Recipes\R1\Die_24\DieMapRegPos.txt",".txt","110","2026-03-25 15:29","2026-05-17 11:11","ScaleX =    1.0000000000; ScaleY =    1.0000000000   RefID       X        Y  Zone Count      Shape Data ","-76062"
"C:\job\MPW_From_cad\Setup1\Recipes\R1\Die_24\DieRegPos.txt",".txt","110","2026-03-25 15:29","2026-05-17 11:11","ScaleX =    1.0000000000; ScaleY =    1.0000000000   RefID       X        Y  Zone Count      Shape Data ","-76062"
"C:\job\MPW_From_cad\Setup1\Recipes\R1\Die_24\DieRegPosInCad.txt",".txt","0","2026-03-25 15:29","2026-05-17 11:11","","-76062"
"C:\job\MPW_From_cad\Setup1\Recipes\R1\Die_24\Zones.ini",".ini","23","2026-03-25 15:42","2026-05-17 11:11","[General] Version=11 ","-76050"
"C:\job\MPW_From_cad\Setup1\Recipes\R1\Die_24\zones.txt",".txt","170","2026-03-25 15:42","2026-05-17 11:11","ScaleX =    1.0000000000; ScaleY =    1.0000000000   RefID       X        Y  Zone Count      Shape Data       1    150.0","-76050"
"C:\job\MPW_From_cad\Setup1\Recipes\R1\Die_24\zonesInCad.txt",".txt","0","2026-03-25 15:29","2026-05-17 11:11","","-76062"
"C:\job\MPW_From_cad\Setup1\Recipes\R1\Die_24\ZoomLevels.ini",".ini","77","2026-03-25 15:29","2026-05-17 11:11","[ZOOM_LEVELS] LEVEL_1=1 SaveCompressed=0 [LEVEL_1] SizeX=300 SizeY=300 ","-76062"
"C:\job\MPW_From_cad\Setup1\Recipes\R1\Die_24\ReferenceBackup\ZoomLevels.ini",".ini","77","2026-03-25 15:29","2026-05-17 11:11","[ZOOM_LEVELS] LEVEL_1=1 SaveCompressed=0 [LEVEL_1] SizeX=300 SizeY=300 ","-76062"
"C:\job\MPW_From_cad\Setup1\Recipes\R1\Die_25\DieMapRegPos.txt",".txt","110","2026-03-25 15:29","2026-05-17 11:11","ScaleX =    1.0000000000; ScaleY =    1.0000000000   RefID       X        Y  Zone Count      Shape Data ","-76062"
"C:\job\MPW_From_cad\Setup1\Recipes\R1\Die_25\DieRegPos.txt",".txt","110","2026-03-25 15:29","2026-05-17 11:11","ScaleX =    1.0000000000; ScaleY =    1.0000000000   RefID       X        Y  Zone Count      Shape Data ","-76062"
"C:\job\MPW_From_cad\Setup1\Recipes\R1\Die_25\DieRegPosInCad.txt",".txt","0","2026-03-25 15:29","2026-05-17 11:11","","-76062"
"C:\job\MPW_From_cad\Setup1\Recipes\R1\Die_25\Zones.ini",".ini","23","2026-03-25 15:42","2026-05-17 11:11","[General] Version=11 ","-76050"
"C:\job\MPW_From_cad\Setup1\Recipes\R1\Die_25\zones.txt",".txt","170","2026-03-25 15:42","2026-05-17 11:11","ScaleX =    1.0000000000; ScaleY =    1.0000000000   RefID       X        Y  Zone Count      Shape Data       1    150.0","-76050"
"C:\job\MPW_From_cad\Setup1\Recipes\R1\Die_25\zonesInCad.txt",".txt","0","2026-03-25 15:29","2026-05-17 11:11","","-76062"
"C:\job\MPW_From_cad\Setup1\Recipes\R1\Die_25\ZoomLevels.ini",".ini","77","2026-03-25 15:29","2026-05-17 11:11","[ZOOM_LEVELS] LEVEL_1=1 SaveCompressed=0 [LEVEL_1] SizeX=300 SizeY=300 ","-76062"
"C:\job\MPW_From_cad\Setup1\Recipes\R1\Die_25\ReferenceBackup\ZoomLevels.ini",".ini","77","2026-03-25 15:29","2026-05-17 11:11","[ZOOM_LEVELS] LEVEL_1=1 SaveCompressed=0 [LEVEL_1] SizeX=300 SizeY=300 ","-76062"
"C:\job\MPW_From_cad\Setup1\Recipes\R1\Die_26\DieMapRegPos.txt",".txt","110","2026-03-25 15:29","2026-05-17 11:11","ScaleX =    1.0000000000; ScaleY =    1.0000000000   RefID       X        Y  Zone Count      Shape Data ","-76062"
"C:\job\MPW_From_cad\Setup1\Recipes\R1\Die_26\DieRegPos.txt",".txt","110","2026-03-25 15:29","2026-05-17 11:11","ScaleX =    1.0000000000; ScaleY =    1.0000000000   RefID       X        Y  Zone Count      Shape Data ","-76062"
"C:\job\MPW_From_cad\Setup1\Recipes\R1\Die_26\DieRegPosInCad.txt",".txt","0","2026-03-25 15:29","2026-05-17 11:11","","-76062"
"C:\job\MPW_From_cad\Setup1\Recipes\R1\Die_26\Zones.ini",".ini","23","2026-03-25 15:42","2026-05-17 11:11","[General] Version=11 ","-76050"
"C:\job\MPW_From_cad\Setup1\Recipes\R1\Die_26\zones.txt",".txt","170","2026-03-25 15:42","2026-05-17 11:11","ScaleX =    1.0000000000; ScaleY =    1.0000000000   RefID       X        Y  Zone Count      Shape Data       1    150.0","-76050"
"C:\job\MPW_From_cad\Setup1\Recipes\R1\Die_26\zonesInCad.txt",".txt","0","2026-03-25 15:29","2026-05-17 11:11","","-76062"
"C:\job\MPW_From_cad\Setup1\Recipes\R1\Die_26\ZoomLevels.ini",".ini","77","2026-03-25 15:29","2026-05-17 11:11","[ZOOM_LEVELS] LEVEL_1=1 SaveCompressed=0 [LEVEL_1] SizeX=300 SizeY=300 ","-76062"
"C:\job\MPW_From_cad\Setup1\Recipes\R1\Die_26\ReferenceBackup\ZoomLevels.ini",".ini","77","2026-03-25 15:29","2026-05-17 11:11","[ZOOM_LEVELS] LEVEL_1=1 SaveCompressed=0 [LEVEL_1] SizeX=300 SizeY=300 ","-76062"
"C:\job\MPW_From_cad\Setup1\Recipes\R1\Die_27\DieMapRegPos.txt",".txt","110","2026-03-25 15:29","2026-05-17 11:11","ScaleX =    1.0000000000; ScaleY =    1.0000000000   RefID       X        Y  Zone Count      Shape Data ","-76062"
"C:\job\MPW_From_cad\Setup1\Recipes\R1\Die_27\DieRegPos.txt",".txt","110","2026-03-25 15:29","2026-05-17 11:11","ScaleX =    1.0000000000; ScaleY =    1.0000000000   RefID       X        Y  Zone Count      Shape Data ","-76062"
"C:\job\MPW_From_cad\Setup1\Recipes\R1\Die_27\DieRegPosInCad.txt",".txt","0","2026-03-25 15:29","2026-05-17 11:11","","-76062"
"C:\job\MPW_From_cad\Setup1\Recipes\R1\Die_27\Zones.ini",".ini","23","2026-03-25 15:42","2026-05-17 11:11","[General] Version=11 ","-76050"
"C:\job\MPW_From_cad\Setup1\Recipes\R1\Die_27\zones.txt",".txt","170","2026-03-25 15:42","2026-05-17 11:11","ScaleX =    1.0000000000; ScaleY =    1.0000000000   RefID       X        Y  Zone Count      Shape Data       1    150.0","-76050"
"C:\job\MPW_From_cad\Setup1\Recipes\R1\Die_27\zonesInCad.txt",".txt","0","2026-03-25 15:29","2026-05-17 11:11","","-76062"
"C:\job\MPW_From_cad\Setup1\Recipes\R1\Die_27\ZoomLevels.ini",".ini","77","2026-03-25 15:29","2026-05-17 11:11","[ZOOM_LEVELS] LEVEL_1=1 SaveCompressed=0 [LEVEL_1] SizeX=300 SizeY=300 ","-76062"
"C:\job\MPW_From_cad\Setup1\Recipes\R1\Die_27\ReferenceBackup\ZoomLevels.ini",".ini","77","2026-03-25 15:29","2026-05-17 11:11","[ZOOM_LEVELS] LEVEL_1=1 SaveCompressed=0 [LEVEL_1] SizeX=300 SizeY=300 ","-76062"
"C:\job\MPW_From_cad\Setup1\Recipes\R1\Die_28\DieMapRegPos.txt",".txt","110","2026-03-25 15:29","2026-05-17 11:11","ScaleX =    1.0000000000; ScaleY =    1.0000000000   RefID       X        Y  Zone Count      Shape Data ","-76062"
"C:\job\MPW_From_cad\Setup1\Recipes\R1\Die_28\DieRegPos.txt",".txt","110","2026-03-25 15:29","2026-05-17 11:11","ScaleX =    1.0000000000; ScaleY =    1.0000000000   RefID       X        Y  Zone Count      Shape Data ","-76062"
"C:\job\MPW_From_cad\Setup1\Recipes\R1\Die_28\DieRegPosInCad.txt",".txt","0","2026-03-25 15:29","2026-05-17 11:11","","-76062"
"C:\job\MPW_From_cad\Setup1\Recipes\R1\Die_28\Zones.ini",".ini","23","2026-03-25 15:42","2026-05-17 11:11","[General] Version=11 ","-76050"
"C:\job\MPW_From_cad\Setup1\Recipes\R1\Die_28\zones.txt",".txt","170","2026-03-25 15:42","2026-05-17 11:11","ScaleX =    1.0000000000; ScaleY =    1.0000000000   RefID       X        Y  Zone Count      Shape Data       1    150.0","-76050"
"C:\job\MPW_From_cad\Setup1\Recipes\R1\Die_28\zonesInCad.txt",".txt","0","2026-03-25 15:29","2026-05-17 11:11","","-76062"
"C:\job\MPW_From_cad\Setup1\Recipes\R1\Die_28\ZoomLevels.ini",".ini","77","2026-03-25 15:29","2026-05-17 11:11","[ZOOM_LEVELS] LEVEL_1=1 SaveCompressed=0 [LEVEL_1] SizeX=300 SizeY=300 ","-76062"
"C:\job\MPW_From_cad\Setup1\Recipes\R1\Die_28\ReferenceBackup\ZoomLevels.ini",".ini","77","2026-03-25 15:29","2026-05-17 11:11","[ZOOM_LEVELS] LEVEL_1=1 SaveCompressed=0 [LEVEL_1] SizeX=300 SizeY=300 ","-76062"
"C:\job\MPW_From_cad\Setup1\Recipes\R1\Die_29\DieMapRegPos.txt",".txt","110","2026-03-25 15:29","2026-05-17 11:11","ScaleX =    1.0000000000; ScaleY =    1.0000000000   RefID       X        Y  Zone Count      Shape Data ","-76062"
"C:\job\MPW_From_cad\Setup1\Recipes\R1\Die_29\DieRegPos.txt",".txt","110","2026-03-25 15:29","2026-05-17 11:11","ScaleX =    1.0000000000; ScaleY =    1.0000000000   RefID       X        Y  Zone Count      Shape Data ","-76062"
"C:\job\MPW_From_cad\Setup1\Recipes\R1\Die_29\DieRegPosInCad.txt",".txt","0","2026-03-25 15:29","2026-05-17 11:11","","-76062"
"C:\job\MPW_From_cad\Setup1\Recipes\R1\Die_29\Zones.ini",".ini","23","2026-03-25 15:42","2026-05-17 11:11","[General] Version=11 ","-76050"
"C:\job\MPW_From_cad\Setup1\Recipes\R1\Die_29\zones.txt",".txt","170","2026-03-25 15:42","2026-05-17 11:11","ScaleX =    1.0000000000; ScaleY =    1.0000000000   RefID       X        Y  Zone Count      Shape Data       1    150.0","-76050"
"C:\job\MPW_From_cad\Setup1\Recipes\R1\Die_29\zonesInCad.txt",".txt","0","2026-03-25 15:29","2026-05-17 11:11","","-76062"
"C:\job\MPW_From_cad\Setup1\Recipes\R1\Die_29\ZoomLevels.ini",".ini","77","2026-03-25 15:29","2026-05-17 11:11","[ZOOM_LEVELS] LEVEL_1=1 SaveCompressed=0 [LEVEL_1] SizeX=300 SizeY=300 ","-76062"
"C:\job\MPW_From_cad\Setup1\Recipes\R1\Die_29\ReferenceBackup\ZoomLevels.ini",".ini","77","2026-03-25 15:29","2026-05-17 11:11","[ZOOM_LEVELS] LEVEL_1=1 SaveCompressed=0 [LEVEL_1] SizeX=300 SizeY=300 ","-76062"
"C:\job\MPW_From_cad\Setup1\Recipes\R1\Die_3\DieMapRegPos.txt",".txt","110","2026-03-25 15:29","2026-05-17 11:11","ScaleX =    1.0000000000; ScaleY =    1.0000000000   RefID       X        Y  Zone Count      Shape Data ","-76062"
"C:\job\MPW_From_cad\Setup1\Recipes\R1\Die_3\DieRegPos.txt",".txt","110","2026-03-25 15:29","2026-05-17 11:11","ScaleX =    1.0000000000; ScaleY =    1.0000000000   RefID       X        Y  Zone Count      Shape Data ","-76062"
"C:\job\MPW_From_cad\Setup1\Recipes\R1\Die_3\DieRegPosInCad.txt",".txt","0","2026-03-25 15:29","2026-05-17 11:11","","-76062"
"C:\job\MPW_From_cad\Setup1\Recipes\R1\Die_3\Zones.ini",".ini","23","2026-03-25 15:41","2026-05-17 11:11","[General] Version=11 ","-76050"
"C:\job\MPW_From_cad\Setup1\Recipes\R1\Die_3\zones.txt",".txt","170","2026-03-25 15:41","2026-05-17 11:11","ScaleX =    1.0000000000; ScaleY =    1.0000000000   RefID       X        Y  Zone Count      Shape Data       1    150.0","-76050"
"C:\job\MPW_From_cad\Setup1\Recipes\R1\Die_3\zonesInCad.txt",".txt","0","2026-03-25 15:29","2026-05-17 11:11","","-76062"
"C:\job\MPW_From_cad\Setup1\Recipes\R1\Die_3\ZoomLevels.ini",".ini","77","2026-03-25 15:29","2026-05-17 11:11","[ZOOM_LEVELS] LEVEL_1=1 SaveCompressed=0 [LEVEL_1] SizeX=300 SizeY=300 ","-76062"
"C:\job\MPW_From_cad\Setup1\Recipes\R1\Die_3\ReferenceBackup\ZoomLevels.ini",".ini","77","2026-03-25 15:29","2026-05-17 11:11","[ZOOM_LEVELS] LEVEL_1=1 SaveCompressed=0 [LEVEL_1] SizeX=300 SizeY=300 ","-76062"
"C:\job\MPW_From_cad\Setup1\Recipes\R1\Die_4\DieMapRegPos.txt",".txt","110","2026-03-25 15:29","2026-05-17 11:11","ScaleX =    1.0000000000; ScaleY =    1.0000000000   RefID       X        Y  Zone Count      Shape Data ","-76062"
"C:\job\MPW_From_cad\Setup1\Recipes\R1\Die_4\DieRegPos.txt",".txt","110","2026-03-25 15:29","2026-05-17 11:11","ScaleX =    1.0000000000; ScaleY =    1.0000000000   RefID       X        Y  Zone Count      Shape Data ","-76062"
"C:\job\MPW_From_cad\Setup1\Recipes\R1\Die_4\DieRegPosInCad.txt",".txt","0","2026-03-25 15:29","2026-05-17 11:11","","-76062"
"C:\job\MPW_From_cad\Setup1\Recipes\R1\Die_4\Zones.ini",".ini","23","2026-03-25 15:41","2026-05-17 11:11","[General] Version=11 ","-76050"
"C:\job\MPW_From_cad\Setup1\Recipes\R1\Die_4\zones.txt",".txt","170","2026-03-25 15:41","2026-05-17 11:11","ScaleX =    1.0000000000; ScaleY =    1.0000000000   RefID       X        Y  Zone Count      Shape Data       1    150.0","-76050"
"C:\job\MPW_From_cad\Setup1\Recipes\R1\Die_4\zonesInCad.txt",".txt","0","2026-03-25 15:29","2026-05-17 11:11","","-76062"
"C:\job\MPW_From_cad\Setup1\Recipes\R1\Die_4\ZoomLevels.ini",".ini","77","2026-03-25 15:29","2026-05-17 11:11","[ZOOM_LEVELS] LEVEL_1=1 SaveCompressed=0 [LEVEL_1] SizeX=300 SizeY=300 ","-76062"
"C:\job\MPW_From_cad\Setup1\Recipes\R1\Die_4\ReferenceBackup\ZoomLevels.ini",".ini","77","2026-03-25 15:29","2026-05-17 11:11","[ZOOM_LEVELS] LEVEL_1=1 SaveCompressed=0 [LEVEL_1] SizeX=300 SizeY=300 ","-76062"
"C:\job\MPW_From_cad\Setup1\Recipes\R1\Die_5\DieMapRegPos.txt",".txt","110","2026-03-25 15:29","2026-05-17 11:11","ScaleX =    1.0000000000; ScaleY =    1.0000000000   RefID       X        Y  Zone Count      Shape Data ","-76062"
"C:\job\MPW_From_cad\Setup1\Recipes\R1\Die_5\DieRegPos.txt",".txt","110","2026-03-25 15:29","2026-05-17 11:11","ScaleX =    1.0000000000; ScaleY =    1.0000000000   RefID       X        Y  Zone Count      Shape Data ","-76062"
"C:\job\MPW_From_cad\Setup1\Recipes\R1\Die_5\DieRegPosInCad.txt",".txt","0","2026-03-25 15:29","2026-05-17 11:11","","-76062"
"C:\job\MPW_From_cad\Setup1\Recipes\R1\Die_5\Zones.ini",".ini","23","2026-03-25 15:41","2026-05-17 11:11","[General] Version=11 ","-76050"
"C:\job\MPW_From_cad\Setup1\Recipes\R1\Die_5\zones.txt",".txt","170","2026-03-25 15:41","2026-05-17 11:11","ScaleX =    1.0000000000; ScaleY =    1.0000000000   RefID       X        Y  Zone Count      Shape Data       1    150.0","-76050"
"C:\job\MPW_From_cad\Setup1\Recipes\R1\Die_5\zonesInCad.txt",".txt","0","2026-03-25 15:29","2026-05-17 11:11","","-76062"
"C:\job\MPW_From_cad\Setup1\Recipes\R1\Die_5\ZoomLevels.ini",".ini","77","2026-03-25 15:29","2026-05-17 11:11","[ZOOM_LEVELS] LEVEL_1=1 SaveCompressed=0 [LEVEL_1] SizeX=300 SizeY=300 ","-76062"
"C:\job\MPW_From_cad\Setup1\Recipes\R1\Die_5\ReferenceBackup\ZoomLevels.ini",".ini","77","2026-03-25 15:29","2026-05-17 11:11","[ZOOM_LEVELS] LEVEL_1=1 SaveCompressed=0 [LEVEL_1] SizeX=300 SizeY=300 ","-76062"
"C:\job\MPW_From_cad\Setup1\Recipes\R1\Die_6\DieMapRegPos.txt",".txt","110","2026-03-25 15:29","2026-05-17 11:11","ScaleX =    1.0000000000; ScaleY =    1.0000000000   RefID       X        Y  Zone Count      Shape Data ","-76062"
"C:\job\MPW_From_cad\Setup1\Recipes\R1\Die_6\DieRegPos.txt",".txt","110","2026-03-25 15:29","2026-05-17 11:11","ScaleX =    1.0000000000; ScaleY =    1.0000000000   RefID       X        Y  Zone Count      Shape Data ","-76062"
"C:\job\MPW_From_cad\Setup1\Recipes\R1\Die_6\DieRegPosInCad.txt",".txt","0","2026-03-25 15:29","2026-05-17 11:11","","-76062"
"C:\job\MPW_From_cad\Setup1\Recipes\R1\Die_6\Zones.ini",".ini","23","2026-03-25 15:41","2026-05-17 11:11","[General] Version=11 ","-76050"
"C:\job\MPW_From_cad\Setup1\Recipes\R1\Die_6\zones.txt",".txt","170","2026-03-25 15:41","2026-05-17 11:11","ScaleX =    1.0000000000; ScaleY =    1.0000000000   RefID       X        Y  Zone Count      Shape Data       1    150.0","-76050"
"C:\job\MPW_From_cad\Setup1\Recipes\R1\Die_6\zonesInCad.txt",".txt","0","2026-03-25 15:29","2026-05-17 11:11","","-76062"
"C:\job\MPW_From_cad\Setup1\Recipes\R1\Die_6\ZoomLevels.ini",".ini","77","2026-03-25 15:29","2026-05-17 11:11","[ZOOM_LEVELS] LEVEL_1=1 SaveCompressed=0 [LEVEL_1] SizeX=300 SizeY=300 ","-76062"
"C:\job\MPW_From_cad\Setup1\Recipes\R1\Die_6\ReferenceBackup\ZoomLevels.ini",".ini","77","2026-03-25 15:29","2026-05-17 11:11","[ZOOM_LEVELS] LEVEL_1=1 SaveCompressed=0 [LEVEL_1] SizeX=300 SizeY=300 ","-76062"
"C:\job\MPW_From_cad\Setup1\Recipes\R1\Die_7\DieMapRegPos.txt",".txt","110","2026-03-25 15:29","2026-05-17 11:11","ScaleX =    1.0000000000; ScaleY =    1.0000000000   RefID       X        Y  Zone Count      Shape Data ","-76062"
"C:\job\MPW_From_cad\Setup1\Recipes\R1\Die_7\DieRegPos.txt",".txt","110","2026-03-25 15:29","2026-05-17 11:11","ScaleX =    1.0000000000; ScaleY =    1.0000000000   RefID       X        Y  Zone Count      Shape Data ","-76062"
"C:\job\MPW_From_cad\Setup1\Recipes\R1\Die_7\DieRegPosInCad.txt",".txt","0","2026-03-25 15:29","2026-05-17 11:11","","-76062"
"C:\job\MPW_From_cad\Setup1\Recipes\R1\Die_7\Zones.ini",".ini","23","2026-03-25 15:41","2026-05-17 11:11","[General] Version=11 ","-76050"
"C:\job\MPW_From_cad\Setup1\Recipes\R1\Die_7\zones.txt",".txt","170","2026-03-25 15:41","2026-05-17 11:11","ScaleX =    1.0000000000; ScaleY =    1.0000000000   RefID       X        Y  Zone Count      Shape Data       1    150.0","-76050"
"C:\job\MPW_From_cad\Setup1\Recipes\R1\Die_7\zonesInCad.txt",".txt","0","2026-03-25 15:29","2026-05-17 11:11","","-76062"
"C:\job\MPW_From_cad\Setup1\Recipes\R1\Die_7\ZoomLevels.ini",".ini","77","2026-03-25 15:29","2026-05-17 11:11","[ZOOM_LEVELS] LEVEL_1=1 SaveCompressed=0 [LEVEL_1] SizeX=300 SizeY=300 ","-76062"
"C:\job\MPW_From_cad\Setup1\Recipes\R1\Die_7\ReferenceBackup\ZoomLevels.ini",".ini","77","2026-03-25 15:29","2026-05-17 11:11","[ZOOM_LEVELS] LEVEL_1=1 SaveCompressed=0 [LEVEL_1] SizeX=300 SizeY=300 ","-76062"
"C:\job\MPW_From_cad\Setup1\Recipes\R1\Die_8\DieMapRegPos.txt",".txt","110","2026-03-25 15:29","2026-05-17 11:11","ScaleX =    1.0000000000; ScaleY =    1.0000000000   RefID       X        Y  Zone Count      Shape Data ","-76062"
"C:\job\MPW_From_cad\Setup1\Recipes\R1\Die_8\DieRegPos.txt",".txt","110","2026-03-25 15:29","2026-05-17 11:11","ScaleX =    1.0000000000; ScaleY =    1.0000000000   RefID       X        Y  Zone Count      Shape Data ","-76062"
"C:\job\MPW_From_cad\Setup1\Recipes\R1\Die_8\DieRegPosInCad.txt",".txt","0","2026-03-25 15:29","2026-05-17 11:11","","-76062"
"C:\job\MPW_From_cad\Setup1\Recipes\R1\Die_8\Zones.ini",".ini","23","2026-03-25 15:41","2026-05-17 11:11","[General] Version=11 ","-76050"
"C:\job\MPW_From_cad\Setup1\Recipes\R1\Die_8\zones.txt",".txt","170","2026-03-25 15:41","2026-05-17 11:11","ScaleX =    1.0000000000; ScaleY =    1.0000000000   RefID       X        Y  Zone Count      Shape Data       1    150.0","-76050"
"C:\job\MPW_From_cad\Setup1\Recipes\R1\Die_8\zonesInCad.txt",".txt","0","2026-03-25 15:29","2026-05-17 11:11","","-76062"
"C:\job\MPW_From_cad\Setup1\Recipes\R1\Die_8\ZoomLevels.ini",".ini","77","2026-03-25 15:29","2026-05-17 11:11","[ZOOM_LEVELS] LEVEL_1=1 SaveCompressed=0 [LEVEL_1] SizeX=300 SizeY=300 ","-76062"
"C:\job\MPW_From_cad\Setup1\Recipes\R1\Die_8\ReferenceBackup\ZoomLevels.ini",".ini","77","2026-03-25 15:29","2026-05-17 11:11","[ZOOM_LEVELS] LEVEL_1=1 SaveCompressed=0 [LEVEL_1] SizeX=300 SizeY=300 ","-76062"
"C:\job\MPW_From_cad\Setup1\Recipes\R1\Die_9\DieMapRegPos.txt",".txt","110","2026-03-25 15:29","2026-05-17 11:11","ScaleX =    1.0000000000; ScaleY =    1.0000000000   RefID       X        Y  Zone Count      Shape Data ","-76062"
"C:\job\MPW_From_cad\Setup1\Recipes\R1\Die_9\DieRegPos.txt",".txt","110","2026-03-25 15:29","2026-05-17 11:11","ScaleX =    1.0000000000; ScaleY =    1.0000000000   RefID       X        Y  Zone Count      Shape Data ","-76062"
"C:\job\MPW_From_cad\Setup1\Recipes\R1\Die_9\DieRegPosInCad.txt",".txt","0","2026-03-25 15:29","2026-05-17 11:11","","-76062"
"C:\job\MPW_From_cad\Setup1\Recipes\R1\Die_9\Zones.ini",".ini","23","2026-03-25 15:41","2026-05-17 11:11","[General] Version=11 ","-76050"
"C:\job\MPW_From_cad\Setup1\Recipes\R1\Die_9\zones.txt",".txt","170","2026-03-25 15:41","2026-05-17 11:11","ScaleX =    1.0000000000; ScaleY =    1.0000000000   RefID       X        Y  Zone Count      Shape Data       1    150.0","-76050"
"C:\job\MPW_From_cad\Setup1\Recipes\R1\Die_9\zonesInCad.txt",".txt","0","2026-03-25 15:29","2026-05-17 11:11","","-76062"
"C:\job\MPW_From_cad\Setup1\Recipes\R1\Die_9\ZoomLevels.ini",".ini","77","2026-03-25 15:29","2026-05-17 11:11","[ZOOM_LEVELS] LEVEL_1=1 SaveCompressed=0 [LEVEL_1] SizeX=300 SizeY=300 ","-76062"
"C:\job\MPW_From_cad\Setup1\Recipes\R1\Die_9\ReferenceBackup\ZoomLevels.ini",".ini","77","2026-03-25 15:29","2026-05-17 11:11","[ZOOM_LEVELS] LEVEL_1=1 SaveCompressed=0 [LEVEL_1] SizeX=300 SizeY=300 ","-76062"
"C:\job\MPW_From_cad\Setup1\Recipes\R1\OpticLightMetadata\config.ini",".ini","453","2026-03-26 09:25","2026-05-17 11:11","[General] NominalDelta=0.000000000 Exist=0 targetPos_X=0.000000000 targetPos_Y=0.000000000 minY=0.000000000 minX=1968274","-74986"
"C:\job\MPW_From_cad\Setup1\Recipes\R1\ReferenceBackup\ZoomLevels.ini",".ini","155","2026-03-25 15:29","2026-05-17 11:11","[DIE] Step_X=2701.6060 Step_Y=2701.6060 [ZOOM_LEVELS] LEVEL_1=1 [LEVEL_1] SizeX=2701 SizeY=2701 [General] ImageIsZero_ti","-76062"
"C:\job\MPW_From_cad\Setup1\Recipes\R1\RND-10\OpticsPreset.ini",".ini","39","2026-03-25 15:29","2026-05-17 11:11","[RobotSetup] Name=CAL2_PLUS_BARE.cfg ","-76062"
"C:\job\MPW_From_cad\Setup1\Recipes\R1\TrainData\CadReferenceMetaData.xml",".xml","1345","2026-03-25 15:29","2026-05-17 11:11","<?xml version=""1.0""?> <Data xmlns:xsd=""http://www.w3.org/2001/XMLSchema"" xmlns:xsi=""http://www.w3.org/2001/XMLSchema-ins","-76062"
"C:\job\MPW_From_cad\Setup1\Recipes\R1\TrainData\CadtoJobRecipe.xml",".xml","2904","2026-03-25 15:29","2026-05-17 11:11","<?xml version=""1.0""?> <JobCreationRecipe xmlns:xsd=""http://www.w3.org/2001/XMLSchema"" xmlns:xsi=""http://www.w3.org/2001/","-76062"
"C:\job\MPW_From_cad\Setup1\Recipes\R1\TrainData\DiceInCad.xml",".xml","44201","2026-03-25 15:29","2026-05-17 11:11","<?xml version=""1.0""?> <DiceInBlockDefinition xmlns:xsd=""http://www.w3.org/2001/XMLSchema"" xmlns:xsi=""http://www.w3.org/2","-76062"
"C:\job\MPW_From_cad\Setup1\Recipes\R1\TrainData\Die.ini",".ini","880","2026-03-25 15:36","2026-05-17 11:11","[DIE] PixelSize_X=6.99583867482302 PixelSize_Y=6.99583867482302 Step_X=18900 Step_Y=18900 [ALIGNMENT_DATA] DiePitchCorre","-76055"
"C:\job\MPW_From_cad\Setup1\Recipes\R1\WaferAlignData\Alignment_PatFindRtp.txt",".txt","742","2026-03-26 09:25","2026-05-17 11:11"," [08:25:17 03/26/26] Minimum Score           :  85    Minimum Start        :  90    Reduce Delta         :  10 Minimum T","-74987"
"C:\job\MPW_From_cad\Setup1\Recipes\R1\WaferAlignData\Alignment_PatRes.txt",".txt","1175","2026-03-26 09:25","2026-05-17 11:11"," [08:25:17 03/26/26] ==========================================================================================  #    Co","-74987"
"C:\job\MPW_From_cad\Setup1\Recipes\R1\WaferAlignData\Alignment_Stat.txt",".txt","1256","2026-03-26 09:25","2026-05-17 11:11","  [08:25:17 03/26/26] ==================================================================================================","-74987"
"C:\job\MPW_From_cad\Setup1\Recipes\R1\WaferAlignData\AlignmentData.ini",".ini","31","2026-03-26 09:25","2026-05-17 11:11","[General] AlignmentTime=8406 ","-74986"
"C:\job\MPW_From_cad\Setup1\Recipes\R1\WaferAlignData\AlignmentNotFound_rtp.txt",".txt","489","2026-03-25 15:32","2026-05-17 11:11"," [14:32:11 03/25/26] Minimum Score           :  85    Minimum Start        :  90    Reduce Delta         :  10 Minimum T","-76060"
"C:\job\MPW_From_cad\Setup1\Recipes\R1\WaferAlignData\AlignmentStatisticsTime.txt",".txt","166","2026-03-26 09:25","2026-05-17 11:11","Alignment Statistics Grabbing Counter=6 Total=1219 Average=203.166672 Moving Counter=6 Total=3015 Average=502.500000 Mov","-74987"
"C:\job\MPW_From_cad\Setup1\Recipes\R1\Zones\PostProcess.ini",".ini","2651","2026-03-25 15:42","2026-05-17 11:11","[General] ZoneName=PostProcess ZoneID=255 TypeName=PostProcess AutoTH=0 AutoProbe=0 [Warp Direction Calculation] Enable=","-76049"
"C:\job\MPW_From_cad\Setup1\Recipes\R1\Zones\ScanArea.ini",".ini","5722","2026-03-25 15:42","2026-05-17 11:11","[General] ZoneName=ScanArea ZoneID=63 TypeName=Surface AutoTH=0 AutoProbe=0 [Surface] Enable=1 AlgorithmName=Surface Cla","-76049"
"C:\job\OVL 1 frame\Metadata.ini",".ini","90","2026-05-12 09:10","2026-04-30 10:16","[General] name=OVL 1 frame Id=62cc824e-2664-4ea6-93b1-014885b9dae8 Version=1 JobTag= ","17214"
"C:\job\OVL 1 frame\.audit\manifest.json",".json","391","2026-05-12 12:57","2026-05-12 12:57","{   ""jobName"": ""OVL 1 frame"",   ""auditDbVersion"": ""1"",   ""created"": {     ""machine"": ""AMITA1"",     ""at"": ""2026-05-12T06:","0"
"C:\job\OVL 1 frame\Setup1\DefectsClustering.ini",".ini","236","2025-07-31 18:03","2026-04-30 10:16","[General] Enabled=0 ClusteringAfterMerge=0 Distance=0 SelectedFirstSortingList=Priority SelectedSecondSortingList=Area S","-392653"
"C:\job\OVL 1 frame\Setup1\DieAlignment.dat_block.ini",".ini","119","2025-07-31 18:51","2026-04-30 10:16","[General] IsMultiIndex=0 DieCount=1 [Die_0] Row=0 Col=0 PosX=0.000 PosY=0.000 SizeX=6741.000 SizeY=13477.000 ","-392605"
"C:\job\OVL 1 frame\Setup1\Metadata.ini",".ini","97","2025-07-31 17:47","2026-04-30 10:16","[General] name=Setup1 Id=803d44f9-ebf0-4ace-a15f-5443ea62dcd6 Version=1 LastActiveRecipe=R1 ","-392669"
"C:\job\OVL 1 frame\Setup1\MultiRecipe.ini",".ini","128","2025-07-31 17:47","2026-04-30 10:16","[Scan] recipe_1=0,R1,,,,, MergingThreadCount=0 doSeparateRecipe=0 DoGrabAfterMerge=0 Recipes=0, [General] Version=1.0.0 ","-392669"
"C:\job\OVL 1 frame\Setup1\Recipes\R1\Alignment.ini",".ini","38","2025-07-31 18:03","2026-04-30 10:16","[WAFER ALIGNMENT] CoarseAlignDone=1 ","-392653"
"C:\job\OVL 1 frame\Setup1\Recipes\R1\AlignmentData.ini",".ini","845","2025-07-31 18:03","2026-04-30 10:16","[General] MinScore=85 MinTargetScore=0 IsAffineEnabled=1 AlignPointsNum=8 PreprocessTargetImage=1 ForceToGMF=0 [Point_0]","-392653"
"C:\job\OVL 1 frame\Setup1\Recipes\R1\AlignRtp.ini",".ini","2930","2025-07-31 18:50","2026-04-30 10:16","[DIE Alignment] Die__MinModelSize=32 Die__MinScore=85 Die__ExtraScanLength_um=0.000000 Die__ExtraScanLength_X_um=0.00000","-392606"
"C:\job\OVL 1 frame\Setup1\Recipes\R1\CcsLocalMeas.ini",".ini","210","2025-07-31 17:47","2026-04-30 10:16","[ScanParams] MarginX=0 MarginY=0 ScanStepX=0 ScanStepY=0 ResultsToRevisit= ScanDefects_Enabled=0 ScanDefects_SizeX=0 Sca","-392669"
"C:\job\OVL 1 frame\Setup1\Recipes\R1\CleanReferenceFinalParams.ini",".ini","1054","2025-07-31 18:00","2026-04-30 10:16","[General] Version=2 [CleanRefParams] SizeX=1792 SizeY=1792 minCriteria=-2 maxCriteria=-1 minCreateMul=2 maxCreateMul=2 m","-392656"
"C:\job\OVL 1 frame\Setup1\Recipes\R1\CreateReference3dOptions.ini",".ini","322","2025-07-31 17:47","2026-04-30 10:16","[General] Version=0 Debug=0 [Registration] ReferenceRegBy=4 BigBlockRowsNumber=1000 YPartitionsNumber=3 MaxErrorPix=3 PS","-392669"
"C:\job\OVL 1 frame\Setup1\Recipes\R1\DefaultWafer2Table.ini",".ini","1052","2025-07-31 18:00","2026-04-30 10:16","[WAFER ALIGNMENT] Wafer2Table_X=          0.9999972712        -0.0028636629   -182060.4241045087 Wafer2Table_Y=         ","-392656"
"C:\job\OVL 1 frame\Setup1\Recipes\R1\DieAlignment.dat_block.ini",".ini","119","2025-07-31 17:59","2026-04-30 10:16","[General] IsMultiIndex=0 DieCount=1 [Die_0] Row=0 Col=0 PosX=0.000 PosY=0.000 SizeX=6741.000 SizeY=13477.000 ","-392657"
"C:\job\OVL 1 frame\Setup1\Recipes\R1\DieMapAlignRes.dat_block.ini",".ini","119","2025-07-31 17:59","2026-04-30 10:16","[General] IsMultiIndex=0 DieCount=1 [Die_0] Row=0 Col=0 PosX=0.000 PosY=0.000 SizeX=6741.000 SizeY=13477.000 ","-392657"
"C:\job\OVL 1 frame\Setup1\Recipes\R1\DieMapRegPos.txt",".txt","350","2025-07-31 17:59","2026-04-30 10:16","ScaleX =    1.0000000000; ScaleY =    1.0000000000   RefID       X        Y  Zone Count      Shape Data       1     65.0","-392657"
"C:\job\OVL 1 frame\Setup1\Recipes\R1\ExternalCoordSystems.ini",".ini","33","2025-07-31 17:47","2026-04-30 10:16","[ExternalCoordSystems] Count=0 ","-392669"
"C:\job\OVL 1 frame\Setup1\Recipes\R1\GlobalRTP.ini",".ini","3013","2025-07-31 18:38","2026-04-30 10:16","[GLOBAL_RTP] LSL_Height=100.000000 USL_Height=140.000000 NominalHeight=120.000000 BumpType=1 CCS_Step=3.000000 CCS_Step_","-392618"
"C:\job\OVL 1 frame\Setup1\Recipes\R1\ImageProcessing.log",".log","37","2025-07-31 17:59","2026-04-30 10:16","_previouseAlignmentDataExists = 0 ","-392657"
"C:\job\OVL 1 frame\Setup1\Recipes\R1\JobIllumLimits.ini",".ini","84","2026-05-11 15:21","2026-05-11 15:21","[AMITA1] IllumCalibDate=2024-12-15 07:59:23 ForcedSkipToDate=2026-06-10 15:21:15 ","0"
"C:\job\OVL 1 frame\Setup1\Recipes\R1\Metadata.ini",".ini","72","2025-07-31 17:47","2026-04-30 10:16","[General] name=R1 Id=d7960ce1-6b13-4c69-a6d2-b36f3af4c0e8 Version=0 ","-392669"
"C:\job\OVL 1 frame\Setup1\Recipes\R1\OpticPreset.ini",".ini","801","2026-05-11 15:21","2026-04-30 10:16","[General] Signature=1 [Scan2d] Id=00c6740b-703c-47e5-9084-7408cecc4172 FocusPosAboveChuck=11422.483223 Mag=2.8 Mode=-1 C","16145"
"C:\job\OVL 1 frame\Setup1\Recipes\R1\OverlayScan.ini",".ini","1465","2025-07-31 18:44","2026-04-30 10:16","[General] Id=5157715f-d169-1445-74ad-7078fedaeb23 [OVL1] IsSingleFrame=1 inner_Shape=Square inner_Range=30 inner_StepSiz","-392612"
"C:\job\OVL 1 frame\Setup1\Recipes\R1\Params_AlignRTP.ini",".ini","2929","2025-07-31 17:59","2026-04-30 10:16","[DIE Alignment] Die__MinModelSize=0 Die__MinScore=50 Die__ExtraScanLength_um=0.000000 Die__ExtraScanLength_X_um=0.000000","-392657"
"C:\job\OVL 1 frame\Setup1\Recipes\R1\Params_SystemInfo.ini",".ini","2363","2025-07-31 17:59","2026-04-30 10:16","[SystemParams] Gain=0 GainFx=0 Offset=0 Distortion=0 SizeX=1792 SizeY=1792 OffsetX=128 OffsetY=128 CameraType=3 ImageSiz","-392657"
"C:\job\OVL 1 frame\Setup1\Recipes\R1\Params_WaferInfo.ini",".ini","1339","2025-07-31 17:59","2026-04-30 10:16","[Path] SetupPath=c:\job\Template\Setup1\Recipes\R1\ RecipeName=R1 RecipePath=c:\job\Template\Setup1\Recipes\R1\ ScanResu","-392657"
"C:\job\OVL 1 frame\Setup1\Recipes\R1\ProductInfo.ini",".ini","2363","2026-05-12 11:23","2026-04-30 10:16","[AutoFocus] SearchUseDefault=1 ScanDelta=0 OnLimitViolationAction=0 FocusVAriationLimit=0 LimitFocusVariation=0 RetriesC","17347"
"C:\job\OVL 1 frame\Setup1\Recipes\R1\Recipe.ini",".ini","303","2025-07-31 18:04","2026-04-30 10:16","[AutoCycle] AutoFocusBeforeAlignment=0 AutoFocusEvery=1 ; None CleanReferenceEvery=1 ; None UnloadToAnotherCassette=0 Ne","-392652"
"C:\job\OVL 1 frame\Setup1\Recipes\R1\ReferencesInfo.json",".json","196","2026-05-11 15:21","2026-05-11 15:21","{   ""UseCleanReferenceFolder"": false,   ""PeformCleanOnPizza"": false,   ""ExcludeReferenceFromJob"": false,   ""RecipeID"": ""","0"
"C:\job\OVL 1 frame\Setup1\Recipes\R1\RTP.txt",".txt","7087","2025-07-31 18:38","2026-04-30 10:16","[PostProcess]   ; Zone name Alg = Warp_Direction_Calculation Inner_Radius_[Microns] = 1 ;  ( Radius of the inner circle,","-392618"
"C:\job\OVL 1 frame\Setup1\Recipes\R1\s_Bumps.dat.md",".md","654","2025-07-16 10:22","2026-04-30 10:16","<root> <RecordSize Size=""36""/> <Fields> <Field Name=""waferRegion"" Id=""1073741827"" Offset=""0"" Vartype=""17""/> <Field Name=","-414714"
"C:\job\OVL 1 frame\Setup1\Recipes\R1\s_Height.dat.md",".md","578","2025-07-16 10:22","2026-04-30 10:16","<root> <RecordSize Size=""28""/> <Fields> <Field Name=""zone"" Id=""1073741824"" Offset=""0"" Vartype=""17""/> <Field Name=""recipe","-414714"
"C:\job\OVL 1 frame\Setup1\Recipes\R1\s_Prob.dat.md",".md","1434","2025-07-16 10:22","2026-04-30 10:16","<root> <RecordSize Size=""76""/> <Fields> <Field Name=""waferRegion"" Id=""1073741827"" Offset=""0"" Vartype=""17""/> <Field Name=","-414714"
"C:\job\OVL 1 frame\Setup1\Recipes\R1\SamplingMetrology.ini",".ini","73","2025-07-31 17:47","2026-04-30 10:16","[General] Version=0 Id=8a977b72-9291-8d3a-2d11-dc3f3bc8e9d5 UseCSV=0 ","-392669"
"C:\job\OVL 1 frame\Setup1\Recipes\R1\ScanOverlapLog.txt",".txt","450","2025-07-31 18:50","2026-04-30 10:16","Scan 2d Overlap [px], [um]; Pixel size = 2.967, 2.97 Minimum             :    32,   32,   95,   95 Detection           :","-392606"
"C:\job\OVL 1 frame\Setup1\Recipes\R1\ScanOverviewImage_Recipes-R1.txt",".txt","321","2025-07-31 17:59","2026-04-30 10:16","[ScanOverviewImage] I_2_WM_X=         87.8884277344         0.0000000000    -10007.4000000000 I_2_WM_Y=          0.00000","-392657"
"C:\job\OVL 1 frame\Setup1\Recipes\R1\ScenariosMetadatas.ini",".ini","1471","2025-07-31 17:52","2026-04-30 10:16","[General] Version=1 [Scan2d] Id=f2ecd61f-8656-4a6e-b97f-7e1386e38c6a OpticsId=00c6740b-703c-47e5-9084-7408cecc4172 Refer","-392664"
"C:\job\OVL 1 frame\Setup1\Recipes\R1\UniqueArea.ini",".ini","20","2025-07-31 17:47","2026-04-30 10:16","[General] Count=0 ","-392669"
"C:\job\OVL 1 frame\Setup1\Recipes\R1\UniqueResultTypeIds.ini",".ini","72","2025-07-31 18:36","2026-04-30 10:16","[TypeIds] LastId=0 MISSREG_RES_Defect=0 [Ids] 0=MISSREG_RES_Defect ","-392620"
"C:\job\OVL 1 frame\Setup1\Recipes\R1\Wafer2Table.ini",".ini","1052","2025-07-31 18:50","2026-04-30 10:16","[WAFER ALIGNMENT] Wafer2Table_X=          0.9999968400        -0.0028627409   -182058.8068547384 Wafer2Table_Y=         ","-392606"
"C:\job\OVL 1 frame\Setup1\Recipes\R1\WaferDataReadSettings.xml",".xml","195","2025-07-31 17:47","2026-04-30 10:16","<?xml version=""1.0""?> <WaferDataReadSettings xmlns:xsi=""http://www.w3.org/2001/XMLSchema-instance"" xmlns:xsd=""http://www","-392669"
"C:\job\OVL 1 frame\Setup1\Recipes\R1\Waferinfo.ini",".ini","369","2026-05-12 09:10","2026-04-30 10:16","[Robot] Rotation=0 SideUp=1 [General] key_minarea=0 hd_cmm=False hd_alignment=True hd_scan=True hd_robot=False hd_verifi","17214"
"C:\job\OVL 1 frame\Setup1\Recipes\R1\WaferMapRecipe.ini",".ini","865","2026-05-11 15:21","2026-04-30 10:16","[GENERAL] SettingsPolicy=0 FiducialBin=-1 [Input_Update] Enable=0 FileMask= ImportDirectory= UpdateDirectory= AutoMatchE","16144"
"C:\job\OVL 1 frame\Setup1\Recipes\R1\zones.ini",".ini","316","2025-07-31 18:37","2026-04-30 10:16","[General] Version=11 [ALGName] 255=PostProcess 0=Scan Area 1=Overlay_OVL1 2=Overlay_OVL2 [ALG] 255=PostProcess 0=Surface","-392619"
"C:\job\OVL 1 frame\Setup1\Recipes\R1\zones.txt",".txt","170","2025-07-31 18:02","2026-04-30 10:16","ScaleX =    1.0000000000; ScaleY =    1.0000000000   RefID       X        Y  Zone Count      Shape Data       1   3371.5","-392654"
"C:\job\OVL 1 frame\Setup1\Recipes\R1\ZoomLevels.ini",".ini","307","2025-07-31 17:56","2026-04-30 10:16","[ZOOM_LEVELS] LEVEL_1=1 SaveCompressed=0 LEVEL_2=1 LEVEL_4=1 LEVEL_8=1 LEVEL_16=1 [LEVEL_1] SizeX=6743 SizeY=13477 [LEVE","-392661"
"C:\job\OVL 1 frame\Setup1\Recipes\R1\.dc_cache\TransactionsHistory.ini",".ini","120","2025-07-31 18:00","2026-04-30 10:16","[DeprecatedInV0] Namespace.RuntimeEntities.RecipePartsCollection_Runtime|RecipePartsCollection|CleanReferenceParams=1 ","-392656"
"C:\job\OVL 1 frame\Setup1\Recipes\R1\OpticLightMetadata\config.ini",".ini","292","2025-07-31 18:50","2026-04-30 10:16","[General] NominalDelta=0.000000000 Exist=0 targetPos_X=0.000000000 targetPos_Y=0.000000000 minY=0.000000000 minX=0.00000","-392606"
"C:\job\OVL 1 frame\Setup1\Recipes\R1\ReferenceBackup\ZoomLevels.ini",".ini","317","2025-07-31 17:56","2026-04-30 10:16","[ZOOM_LEVELS] LEVEL_1=1 SaveCompressed=0 LEVEL_2=1 LEVEL_4=1 LEVEL_8=1 LEVEL_16=1 [LEVEL_1] SizeX=6743 SizeY=13477 [LEVE","-392661"
"C:\job\OVL 1 frame\Setup1\Recipes\R1\SW_QA-1\OpticsPreset.ini",".ini","108","2025-07-31 17:52","2026-04-30 10:16","[RobotSetup] Name=12_BARE_HRBSI.cfg [Chuck] CenterX=158257.171875 CenterY=139422.421875 CenterZ=-1176 ","-392664"
"C:\job\OVL 1 frame\Setup1\Recipes\R1\TrainData\Die.ini",".ini","1042","2025-07-31 17:56","2026-04-30 10:16","[DIE] PixelSize_X=2.96690928354287 PixelSize_Y=2.96690928354287 FrameSizeX=1792 FrameSizeY=1792 Step_X=19894 Step_Y=4004","-392661"
"C:\job\OVL 1 frame\Setup1\Recipes\R1\TrainData\DieRefToTrain.txt",".txt","251","2025-07-31 17:52","2026-04-30 10:16","[DieRefToTrainImage] DR_2_TI_X=0.999995934022785 -0.00285165529080174 1024 DR_2_TI_Y=0.00285165529080174 0.9999959340227","-392664"
"C:\job\OVL 1 frame\Setup1\Recipes\R1\TrainData\FrameToChuck.ini",".ini","160","2025-07-31 17:50","2026-04-30 10:16","[FrameToChuck] F2C_X=          2.9669092635         0.0003448634     -2658.6596977292 F2C_Y=         -0.0003448634      ","-392666"
"C:\job\OVL 1 frame\Setup1\Recipes\R1\TrainData\DieImage\DieImageToTable.ini",".ini","213","2025-07-31 17:51","2026-04-30 10:16","[DieImageToTable] I2T_X=2.96690928354287 0 -5687.40117122886 I2T_Y=0 2.96690928354287 -1810.62417240093 I2T_Theta=0.0000","-392665"
"C:\job\OVL 1 frame\Setup1\Recipes\R1\TrainData\DieImage\ZoomLevels.ini",".ini","313","2025-07-31 17:52","2026-04-30 10:16","[ZOOM_LEVELS] LEVEL_1=1 SaveCompressed=0 LEVEL_2=1 LEVEL_4=1 LEVEL_8=1 LEVEL_16=1 LEVEL_32=1 [LEVEL_1] SizeX=14690 SizeY","-392664"
"C:\job\OVL 1 frame\Setup1\Recipes\R1\TrainData\ReferenceBackup\ZoomLevels.ini",".ini","81","2025-07-31 17:50","2026-04-30 10:16","[ZOOM_LEVELS] LEVEL_1=1 SaveCompressed=0 [LEVEL_1] SizeX=14690 SizeY=28272 ","-392666"
"C:\job\OVL 1 frame\Setup1\Recipes\R1\WaferAlignData\Alignment_PatFindRtp.txt",".txt","485","2025-07-31 18:50","2026-04-30 10:16"," [18:50:54 07/31/25] Minimum Score           :  85    Minimum Start        :  90    Reduce Delta         :  10 Minimum T","-392606"
"C:\job\OVL 1 frame\Setup1\Recipes\R1\WaferAlignData\Alignment_PatRes.txt",".txt","1429","2025-07-31 18:50","2026-04-30 10:16"," [18:50:54 07/31/25] ==========================================================================================  #    Co","-392606"
"C:\job\OVL 1 frame\Setup1\Recipes\R1\WaferAlignData\Alignment_Stat.txt",".txt","1420","2025-07-31 18:50","2026-04-30 10:16","  [18:50:54 07/31/25] ==================================================================================================","-392606"
"C:\job\OVL 1 frame\Setup1\Recipes\R1\WaferAlignData\AlignmentData.ini",".ini","32","2025-07-31 18:50","2026-04-30 10:16","[General] AlignmentTime=11241 ","-392606"
"C:\job\OVL 1 frame\Setup1\Recipes\R1\WaferAlignData\AlignmentStatisticsTime.txt",".txt","166","2025-07-31 18:50","2026-04-30 10:16","Alignment Statistics Grabbing Counter=8 Total=4374 Average=546.750000 Moving Counter=8 Total=4298 Average=537.250000 Mov","-392606"
"C:\job\OVL 1 frame\Setup1\Recipes\R1\Zones\Overlay_OVL1.ini",".ini","745","2025-07-31 18:38","2026-04-30 10:16","[General] ZoneName=Overlay_OVL1 ZoneID=1 TypeName= AutoTH=0 AutoProbe=0 [Sampling Overlay Filter] Enable=1 AlgorithmName","-392618"
"C:\job\OVL 1 frame\Setup1\Recipes\R1\Zones\Overlay_OVL2.ini",".ini","745","2025-07-31 18:38","2026-04-30 10:16","[General] ZoneName=Overlay_OVL2 ZoneID=2 TypeName= AutoTH=0 AutoProbe=0 [Sampling Overlay Filter] Enable=1 AlgorithmName","-392618"
"C:\job\OVL 1 frame\Setup1\Recipes\R1\Zones\PostProcess.ini",".ini","2257","2025-07-31 18:38","2026-04-30 10:16","[General] ZoneName=PostProcess ZoneID=255 TypeName=PostProcess AutoTH=0 AutoProbe=0 [Warp Direction Calculation] Enable=","-392618"
"C:\job\OVL 1 frame\Setup1\Recipes\R1\Zones\Scan Area.ini",".ini","5672","2025-07-31 18:38","2026-04-30 10:16","[General] ZoneName=Scan Area ZoneID=63 TypeName=Surface AutoTH=0 AutoProbe=0 [Surface] Enable=1 AlgorithmName=Surface Cl","-392618"
"C:\job\ScanAreaOnly\MetaData.ini",".ini","45","2026-03-11 16:46","2026-03-11 16:21","[General] JobStructureVersion=0.3 JobTag= ","25"
"C:\job\ScanAreaOnly\.audit\manifest.json",".json","395","2026-05-12 12:57","2026-05-12 12:57","{   ""jobName"": ""ScanAreaOnly"",   ""auditDbVersion"": ""1"",   ""created"": {     ""machine"": ""AMITA1"",     ""at"": ""2026-05-12T06","0"
"C:\job\ScanAreaOnly\Setup1\DefectsClustering.ini",".ini","236","2026-03-11 16:45","2026-03-11 16:45","[General] Enabled=0 ClusteringAfterMerge=0 Distance=0 SelectedFirstSortingList=Priority SelectedSecondSortingList=Area S","0"
"C:\job\ScanAreaOnly\Setup1\MetaData.ini",".ini","37","2014-08-14 18:56","2026-03-11 16:21","[General] LastActiveRecipe=Default ","-6086725"
"C:\job\ScanAreaOnly\Setup1\MultiRecipe.ini",".ini","121","2026-03-11 16:45","2026-03-11 16:45","[Scan] recipe_1=0,Default,,,,, MergingThreadCount=0 doSeparateRecipe=0 DoGrabAfterMerge=0 [General] Version=1.0.0 ","0"
"C:\job\ScanAreaOnly\Setup1\ProductionInfo.ini",".ini","134","2026-03-11 16:45","2026-03-11 16:45","[General] WaferDefectsCount=0 WaferDefectDiceRatio=0.0000 WaferDefectClassId=0 WaferDefectClassIdCount=0 BatchPassWafers","0"
"C:\job\ScanAreaOnly\Setup1\WaferMapRecipe.ini",".ini","918","2026-03-11 16:45","2026-03-11 16:21","[GENERAL] SettingsPolicy=0 ImportSubPath= UpdateSubPath= ExportInAutoCycle=0 FiducialBin=-1 [Input_Update] Enable=0 File","24"
"C:\job\ScanAreaOnly\Setup1\Recipes\Default\AlignmentData.ini",".ini","852","2008-05-22 14:44","2026-03-11 16:21","[Point_0] X=99930.772659 Y=101794.185817 ModelName=UniquePattern.mod SearchEngine=0 EnableFast=1 [Point_1] X=94080.67265","-9362977"
"C:\job\ScanAreaOnly\Setup1\Recipes\Default\AlignRtp.ini",".ini","1092","2008-05-22 14:44","2026-03-11 16:21","[GENERAL] _1GENERAL=0 AliasDelta_%=25 RegModelFileName=DieMapRegPos.dat RotateModel=1 SeparateDice=0 UseNeiborDice=1 [DI","-9362977"
"C:\job\ScanAreaOnly\Setup1\Recipes\Default\CreateReference3dOptions.ini",".ini","415","2026-03-11 16:45","2026-03-11 16:45","[General] Version=0 Debug=0 [Registration] ReferenceRegBy=4 BigBlockRowsNumber=1000 YPartitionsNumber=3 MaxErrorPix=3 PS","0"
"C:\job\ScanAreaOnly\Setup1\Recipes\Default\DieMapping.txt",".txt","3815","2008-05-22 14:44","2026-03-11 16:21","                                                                                                                        ","-9362977"
"C:\job\ScanAreaOnly\Setup1\Recipes\Default\DieOffset.txt",".txt","36233","2008-05-22 14:44","2026-03-11 16:21"," 14            1            1.1           .6  15            1            1.0           .7  16            1            1.","-9362977"
"C:\job\ScanAreaOnly\Setup1\Recipes\Default\ExternalCoordSystems.ini",".ini","33","2015-05-18 14:42","2026-03-11 16:21","[ExternalCoordSystems] Count=0 ","-5688099"
"C:\job\ScanAreaOnly\Setup1\Recipes\Default\GlobalRTP.ini",".ini","1678","2015-05-17 18:02","2026-03-11 16:21","[GLOBAL_RTP] AdaptiveHistogram=0 AdaptiveHistogramByDieSegments=0 AdaptiveHistogramMinPixelCount=32 AreaForReduceFaults=","-5689339"
"C:\job\ScanAreaOnly\Setup1\Recipes\Default\Job.dat",".dat","577","2015-05-18 14:36","2026-03-11 16:21","  ����E��KU׹���n�%  Area;�     Й@!      �@ $055708eb-b12e-4bba-8cbd-75c8c3987314:$7adb566a-ee1b-47fc-89d6","-5688105"
"C:\job\ScanAreaOnly\Setup1\Recipes\Default\ProductInfo.ini",".ini","2509","2026-05-12 13:03","2026-03-11 16:21","[General] GainOffsetMode=0 Reference_EdgeUncert=1 WaferTypeId=Patterned SkipPreAligner=0 ExportFlatPos=0 OCRWaferIDMask=","89082"
"C:\job\ScanAreaOnly\Setup1\Recipes\Default\Recipe.ini",".ini","3943","2026-03-31 10:40","2026-03-11 16:21","[General] Recipe Name=Default waferaql=1 ; 1 UseReducedStatistic=1 AllowScanWithoutDetection=0 ; Wafer scan scenario wit","28459"
"C:\job\ScanAreaOnly\Setup1\Recipes\Default\ReferencesInfo.json",".json","196","2026-03-11 16:45","2026-03-11 16:45","{   ""UseCleanReferenceFolder"": false,   ""PeformCleanOnPizza"": false,   ""ExcludeReferenceFromJob"": false,   ""RecipeID"": ""","0"
"C:\job\ScanAreaOnly\Setup1\Recipes\Default\RTP.txt",".txt","6054","2015-05-17 18:06","2026-03-11 16:21","[PostProcess]   ; Zone name Alg = Volume Shape_Violation_USL =  90000 ;  ( The Max bump volume allowed. )  Shape_Violati","-5689335"
"C:\job\ScanAreaOnly\Setup1\Recipes\Default\UniqueArea.ini",".ini","50","2008-05-22 14:42","2026-03-11 16:21","[General] Count=0 [Chuck] CenterZ=-503.965995 ","-9362979"
"C:\job\ScanAreaOnly\Setup1\Recipes\Default\WaferDataReadSettings.xml",".xml","195","2026-03-31 10:40","2026-03-31 10:40","<?xml version=""1.0""?> <WaferDataReadSettings xmlns:xsi=""http://www.w3.org/2001/XMLSchema-instance"" xmlns:xsd=""http://www","0"
"C:\job\ScanAreaOnly\Setup1\Recipes\Default\Waferinfo.ini",".ini","640","2026-03-11 16:46","2026-03-11 16:21","[General] hd_cmm=False hd_alignment=True hd_scan=True hd_robot=False hd_verification=True key_userobot=False key_auto=Tr","25"
"C:\job\ScanAreaOnly\Setup1\Recipes\Default\Zones.ini",".ini","632","2015-05-18 14:36","2026-03-11 16:21","[MultiProject] Groups= [General] Version=3 InkDot=11 Align=28 Ref=29 Overlap Area=3 [ALG] 0=Surface 13= 1= 2= [BinCodes]","-5688105"
"C:\job\ScanAreaOnly\Setup1\Recipes\Default\ZoomLevels.ini",".ini","359","2015-05-17 18:01","2026-03-11 16:21","[DIE] Step_X= 1623.906 Step_Y= 1671.11 Size_X= 1608.085 Size_Y= 1652.205 Margin_X= 0;  Margin_Y= 0;  [ZOOM_LEVELS] Level","-5689340"
"C:\job\ScanAreaOnly\Setup1\Recipes\Default\AMITA1\OpticsPreset.ini",".ini","36","2026-04-06 18:43","2026-03-11 16:45","[RobotSetup] Name=12_Bare_max.cfg ","37558"
"C:\job\ScanAreaOnly\Setup1\Recipes\Default\FALCON_82134\Alignment.ini",".ini","404","2008-05-22 14:44","2026-03-11 16:21","[WAFER ALIGNMENT] Wafer2Table_X=         -0.9999851020         0.0058437729    277130.1816947449 Wafer2Table_Y=         ","-9362977"
"C:\job\ScanAreaOnly\Setup1\Recipes\Default\FALCON_82134\DefaultAlign.ini",".ini","385","2008-05-22 14:44","2026-03-11 16:21","[WAFER ALIGNMENT] Wafer2Table_X=         -0.9999851020         0.0058437729    277130.1816947449 Wafer2Table_Y=         ","-9362977"
"C:\job\ScanAreaOnly\Setup1\Recipes\Default\FALCON_82134\OpticsPreset.ini",".ini","926","2008-05-22 16:18","2026-03-11 16:21","[RobotSetup] Name=falcon_training.cfg [General] LastCam=4 LastCamZoom= 10 VerifyMag25-RefLight=49 VerifyMag25-Gamma=0 Sc","-9362883"
"C:\job\ScanAreaOnly\Setup1\Recipes\Default\ProcessingRef\TilePoolData.xml",".xml","437","2015-05-18 14:42","2026-03-11 16:21","<?xml version=""1.0""?> <TilePoolData xmlns:xsi=""http://www.w3.org/2001/XMLSchema-instance"" xmlns:xsd=""http://www.w3.org/2","-5688099"
"C:\job\ScanAreaOnly\Setup1\Recipes\Default\ProcessingRef\Zones.ini",".ini","632","2015-05-18 14:36","2026-03-11 16:21","[MultiProject] Groups= [General] Version=3 InkDot=11 Align=28 Ref=29 Overlap Area=3 [ALG] 0=Surface 13= 1= 2= [BinCodes]","-5688105"
"C:\job\ScanAreaOnly\Setup1\Recipes\Default\ProcessingRef\ZoomLevels.ini",".ini","359","2015-05-17 18:01","2026-03-11 16:21","[DIE] Step_X= 1623.906 Step_Y= 1671.11 Size_X= 1608.085 Size_Y= 1652.205 Margin_X= 0;  Margin_Y= 0;  [ZOOM_LEVELS] Level","-5689340"
"C:\job\ScanAreaOnly\Setup1\Recipes\Default\TrainData\Die.ini",".ini","1809","2008-05-22 14:42","2026-03-11 16:21","[FRAME_MATRIX] AdjustmentDone= 1;  Rotation=0.000000 Horizontal=8 Vertical=8 AllowHugeSpace= 1;  ShiftsFileExists= 1;  [","-9362979"
"C:\job\ScanAreaOnly\Setup1\Recipes\Default\Zones\PostProcess.ini",".ini","1347","2015-05-17 18:02","2026-03-11 16:21","[General] ZoneName=PostProcess ZoneID=0 TypeName=PostProcess AutoTH=0 AutoProbe=0 [Volume] Enable=0 AlgorithmName=Volume","-5689339"
"C:\job\ScanAreaOnly\Setup1\Recipes\Default\Zones\Scan Area.ini",".ini","3811","2015-05-18 14:45","2026-03-11 16:21","[General] ZoneName=Scan Area ZoneID=63 TypeName=Surface AutoTH=0 AutoProbe=0 [Surface] Enable=1 AlgorithmName=Surface Cl","-5688096"
"C:\job\Secgemgrey_78231\Metadata.ini",".ini","95","2026-05-10 09:55","2026-05-17 11:09","[General] name=Secgemgrey_78231 Id=76444de8-502b-47d5-bd45-741e2bf7f456 Version=1 JobTag= ","-10154"
"C:\job\Secgemgrey_78231\.audit\manifest.json",".json","409","2026-05-17 11:10","2026-05-17 11:10","{   ""jobName"": ""Secgemgrey_78231"",   ""auditDbVersion"": ""1"",   ""created"": {     ""machine"": ""AMITA1"",     ""at"": ""2026-05-1","0"
"C:\job\Secgemgrey_78231\Setup1\DefectsClustering.ini",".ini","236","2026-05-06 15:39","2026-05-17 11:09","[General] Enabled=0 ClusteringAfterMerge=0 Distance=0 SelectedFirstSortingList=Priority SelectedSecondSortingList=Area S","-15570"
"C:\job\Secgemgrey_78231\Setup1\DieAlignment.dat_block.ini",".ini","117","2026-05-10 09:59","2026-05-17 11:09","[General] IsMultiIndex=0 DieCount=1 [Die_0] Row=0 Col=0 PosX=0.000 PosY=0.000 SizeX=1079.000 SizeY=749.000 ","-10150"
"C:\job\Secgemgrey_78231\Setup1\Metadata.ini",".ini","99","2026-05-06 15:32","2026-05-17 11:09","[General] name=Setup1 Id=9d44bb32-160f-41d5-b66d-6b43daf0cd80 Version=1 LastActiveRecipe=X2.5 ","-15577"
"C:\job\Secgemgrey_78231\Setup1\MultiRecipe.ini",".ini","130","2026-05-06 15:32","2026-05-17 11:09","[Scan] recipe_1=0,X2.5,,,,, MergingThreadCount=0 doSeparateRecipe=0 DoGrabAfterMerge=0 Recipes=0, [General] Version=1.0.","-15577"
"C:\job\Secgemgrey_78231\Setup1\ProductionInfo.ini",".ini","195","2026-05-10 09:58","2026-05-17 11:09","[SECSGEM] UserData= PredefinedLotId=0 PredefinedWaferId= [General] WaferDefectsCount=0 WaferDefectDiceRatio=0.0000 Wafer","-10151"
"C:\job\Secgemgrey_78231\Setup1\Recipes\X2.5\Alignment.ini",".ini","53","2026-05-10 09:58","2026-05-17 11:09","[WAFER ALIGNMENT] CoarseAlignDone=1 Rotate  w2t=0 ","-10151"
"C:\job\Secgemgrey_78231\Setup1\Recipes\X2.5\AlignmentData.ini",".ini","1018","2026-05-06 16:14","2026-05-17 11:09","[General] MinScore=85 MinTargetScore=0 PreprocessTargetImage=1 IsAffineEnabled=1 AlignPointsNum=10 ForceToGMF=0 [Point_0","-15535"
"C:\job\Secgemgrey_78231\Setup1\Recipes\X2.5\AlignRtp.ini",".ini","2946","2026-05-10 09:58","2026-05-17 11:09","[DIE Alignment] Die__MinModelSize=32 Die__MinScore=85 Die__ExtraScanLength_um=0.000000 Die__ExtraScanLength_X_um=0.00000","-10151"
"C:\job\Secgemgrey_78231\Setup1\Recipes\X2.5\AQL.ini",".ini","511","2026-05-07 14:17","2026-05-17 11:09","[General] ckWaferAql2=0 optRandom-1=False optRandom-0=False ckWaferAql=0 fpRandomDice=1.0 fpWaferYield-2=1.0 txSlotListD","-14212"
"C:\job\Secgemgrey_78231\Setup1\Recipes\X2.5\CcsLocalMeas.ini",".ini","210","2026-05-06 15:32","2026-05-17 11:09","[ScanParams] MarginX=0 MarginY=0 ScanStepX=0 ScanStepY=0 ResultsToRevisit= ScanDefects_Enabled=0 ScanDefects_SizeX=0 Sca","-15577"
"C:\job\Secgemgrey_78231\Setup1\Recipes\X2.5\CleanReferenceFinalParams.ini",".ini","1055","2026-05-06 15:37","2026-05-17 11:09","[General] Version=2 [CleanRefParams] SizeX=1280 SizeY=1280 minCriteria=-2 maxCriteria=-1 minCreateMul=2 maxCreateMul=2 m","-15572"
"C:\job\Secgemgrey_78231\Setup1\Recipes\X2.5\CreateReference3dOptions.ini",".ini","415","2026-05-06 15:32","2026-05-17 11:09","[General] Version=0 Debug=0 [Registration] ReferenceRegBy=4 BigBlockRowsNumber=1000 YPartitionsNumber=3 MaxErrorPix=3 PS","-15577"
"C:\job\Secgemgrey_78231\Setup1\Recipes\X2.5\DefaultWafer2Table.ini",".ini","1284","2026-05-06 15:37","2026-05-17 11:09","[WAFER ALIGNMENT] Wafer2Table_X=          1.0000099702        -0.0015329375   -104924.6376887733 Wafer2Table_Y=         ","-15572"
"C:\job\Secgemgrey_78231\Setup1\Recipes\X2.5\DieAlignment.dat_block.ini",".ini","117","2026-05-06 15:37","2026-05-17 11:09","[General] IsMultiIndex=0 DieCount=1 [Die_0] Row=0 Col=0 PosX=0.000 PosY=0.000 SizeX=1079.000 SizeY=749.000 ","-15572"
"C:\job\Secgemgrey_78231\Setup1\Recipes\X2.5\DieMapAlignRes.dat_block.ini",".ini","117","2026-05-06 15:37","2026-05-17 11:09","[General] IsMultiIndex=0 DieCount=1 [Die_0] Row=0 Col=0 PosX=0.000 PosY=0.000 SizeX=1079.000 SizeY=749.000 ","-15572"
"C:\job\Secgemgrey_78231\Setup1\Recipes\X2.5\DieMapRegPos.txt",".txt","350","2026-05-06 15:36","2026-05-17 11:09","ScaleX =    1.0000000000; ScaleY =    1.0000000000   RefID       X        Y  Zone Count      Shape Data       1     26.0","-15573"
"C:\job\Secgemgrey_78231\Setup1\Recipes\X2.5\ExternalCoordSystems.ini",".ini","33","2026-05-06 15:32","2026-05-17 11:09","[ExternalCoordSystems] Count=0 ","-15577"
"C:\job\Secgemgrey_78231\Setup1\Recipes\X2.5\GlobalRTP.ini",".ini","3205","2026-05-07 14:21","2026-05-17 11:09","[GLOBAL_RTP] LSL_Height=100.000000 USL_Height=140.000000 NominalHeight=120.000000 BumpType=1 CCS_Step=3.000000 CCS_Step_","-14208"
"C:\job\Secgemgrey_78231\Setup1\Recipes\X2.5\ImageProcessing.log",".log","37","2026-05-06 15:36","2026-05-17 11:09","_previouseAlignmentDataExists = 0 ","-15573"
"C:\job\Secgemgrey_78231\Setup1\Recipes\X2.5\Metadata.ini",".ini","74","2026-05-06 15:32","2026-05-17 11:09","[General] name=X2.5 Id=9c7a0ad5-3d69-4ff0-a018-7ee2d9532e63 Version=0 ","-15577"
"C:\job\Secgemgrey_78231\Setup1\Recipes\X2.5\OpticPreset.ini",".ini","801","2026-05-06 15:33","2026-05-17 11:09","[IllumConversion] Executed=0 [General] Signature=1 [Scan2d] Id=e115d89a-d5d1-474e-8e2f-955e1177d8ea FocusPosAboveChuck=2","-15576"
"C:\job\Secgemgrey_78231\Setup1\Recipes\X2.5\OpticToVCamStorage.json",".json","360","2026-05-10 09:59","2026-05-17 11:09","[   {     ""OpticId"": ""e115d89a-d5d1-474e-8e2f-955e1177d8ea"",     ""Scenario"": ""Scan"",     ""IsAutoFocus"": false,     ""Stor","-10150"
"C:\job\Secgemgrey_78231\Setup1\Recipes\X2.5\OverlayScan.ini",".ini","52","2026-05-06 15:32","2026-05-17 11:09","[General] Id=d50c45b9-2f27-52ba-e7a9-e5dc261cdec9 ","-15577"
"C:\job\Secgemgrey_78231\Setup1\Recipes\X2.5\Params_AlignRTP.ini",".ini","2945","2026-05-06 15:36","2026-05-17 11:09","[DIE Alignment] Die__MinModelSize=0 Die__MinScore=50 Die__ExtraScanLength_um=0.000000 Die__ExtraScanLength_X_um=0.000000","-15573"
"C:\job\Secgemgrey_78231\Setup1\Recipes\X2.5\Params_SystemInfo.ini",".ini","2395","2026-05-06 15:36","2026-05-17 11:09","[SystemParams] Gain=0 GainFx=0 Offset=0 Distortion=0 SizeX=1280 SizeY=1280 OffsetX=384 OffsetY=384 CameraType=3 ImageSiz","-15573"
"C:\job\Secgemgrey_78231\Setup1\Recipes\X2.5\Params_WaferInfo.ini",".ini","1397","2026-05-06 15:36","2026-05-17 11:09","[Path] SetupPath=c:\job\Secgemgrey\Setup1\Recipes\X2.5\ RecipeName=X2.5 RecipePath=c:\job\Secgemgrey\Setup1\Recipes\X2.5","-15573"
"C:\job\Secgemgrey_78231\Setup1\Recipes\X2.5\ProductInfo.ini",".ini","2484","2026-05-10 09:58","2026-05-17 11:09","[AutoFocus] SearchUseDefault=1 ScanDelta=0 OnLimitViolationAction=0 FocusVAriationLimit=0 LimitFocusVariation=0 RetriesC","-10151"
"C:\job\Secgemgrey_78231\Setup1\Recipes\X2.5\Recipe.ini",".ini","4261","2026-05-06 16:34","2026-05-17 11:09","[AutoCycle] AutoFocusBeforeAlignment=0 ; Before Alignment AutoFocusEvery=1 ; None CleanReferenceEvery=1 ; None UnloadToA","-15515"
"C:\job\Secgemgrey_78231\Setup1\Recipes\X2.5\ReferencesInfo.json",".json","240","2026-05-06 15:37","2026-05-17 11:09","{   ""UseCleanReferenceFolder"": false,   ""PeformCleanOnPizza"": false,   ""ExcludeReferenceFromJob"": false,   ""RecipeID"": ""","-15572"
"C:\job\Secgemgrey_78231\Setup1\Recipes\X2.5\RTP.txt",".txt","5696","2026-05-07 14:21","2026-05-17 11:09","[PostProcess]   ; Zone name Alg = Warp_Direction_Calculation Inner_Radius_[Microns] = 1 ;  ( Radius of the inner circle,","-14208"
"C:\job\Secgemgrey_78231\Setup1\Recipes\X2.5\s_FrameData.dat.md",".md","2346","2026-05-06 15:37","2026-05-17 11:09","<root><RecordSize Size=""160""/><Fields><Field Name=""frameIdx"" Id=""1073741824"" Offset=""0"" Vartype=""3""/><Field Name=""xInFra","-15572"
"C:\job\Secgemgrey_78231\Setup1\Recipes\X2.5\SamplingMetrology.ini",".ini","73","2026-05-06 15:32","2026-05-17 11:09","[General] Version=0 Id=72d39c2b-1b74-321e-7289-3c316a7fe770 UseCSV=0 ","-15577"
"C:\job\Secgemgrey_78231\Setup1\Recipes\X2.5\ScanOverlapLog.txt",".txt","450","2026-05-10 09:58","2026-05-17 11:09","Scan 2d Overlap [px], [um]; Pixel size = 3.412, 3.41 Minimum             :    32,   32,  109,  109 Detection           :","-10151"
"C:\job\Secgemgrey_78231\Setup1\Recipes\X2.5\ScanOverviewImage_Recipes-X2.5.txt",".txt","321","2026-05-06 15:37","2026-05-17 11:09","[ScanOverviewImage] I_2_WM_X=         50.5832031250         0.0000000000         0.0000000000 I_2_WM_Y=          0.00000","-15572"
"C:\job\Secgemgrey_78231\Setup1\Recipes\X2.5\ScenariosMetadatas.ini",".ini","1471","2026-05-06 15:35","2026-05-17 11:09","[General] Version=1 [Scan2d] Id=5f741565-435d-494f-87ca-616dbab44382 OpticsId=e115d89a-d5d1-474e-8e2f-955e1177d8ea Refer","-15574"
"C:\job\Secgemgrey_78231\Setup1\Recipes\X2.5\UniqueArea.ini",".ini","20","2026-05-06 15:32","2026-05-17 11:09","[General] Count=0 ","-15577"
"C:\job\Secgemgrey_78231\Setup1\Recipes\X2.5\Wafer2Table.ini",".ini","1284","2026-05-10 09:58","2026-05-17 11:09","[WAFER ALIGNMENT] Wafer2Table_X=          0.9999996295        -0.0021800326   -104819.9054537430 Wafer2Table_Y=         ","-10151"
"C:\job\Secgemgrey_78231\Setup1\Recipes\X2.5\WaferDataReadSettings.xml",".xml","195","2026-05-06 15:32","2026-05-17 11:09","<?xml version=""1.0""?> <WaferDataReadSettings xmlns:xsi=""http://www.w3.org/2001/XMLSchema-instance"" xmlns:xsd=""http://www","-15577"
"C:\job\Secgemgrey_78231\Setup1\Recipes\X2.5\Waferinfo.ini",".ini","683","2026-05-10 09:58","2026-05-17 11:09","[Robot] Rotation=90 SideUp=1 [General] key_minarea=0 hd_cmm=False hd_alignment=True hd_scan=True hd_robot=True hd_verifi","-10152"
"C:\job\Secgemgrey_78231\Setup1\Recipes\X2.5\WaferMapRecipe.ini",".ini","882","2026-05-06 15:38","2026-05-17 11:09","[GENERAL] SettingsPolicy=0 FiducialBin=-1 MappingCorner=3 [Input_Update] Enable=0 FileMask= ImportDirectory= UpdateDirec","-15572"
"C:\job\Secgemgrey_78231\Setup1\Recipes\X2.5\zones.ini",".ini","262","2026-05-06 15:38","2026-05-17 11:09","[General] Version=11 [ALGName] 255=PostProcess 0=Scan Area [ALG] 255=PostProcess 0=Surface [BinCodes] 255=-1 0=-1 [Color","-15571"
"C:\job\Secgemgrey_78231\Setup1\Recipes\X2.5\zones.txt",".txt","170","2026-05-06 15:38","2026-05-17 11:09","ScaleX =    1.0000000000; ScaleY =    1.0000000000   RefID       X        Y  Zone Count      Shape Data       1    539.0","-15571"
"C:\job\Secgemgrey_78231\Setup1\Recipes\X2.5\ZoomLevels.ini",".ini","164","2026-05-06 15:35","2026-05-17 11:09","[ZOOM_LEVELS] LEVEL_1=1 SaveCompressed=0 LEVEL_2=1 [LEVEL_1] SizeX=1078 SizeY=749 [LEVEL_2] SizeX=539 SizeY=374 [DIE] St","-15574"
"C:\job\Secgemgrey_78231\Setup1\Recipes\X2.5\.dc_cache\TransactionsHistory.ini",".ini","120","2026-05-06 15:37","2026-05-17 11:09","[DeprecatedInV0] Namespace.RuntimeEntities.RecipePartsCollection_Runtime|RecipePartsCollection|CleanReferenceParams=1 ","-15572"
"C:\job\Secgemgrey_78231\Setup1\Recipes\X2.5\OpticLightMetadata\config.ini",".ini","292","2026-05-10 09:58","2026-05-17 11:09","[General] NominalDelta=0.000000000 Exist=0 targetPos_X=0.000000000 targetPos_Y=0.000000000 minY=0.000000000 minX=0.00000","-10151"
"C:\job\Secgemgrey_78231\Setup1\Recipes\X2.5\ReferenceBackup\ZoomLevels.ini",".ini","174","2026-05-06 15:35","2026-05-17 11:09","[ZOOM_LEVELS] LEVEL_1=1 SaveCompressed=0 LEVEL_2=1 [LEVEL_1] SizeX=1078 SizeY=749 [LEVEL_2] SizeX=539 SizeY=374 [DIE] St","-15574"
"C:\job\Secgemgrey_78231\Setup1\Recipes\X2.5\SW_QA-5\OpticsPreset.ini",".ini","109","2026-05-06 15:35","2026-05-17 11:09","[RobotSetup] Name=PD_8_106448_ARC.cfg [Chuck] CenterX=158684.0625 CenterY=138935.140625 CenterZ=-380.3 ","-15574"
"C:\job\Secgemgrey_78231\Setup1\Recipes\X2.5\TrainData\Die.ini",".ini","1174","2026-05-06 15:35","2026-05-17 11:09","[DIE] PixelSize_X=3.41217554247702 PixelSize_Y=3.41217554247702 FrameSizeX=1280 FrameSizeY=1280 Step_X=3696 Step_Y=2585 ","-15574"
"C:\job\Secgemgrey_78231\Setup1\Recipes\X2.5\TrainData\DieRefToTrain.txt",".txt","205","2026-05-06 15:35","2026-05-17 11:09","[DieRefToTrainImage] DR_2_TI_X=1 0 1030.01842785279 DR_2_TI_Y=0 1 755.425726966477 DR_2_TI_Theta=0.0000000 DR_2_TI_Gamma","-15574"
"C:\job\Secgemgrey_78231\Setup1\Recipes\X2.5\TrainData\FrameToChuck.ini",".ini","160","2026-05-06 15:34","2026-05-17 11:09","[FrameToChuck] F2C_X=          3.4121754277         0.0008849208     -2184.3586230480 F2C_Y=         -0.0008849208      ","-15576"
"C:\job\Secgemgrey_78231\Setup1\Recipes\X2.5\TrainData\DieImage\DieImageToTable.ini",".ini","246","2026-05-06 15:34","2026-05-17 11:09","[DieImageToTable] I2T_X=3.4121696242124 -0.00635517746196773 -4981.4181577733 I2T_Y=0.00635517746196773 3.4121696242124 ","-15576"
"C:\job\Secgemgrey_78231\Setup1\Recipes\X2.5\TrainData\DieImage\ZoomLevels.ini",".ini","169","2026-05-06 15:34","2026-05-17 11:09","[ZOOM_LEVELS] LEVEL_1=1 SaveCompressed=0 LEVEL_2=1 LEVEL_4=1 [LEVEL_1] SizeX=3455 SizeY=2522 [LEVEL_2] SizeX=1727 SizeY=","-15575"
"C:\job\Secgemgrey_78231\Setup1\Recipes\X2.5\WaferAlignData\Alignment_PatFindRtp.txt",".txt","742","2026-05-10 09:58","2026-05-17 11:09"," [09:58:56 05/10/26] Minimum Score           :  85    Minimum Start        :  90    Reduce Delta         :  10 Minimum T","-10151"
"C:\job\Secgemgrey_78231\Setup1\Recipes\X2.5\WaferAlignData\Alignment_PatRes.txt",".txt","1683","2026-05-10 09:58","2026-05-17 11:09"," [09:58:56 05/10/26] ==========================================================================================  #    Co","-10151"
"C:\job\Secgemgrey_78231\Setup1\Recipes\X2.5\WaferAlignData\Alignment_Stat.txt",".txt","1574","2026-05-10 09:58","2026-05-17 11:09","  [09:58:56 05/10/26] ==================================================================================================","-10151"
"C:\job\Secgemgrey_78231\Setup1\Recipes\X2.5\WaferAlignData\AlignmentData.ini",".ini","32","2026-05-10 09:58","2026-05-17 11:09","[General] AlignmentTime=13380 ","-10151"
"C:\job\Secgemgrey_78231\Setup1\Recipes\X2.5\WaferAlignData\AlignmentStatisticsTime.txt",".txt","169","2026-05-10 09:58","2026-05-17 11:09","Alignment Statistics Grabbing Counter=10 Total=3125 Average=312.500000 Moving Counter=10 Total=4047 Average=404.700012 M","-10151"
"C:\job\Secgemgrey_78231\Setup1\Recipes\X2.5\Zones\PostProcess.ini",".ini","2651","2026-05-07 14:21","2026-05-17 11:09","[General] ZoneName=PostProcess ZoneID=255 TypeName=PostProcess AutoTH=0 AutoProbe=0 [Warp Direction Calculation] Enable=","-14208"
"C:\job\Secgemgrey_78231\Setup1\Recipes\X2.5\Zones\Scan Area.ini",".ini","5848","2026-05-07 14:21","2026-05-17 11:09","[General] ZoneName=Scan Area ZoneID=63 TypeName=Surface AutoTH=0 AutoProbe=0 [Surface] Enable=1 AlgorithmName=Surface Cl","-14208"
"C:\job\ValidationJob\Metadata.ini",".ini","92","2025-03-18 10:31","2026-04-30 22:08","[General] name=ValidationJob Id=bd6cf6df-1093-49b2-87a1-fc2e376b1209 Version=1 JobTag= ","-588217"
"C:\job\ValidationJob\VcamInstallerGuid.txt",".txt","36","2025-03-18 12:05","2026-04-30 22:08","0f79e46a-a13a-4779-8b21-541a64d4e0b7","-588124"
"C:\job\ValidationJob\.audit\manifest.json",".json","397","2026-05-12 12:57","2026-05-12 12:57","{   ""jobName"": ""ValidationJob"",   ""auditDbVersion"": ""1"",   ""created"": {     ""machine"": ""AMITA1"",     ""at"": ""2026-05-12T0","0"
"C:\job\ValidationJob\300mm\CurrWaferSurfaceInterpolation.ini",".ini","3490","2025-03-18 11:57","2026-04-30 22:08","ThinPlate 70 84077.6881415611 98152.5448847911 784.071718596295 95.4962561090847 107435.895226636 69294.4788863877 781.4","-588132"
"C:\job\ValidationJob\300mm\CurrWaferSurfaceInterpolation.md",".md","29","2025-03-18 11:53","2026-04-30 22:08","[General] IsInChuckSpace=1 ","-588136"
"C:\job\ValidationJob\300mm\DefectsClustering.ini",".ini","239","2025-11-13 13:45","2026-04-30 22:08","[General] Enabled=0 ClusteringAfterMerge=0 Distance=1000 SelectedFirstSortingList=Priority SelectedSecondSortingList=Are","-242424"
"C:\job\ValidationJob\300mm\DieAlignment.dat_block.ini",".ini","118","2026-05-12 11:25","2026-04-30 22:08","[General] IsMultiIndex=0 DieCount=1 [Die_0] Row=0 Col=0 PosX=0.000 PosY=0.000 SizeX=2249.000 SizeY=2775.000 ","16636"
"C:\job\ValidationJob\300mm\Metadata.ini",".ini","101","2025-03-18 09:34","2026-04-30 22:08","[General] name=300mm Id=3b251fe5-e78a-4941-bfd2-157682e38585 Version=1 LastActiveRecipe=AllMags ","-588275"
"C:\job\ValidationJob\300mm\MultiRecipe.ini",".ini","133","2025-03-18 09:34","2026-04-30 22:08","[Scan] recipe_1=0,AllMags,,,,, MergingThreadCount=0 doSeparateRecipe=0 DoGrabAfterMerge=0 Recipes=0, [General] Version=1","-588275"
"C:\job\ValidationJob\300mm\ProductionInfo.ini",".ini","134","2025-03-18 11:54","2026-04-30 22:08","[General] WaferDefectsCount=0 WaferDefectDiceRatio=0.0000 WaferDefectClassId=0 WaferDefectClassIdCount=0 BatchPassWafers","-588135"
"C:\job\ValidationJob\300mm\Recipes\AllMags\Alignment.ini",".ini","38","2025-03-18 09:49","2026-04-30 22:08","[WAFER ALIGNMENT] CoarseAlignDone=1 ","-588259"
"C:\job\ValidationJob\300mm\Recipes\AllMags\AlignmentData.ini",".ini","820","2025-03-18 09:49","2026-04-30 22:08","[General] MinScore=85 MinTargetScore=0 IsAffineEnabled=1 AlignPointsNum=8 ForceToGMF=0 [Point_0] X=175586.730255245 Y=17","-588260"
"C:\job\ValidationJob\300mm\Recipes\AllMags\AlignRtp.ini",".ini","2985","2026-05-12 11:24","2026-04-30 22:08","[DIE Alignment] Die__MinModelSize=32 Die__MinScore=85 Die__ExtraScanLength_um=0.000000 Die__ExtraScanLength_X_um=0.00000","16635"
"C:\job\ValidationJob\300mm\Recipes\AllMags\CcsLocalMeas.ini",".ini","209","2025-03-18 09:34","2026-04-30 22:08","[ScanParams] MarginX=0 MarginY=0 ScanStepX=0 ScanStepY=0 ResultsToRevisit= ScanDefects_Enabled=0 ScanDefects_SizeX=0 Sca","-588275"
"C:\job\ValidationJob\300mm\Recipes\AllMags\CleanReferenceFinalParams.ini",".ini","985","2025-03-18 09:47","2026-04-30 22:08","[General] Version=2 [CleanRefParams] SizeX=1280 SizeY=1280 minCriteria=-2 maxCriteria=-1 minCreateMul=2 maxCreateMul=2 m","-588262"
"C:\job\ValidationJob\300mm\Recipes\AllMags\CreateReference3dOptions.ini",".ini","322","2025-03-18 09:34","2026-04-30 22:08","[General] Version=0 Debug=0 [Registration] ReferenceRegBy=4 BigBlockRowsNumber=1000 YPartitionsNumber=3 MaxErrorPix=3 PS","-588275"
"C:\job\ValidationJob\300mm\Recipes\AllMags\CurrWaferSurfaceInterpolation.ini",".ini","3455","2025-03-18 11:57","2026-04-30 22:08","ThinPlate 70 167800.872231052 175198.377862252 770.507743885993 99.4396958404576 206837.872231052 175198.377862252 770.0","-588132"
"C:\job\ValidationJob\300mm\Recipes\AllMags\CurrWaferSurfaceInterpolation.md",".md","29","2025-03-18 11:53","2026-04-30 22:08","[General] IsInChuckSpace=0 ","-588136"
"C:\job\ValidationJob\300mm\Recipes\AllMags\DefaultWafer2Table.ini",".ini","1123","2025-03-18 09:44","2026-04-30 22:08","[WAFER ALIGNMENT] Wafer2Table_X=          0.9999925513         0.0022170923   -170205.8258136187 Wafer2Table_Y=         ","-588264"
"C:\job\ValidationJob\300mm\Recipes\AllMags\DefaultWaferSurfaceInterpolation.ini",".ini","3460","2025-03-18 11:53","2026-04-30 22:08","ThinPlate 70 167800.872231052 175198.377862252 770.083650620415 99.6808818474263 206837.872231052 175198.377862252 769.6","-588136"
"C:\job\ValidationJob\300mm\Recipes\AllMags\DefaultWaferSurfaceInterpolation.md",".md","29","2025-03-18 11:53","2026-04-30 22:08","[General] IsInChuckSpace=0 ","-588136"
"C:\job\ValidationJob\300mm\Recipes\AllMags\DieAlignment.dat_block.ini",".ini","118","2025-03-18 09:44","2026-04-30 22:08","[General] IsMultiIndex=0 DieCount=1 [Die_0] Row=0 Col=0 PosX=0.000 PosY=0.000 SizeX=2249.000 SizeY=2775.000 ","-588264"
"C:\job\ValidationJob\300mm\Recipes\AllMags\DieMapAlignRes.dat_block.ini",".ini","118","2025-03-18 09:44","2026-04-30 22:08","[General] IsMultiIndex=0 DieCount=1 [Die_0] Row=0 Col=0 PosX=0.000 PosY=0.000 SizeX=2249.000 SizeY=2775.000 ","-588264"
"C:\job\ValidationJob\300mm\Recipes\AllMags\DieMapRegPos.txt",".txt","350","2025-03-18 09:47","2026-04-30 22:08","ScaleX =    1.0000000000; ScaleY =    1.0000000000   RefID       X        Y  Zone Count      Shape Data       1     65.0","-588262"
"C:\job\ValidationJob\300mm\Recipes\AllMags\DieRegPos.txt",".txt","470","2025-03-18 09:47","2026-04-30 22:08","ScaleX =    1.0000000000; ScaleY =    1.0000000000   RefID       X        Y  Zone Count      Shape Data       1     64.0","-588262"
"C:\job\ValidationJob\300mm\Recipes\AllMags\ExternalCoordSystems.ini",".ini","33","2025-03-18 09:34","2026-04-30 22:08","[ExternalCoordSystems] Count=0 ","-588275"
"C:\job\ValidationJob\300mm\Recipes\AllMags\GlobalRTP.ini",".ini","2925","2025-03-18 10:00","2026-04-30 22:08","[GLOBAL_RTP] LSL_Height=100.000000 USL_Height=140.000000 NominalHeight=120.000000 BumpType=1 CCS_Step=3.000000 CCS_Step_","-588249"
"C:\job\ValidationJob\300mm\Recipes\AllMags\ImageProcessing.log",".log","37","2025-03-18 09:43","2026-04-30 22:08","_previouseAlignmentDataExists = 0 ","-588265"
"C:\job\ValidationJob\300mm\Recipes\AllMags\JobIllumLimits.ini",".ini","84","2026-04-30 22:11","2026-04-30 22:11","[AMITA1] IllumCalibDate=2024-12-15 07:59:23 ForcedSkipToDate=2026-05-30 22:11:21 ","0"
"C:\job\ValidationJob\300mm\Recipes\AllMags\Metadata.ini",".ini","152","2025-03-18 10:04","2026-04-30 22:08","[General] name=AllMags Id=673afa52-bbf6-4b54-89eb-7e4ffdbdf90d Version=0 [GeneralOnlineVerificationParams] UseSetGrabFor","-588244"
"C:\job\ValidationJob\300mm\Recipes\AllMags\OpticPreset.ini",".ini","5004","2026-05-05 16:38","2026-04-30 22:08","[General] Signature=3 [Scan2d] Id=61cd4865-6978-4ca0-a75d-721003a22e0e Zwafer=7.28884464917576 Mag=2.5 Mode=-1 CameraNam","6869"
"C:\job\ValidationJob\300mm\Recipes\AllMags\OpticToVCamStorage.json",".json","715","2026-05-05 16:38","2026-04-30 22:08","[   {     ""OpticId"": ""1b4a9a1e-1a60-40b2-b0f3-890f21648020"",     ""Scenario"": ""FocusMap"",     ""IsAutoFocus"": true,     ""S","6869"
"C:\job\ValidationJob\300mm\Recipes\AllMags\OverlayScan.ini",".ini","52","2025-03-18 09:34","2026-04-30 22:08","[General] Id=6193f235-dedd-3769-f787-b4619aa41c5e ","-588275"
"C:\job\ValidationJob\300mm\Recipes\AllMags\Params_AlignRTP.ini",".ini","2934","2025-03-18 09:43","2026-04-30 22:08","[DIE Alignment] Die__MinModelSize=0 Die__MinScore=50 Die__ExtraScanLength_um=0.000000 Die__ExtraScanLength_X_um=0.000000","-588265"
"C:\job\ValidationJob\300mm\Recipes\AllMags\Params_SystemInfo.ini",".ini","2363","2025-03-18 09:43","2026-04-30 22:08","[SystemParams] Gain=0 GainFx=0 Offset=0 Distortion=0 SizeX=1280 SizeY=1280 OffsetX=384 OffsetY=384 CameraType=3 ImageSiz","-588265"
"C:\job\ValidationJob\300mm\Recipes\AllMags\Params_WaferInfo.ini",".ini","1376","2025-03-18 09:43","2026-04-30 22:08","[Path] SetupPath=c:\job\ValidationJob\300mm\Recipes\AllMags\ RecipeName=AllMags RecipePath=c:\job\ValidationJob\300mm\Re","-588265"
"C:\job\ValidationJob\300mm\Recipes\AllMags\ProductInfo.ini",".ini","3178","2026-05-12 13:03","2026-04-30 22:08","[AutoFocus] SearchUseDefault=1 ScanDelta=0 OnLimitViolationAction=0 FocusVAriationLimit=0 LimitFocusVariation=0 RetriesC","16734"
"C:\job\ValidationJob\300mm\Recipes\AllMags\Recipe.ini",".ini","4140","2026-04-30 22:37","2026-04-30 22:08","[AutoCycle] AutoFocusEvery=1 ; None CleanReferenceEvery=1 ; None UnloadToAnotherCassette=0 ; Move wafers from Loadport A","29"
"C:\job\ValidationJob\300mm\Recipes\AllMags\ReferencesInfo.json",".json","196","2026-04-30 22:11","2026-04-30 22:11","{   ""UseCleanReferenceFolder"": false,   ""PeformCleanOnPizza"": false,   ""ExcludeReferenceFromJob"": false,   ""RecipeID"": ""","0"
"C:\job\ValidationJob\300mm\Recipes\AllMags\RTP.txt",".txt","14288","2025-03-18 10:02","2026-04-30 22:08","[PostProcess]   ; Zone name Alg = Warp_Direction_Calculation Inner_Radius_[Microns] = 1 ;  ( Radius of the inner circle,","-588246"
"C:\job\ValidationJob\300mm\Recipes\AllMags\SamplingMetrology.ini",".ini","73","2025-03-18 09:34","2026-04-30 22:08","[General] Version=0 Id=2d57a9fe-1869-4080-7ac6-1745aaf9b433 UseCSV=0 ","-588275"
"C:\job\ValidationJob\300mm\Recipes\AllMags\ScanOverlapLog.txt",".txt","450","2026-05-12 11:24","2026-04-30 22:08","Scan 2d Overlap [px], [um]; Pixel size = 3.407, 3.41 Minimum             :    32,   32,  109,  109 Detection           :","16635"
"C:\job\ValidationJob\300mm\Recipes\AllMags\ScanOverviewImage_Recipes-AllMags.txt",".txt","321","2025-03-18 09:44","2026-04-30 22:08","[ScanOverviewImage] I_2_WM_X=         82.0483398438         0.0000000000     -4079.6000000000 I_2_WM_Y=          0.00000","-588264"
"C:\job\ValidationJob\300mm\Recipes\AllMags\ScenarioMetadataGrab.xml",".xml","5679","2025-03-18 10:08","2026-04-30 22:08","<MultiOpticsScenarioGrabConfiguration VersionNumber=""2.0"">   <ScenarioGrab Id=""8762b93a-7d27-4b01-ae57-287737fa71df"" Nam","-588240"
"C:\job\ValidationJob\300mm\Recipes\AllMags\ScenariosMetadatas.ini",".ini","1543","2026-05-05 16:38","2026-04-30 22:08","[General] Version=1 [Scan2d] Id=dc872976-066f-4ff0-86f3-6f07a2b3c149 OpticsId=3845442d-c4ed-4440-8868-5aca09c1e36b Refer","6869"
"C:\job\ValidationJob\300mm\Recipes\AllMags\UniqueArea.ini",".ini","375","2025-03-18 09:41","2026-04-30 22:08","[General] Count=0 UseGMF=0 TryAllModels=0 MinTargetScore=0 ImagePreprocessorId=306a7e84-3bae-4443-bedf-ea9321f61841 [306","-588267"
"C:\job\ValidationJob\300mm\Recipes\AllMags\Wafer2Table.ini",".ini","1123","2026-05-12 11:24","2026-04-30 22:08","[WAFER ALIGNMENT] Wafer2Table_X=          0.9999825828         0.0022057883   -170199.2698604851 Wafer2Table_Y=         ","16635"
"C:\job\ValidationJob\300mm\Recipes\AllMags\WaferDataReadSettings.xml",".xml","195","2025-03-18 09:34","2026-04-30 22:08","<?xml version=""1.0""?> <WaferDataReadSettings xmlns:xsi=""http://www.w3.org/2001/XMLSchema-instance"" xmlns:xsd=""http://www","-588275"
"C:\job\ValidationJob\300mm\Recipes\AllMags\Waferinfo.ini",".ini","406","2026-05-12 11:24","2026-04-30 22:08","[Robot] Rotation=0 SideUp=1 [General] hd_robot=False InkBinList= LimitNumberOfInkedDice=0 hd_cmm=False key_minarea=2500 ","16635"
"C:\job\ValidationJob\300mm\Recipes\AllMags\WaferMapRecipe.ini",".ini","882","2025-11-13 13:42","2026-04-30 22:08","[GENERAL] SettingsPolicy=0 FiducialBin=-1 MappingCorner=3 [Input_Update] Enable=0 FileMask= ImportDirectory= UpdateDirec","-242426"
"C:\job\ValidationJob\300mm\Recipes\AllMags\zones.ini",".ini","459","2025-03-18 09:57","2026-04-30 22:08","[General] Version=11 [ALGName] 255=PostProcess 0=Scan Area 1=Solder 2=Pad 3=Prob 4=RDL [ALG] 255=PostProcess 0=Surface 1","-588251"
"C:\job\ValidationJob\300mm\Recipes\AllMags\zones.txt",".txt","410","2025-03-18 09:57","2026-04-30 22:08","ScaleX =    1.0000000000; ScaleY =    1.0000000000   RefID       X        Y  Zone Count      Shape Data       1   1124.5","-588251"
"C:\job\ValidationJob\300mm\Recipes\AllMags\ZoomLevels.ini",".ini","210","2025-03-18 09:38","2026-04-30 22:08","[ZOOM_LEVELS] LEVEL_1=1 SaveCompressed=0 LEVEL_2=1 LEVEL_4=1 [LEVEL_1] SizeX=2249 SizeY=2775 [LEVEL_2] SizeX=1124 SizeY=","-588270"
"C:\job\ValidationJob\300mm\Recipes\AllMags\.dc_cache\TransactionsHistory.ini",".ini","366","2025-03-18 10:04","2026-04-30 22:08","[DeprecatedInV0] Namespace.RuntimeEntities.RecipePartsCollection_Runtime|RecipePartsCollection|CleanReferenceParams=1 Na","-588244"
"C:\job\ValidationJob\300mm\Recipes\AllMags\AMITA1\OpticsPreset.ini",".ini","58","2026-04-30 22:37","2026-04-30 22:12","[General] DiffLight2.5=3.00000000000001 RefLight2.5=70 ","25"
"C:\job\ValidationJob\300mm\Recipes\AllMags\DebugAFMapping\FocusMappingDebug_AllMags.txt",".txt","6996","2025-03-18 11:57","2026-04-30 22:08","Id  ,   ,Match Score,AF Score,Final Score,     dZ, Range,Zchuck0, Zchuck, Zstage0,  Zstage, Wafer X, Wafer Y, Chuck X, C","-588132"
"C:\job\ValidationJob\300mm\Recipes\AllMags\FocusMapping\FocusMapping.ini",".ini","2363","2026-04-30 22:38","2026-04-30 22:08","[Mode] AutoFocusRange=100 CreateSurfaceScore=Good MinMatchModelScore=Good DurationOfOneSite=3 NumOfDiceToScan=50 Resolut","29"
"C:\job\ValidationJob\300mm\Recipes\AllMags\FocusMapping\FocusPointsForScan.xml",".xml","8675","2025-03-18 11:53","2026-04-30 22:08","<FocusPointsCollection VersionNumber=""0.0"" FocusPointsCount=""50"" ModelsStamp=""0-F519C9E028DCB93E2DAF076383ADC91B"">   <Fo","-588136"
"C:\job\ValidationJob\300mm\Recipes\AllMags\FocusMapping\Model_37d9cf47-950c-4c44-a2db-dd44fd15275d\FocusModel.ini",".ini","277","2025-03-18 11:53","2026-04-30 22:08","[General] Offset=0 ModelIndex=0 Enabled=1 DisplayName=Model0 Id=5b4574f3-915e-4f08-8388-142bbc5df218 Version=1 ModelType","-588136"
"C:\job\ValidationJob\300mm\Recipes\AllMags\OpticLightMetadata\config.ini",".ini","550","2026-05-12 11:24","2026-04-30 22:08","[General] NominalDelta=0.000000000 Exist=0 targetPos_X=0.000000000 targetPos_Y=0.000000000 minY=0.000000000 minX=1953215","16635"
"C:\job\ValidationJob\300mm\Recipes\AllMags\ReferenceBackup\ZoomLevels.ini",".ini","210","2025-03-18 09:38","2026-04-30 22:08","[ZOOM_LEVELS] LEVEL_1=1 SaveCompressed=0 LEVEL_2=1 LEVEL_4=1 [LEVEL_1] SizeX=2249 SizeY=2775 [LEVEL_2] SizeX=1124 SizeY=","-588270"
"C:\job\ValidationJob\300mm\Recipes\AllMags\SW_QA-3\OpticsPreset.ini",".ini","115","2025-03-18 09:38","2026-04-30 22:08","[RobotSetup] Name=Bare_12_8_ThroughBeam.cfg [Chuck] CenterX=157255.09375 CenterY=139748.59375 CenterZ=-415.7 ","-588270"
"C:\job\ValidationJob\300mm\Recipes\AllMags\TrainData\Die.ini",".ini","1120","2025-03-18 09:38","2026-04-30 22:08","[DIE] PixelSize_X=3.40661938106452 PixelSize_Y=3.40661938106452 FrameSizeX=1280 FrameSizeY=1280 Step_X=7832 Step_Y=9585 ","-588270"
"C:\job\ValidationJob\300mm\Recipes\AllMags\TrainData\DieRefToTrain.txt",".txt","277","2025-03-18 09:38","2026-04-30 22:08","[DieRefToTrainImage] DR_2_TI_X=0.999999883782547 -0.000482115019811686 1067.46910557971 DR_2_TI_Y=0.000482115019811686 0","-588271"
"C:\job\ValidationJob\300mm\Recipes\AllMags\TrainData\FrameToChuck.ini",".ini","160","2025-03-18 09:37","2026-04-30 22:08","[FrameToChuck] F2C_X=          3.4066193522        -0.0004435727     -2179.9524988907 F2C_Y=          0.0004435727      ","-588271"
"C:\job\ValidationJob\300mm\Recipes\AllMags\TrainData\ZonesVectorInfo.csv",".csv","373","2025-03-18 09:57","2026-04-30 22:08","ID,zone,X,Y,SizeX,SizeY,ShapeType,Angle,Is3d 1,Solder,1931.55318906358,3462.82860085208,3842.66666184078,2183.6430232623","-588251"
"C:\job\ValidationJob\300mm\Recipes\AllMags\TrainData\DieImage\DieImageToTable.ini",".ini","250","2025-03-18 09:37","2026-04-30 22:09","[DieImageToTable] I2T_X=3.40660596991962 0.00955893050504556 -1704.8767157549 I2T_Y=-0.00955893050504556 3.4066059699196","-588271"
"C:\job\ValidationJob\300mm\Recipes\AllMags\TrainData\DieImage\ZoomLevels.ini",".ini","79","2025-03-18 09:37","2026-04-30 22:09","[ZOOM_LEVELS] LEVEL_1=1 SaveCompressed=0 [LEVEL_1] SizeX=5905 SizeY=6964 ","-588271"
"C:\job\ValidationJob\300mm\Recipes\AllMags\TrainData\ReferenceBackup\ZoomLevels.ini",".ini","79","2025-03-18 09:37","2026-04-30 22:09","[ZOOM_LEVELS] LEVEL_1=1 SaveCompressed=0 [LEVEL_1] SizeX=5905 SizeY=6964 ","-588271"
"C:\job\ValidationJob\300mm\Recipes\AllMags\WaferAlignData\Alignment_PatFindRtp.txt",".txt","742","2026-05-12 11:24","2026-05-12 11:24"," [11:24:16 05/12/26] Minimum Score           :  85    Minimum Start        :  90    Reduce Delta         :  10 Minimum T","0"
"C:\job\ValidationJob\300mm\Recipes\AllMags\WaferAlignData\Alignment_PatRes.txt",".txt","1429","2026-05-12 11:24","2026-05-12 11:24"," [11:24:15 05/12/26] ==========================================================================================  #    Co","0"
"C:\job\ValidationJob\300mm\Recipes\AllMags\WaferAlignData\Alignment_Stat.txt",".txt","1410","2026-05-12 11:24","2026-05-12 11:24","  [11:24:15 05/12/26] ==================================================================================================","0"
"C:\job\ValidationJob\300mm\Recipes\AllMags\WaferAlignData\AlignmentData.ini",".ini","31","2026-05-12 11:24","2026-05-12 11:24","[General] AlignmentTime=6330 ","0"
"C:\job\ValidationJob\300mm\Recipes\AllMags\WaferAlignData\AlignmentStatisticsTime.txt",".txt","166","2026-05-12 11:24","2026-05-12 11:24","Alignment Statistics Grabbing Counter=8 Total=2313 Average=289.125000 Moving Counter=8 Total=1204 Average=150.500000 Mov","0"
"C:\job\ValidationJob\300mm\Recipes\AllMags\Zones\Pad.ini",".ini","5683","2026-05-03 14:01","2026-04-30 22:09","[General] ZoneName=Pad ZoneID=2 TypeName=Surface AutoTH=0 AutoProbe=0 [Surface] Enable=1 AlgorithmName=Surface Classify=","3833"
"C:\job\ValidationJob\300mm\Recipes\AllMags\Zones\PostProcess.ini",".ini","2190","2025-03-18 10:00","2026-04-30 22:09","[General] ZoneName=PostProcess ZoneID=255 TypeName=PostProcess AutoTH=0 AutoProbe=0 [Warp Direction Calculation] Enable=","-588249"
"C:\job\ValidationJob\300mm\Recipes\AllMags\Zones\Prob.ini",".ini","5684","2025-03-18 10:00","2026-04-30 22:09","[General] ZoneName=Prob ZoneID=3 TypeName=Surface AutoTH=0 AutoProbe=0 [Surface] Enable=1 AlgorithmName=Surface Classify","-588249"
"C:\job\ValidationJob\300mm\Recipes\AllMags\Zones\RDL.ini",".ini","5684","2025-03-18 10:00","2026-04-30 22:09","[General] ZoneName=RDL ZoneID=4 TypeName=Surface AutoTH=0 AutoProbe=0 [Surface] Enable=1 AlgorithmName=Surface Classify=","-588249"
"C:\job\ValidationJob\300mm\Recipes\AllMags\Zones\Scan Area.ini",".ini","5690","2025-03-18 10:00","2026-04-30 22:09","[General] ZoneName=Scan Area ZoneID=63 TypeName=Surface AutoTH=0 AutoProbe=0 [Surface] Enable=1 AlgorithmName=Surface Cl","-588249"
"C:\job\ValidationJob\300mm\Recipes\AllMags\Zones\Solder.ini",".ini","5686","2025-03-18 10:00","2026-04-30 22:09","[General] ZoneName=Solder ZoneID=1 TypeName=Surface AutoTH=0 AutoProbe=0 [Surface] Enable=1 AlgorithmName=Surface Classi","-588249"
"C:\job\VCAM 2D+3D CCS\Metadata.ini",".ini","93","2025-02-17 08:49","2026-05-17 11:18","[General] name=VCAM 2D+3D CCS Id=70fcdf04-16c4-4ecc-b494-1db4264f8643 Version=1 JobTag= ","-653910"
"C:\job\VCAM 2D+3D CCS\VcamInstallerGuid.txt",".txt","36","2025-03-18 12:04","2026-05-17 11:18","a768aa22-3050-46d9-b4fc-0521e28c1ac6","-611955"
"C:\job\VCAM 2D+3D CCS\.audit\manifest.json",".json","412","2026-05-17 11:19","2026-05-17 11:18","{   ""jobName"": ""VCAM 2D\u002B3D CCS"",   ""auditDbVersion"": ""1"",   ""created"": {     ""machine"": ""AMITA1"",     ""at"": ""2026-0","1"
"C:\job\VCAM 2D+3D CCS\Setup1\CurrWaferSurfaceInterpolation.ini",".ini","6975","2025-02-16 10:41","2026-05-17 11:18","ThinPlate 50 45345.8746814568 127445.286578824 768.093722279842 94.6954074602558 70547.5808184768 121152.524929174 768.8","-655238"
"C:\job\VCAM 2D+3D CCS\Setup1\CurrWaferSurfaceInterpolation.md",".md","29","2025-02-11 13:45","2026-05-17 11:18","[General] IsInChuckSpace=1 ","-662253"
"C:\job\VCAM 2D+3D CCS\Setup1\DefaultWafer2Table.ini",".ini","1141","2025-02-11 17:29","2026-05-17 11:18","[WAFER ALIGNMENT] Wafer2Table_X=          0.9999969136        -0.0002747084   -157388.1110254321 Wafer2Table_Y=         ","-662030"
"C:\job\VCAM 2D+3D CCS\Setup1\DefectsClustering.ini",".ini","236","2025-02-11 13:46","2026-05-17 11:18","[General] Enabled=0 ClusteringAfterMerge=0 Distance=0 SelectedFirstSortingList=Priority SelectedSecondSortingList=Area S","-662253"
"C:\job\VCAM 2D+3D CCS\Setup1\DieAlignment.dat_block.ini",".ini","118","2025-05-26 13:15","2026-05-17 11:18","[General] IsMultiIndex=0 DieCount=1 [Die_0] Row=0 Col=0 PosX=0.000 PosY=0.000 SizeX=7336.000 SizeY=7336.000 ","-512524"
"C:\job\VCAM 2D+3D CCS\Setup1\Metadata.ini",".ini","104","2025-02-17 08:50","2026-05-17 11:18","[General] name=Setup1 Id=db3855e5-accd-457e-af5f-a8395a1f6068 Version=1 LastActiveRecipe=x10 + CCS ","-653908"
"C:\job\VCAM 2D+3D CCS\Setup1\MultiRecipe.ini",".ini","372","2025-02-17 08:50","2026-05-17 11:18","[Scan] SamplingCount=0 SamplingYield=0 MergingThreadCount=0 doSeparateRecipe=1 DoGrabAfterMerge=0 Recipes= RecipesPos= R","-653908"
"C:\job\VCAM 2D+3D CCS\Setup1\ProductionInfo.ini",".ini","194","2025-02-12 11:39","2026-05-17 11:18","[General] WaferDefectsCount=0 WaferDefectDiceRatio=0.000 WaferDefectClassId=0 WaferDefectClassIdCount=0 BatchPassWafersC","-660939"
"C:\job\VCAM 2D+3D CCS\Setup1\RecipesInfo.ini",".ini","795","2025-02-11 17:45","2026-05-17 11:18","[Recipe-1] Name=x5 DiePitchX=6300 DiePitchY=6300 ScanMag=5 ColorPixelSize=0 Scan2DPixelSize=1.693 VerCam=4 VerMag=5 [Rec","-662013"
"C:\job\VCAM 2D+3D CCS\Setup1\ScanCondition.ini",".ini","23","2025-02-11 14:51","2026-05-17 11:18","[General] IsActive=0 ","-662187"
"C:\job\VCAM 2D+3D CCS\Setup1\Wafer2Table.ini",".ini","1131","2025-05-26 13:06","2026-05-17 11:18","[WAFER ALIGNMENT] Wafer2Table_X=          0.9999879558        -0.0007905873   -157306.1596018233 Wafer2Table_Y=         ","-512532"
"C:\job\VCAM 2D+3D CCS\Setup1\Recipes\x10 + CCS\Alignment.ini",".ini","53","2025-02-27 10:02","2026-05-17 11:19","[WAFER ALIGNMENT] CoarseAlignDone=1 Rotate  w2t=0 ","-639437"
"C:\job\VCAM 2D+3D CCS\Setup1\Recipes\x10 + CCS\AlignmentData.ini",".ini","786","2025-02-11 17:28","2026-05-17 11:19","[General] MinScore=85 MinTargetScore=0 IsAffineEnabled=1 AlignPointsNum=8 ForceToGMF=0 [Point_0] X=157294.033305 Y=15761","-662031"
"C:\job\VCAM 2D+3D CCS\Setup1\Recipes\x10 + CCS\AlignRtp.ini",".ini","2896","2025-05-26 13:06","2026-05-17 11:19","[GENERAL] AliasDelta_%=25 RegModelFileName=DieMapRegPos.dat RotateModel=1 SeparateDice=1 _01_GENERAL=0 UseRegReference=1","-512532"
"C:\job\VCAM 2D+3D CCS\Setup1\Recipes\x10 + CCS\Bumps.dat",".dat","0","2025-02-11 14:48","2026-05-17 11:19","","-662191"
"C:\job\VCAM 2D+3D CCS\Setup1\Recipes\x10 + CCS\CcsLocalMeas.ini",".ini","194","2025-02-11 18:18","2026-05-17 11:19","[ScanParams] MarginX=0 MarginY=0 ScanStepX=0.5 ScanStepY=0.5 ScanDefects_Enabled=0 ScanDefects_SizeX=2 ScanDefects_SizeY","-661980"
"C:\job\VCAM 2D+3D CCS\Setup1\Recipes\x10 + CCS\CleanReferenceFinalParams.ini",".ini","951","2025-02-11 14:48","2026-05-17 11:19","[General] Version=2 [CleanRefParams] SizeX=2048 SizeY=2048 minCriteria=-2 maxCriteria=-1 minCreateMul=2 maxCreateMul=2 m","-662191"
"C:\job\VCAM 2D+3D CCS\Setup1\Recipes\x10 + CCS\CreateReference3dOptions.ini",".ini","307","2025-02-11 14:48","2026-05-17 11:19","[General] Version=0 Debug=0 [Registration] ReferenceRegBy=0 BigBlockRowsNumber=1000 YPartitionsNumber=3 MaxErrorPix=5 PS","-662191"
"C:\job\VCAM 2D+3D CCS\Setup1\Recipes\x10 + CCS\CurrWaferSurfaceInterpolation.md",".md","29","2025-02-11 14:48","2026-05-17 11:19","[General] IsInChuckSpace=0 ","-662191"
"C:\job\VCAM 2D+3D CCS\Setup1\Recipes\x10 + CCS\DefaultWafer2Table.ini",".ini","1141","2025-02-11 14:48","2026-05-17 11:19","[WAFER ALIGNMENT] Wafer2Table_X=          0.9999971202        -0.0002744600   -157379.1579642731 Wafer2Table_Y=         ","-662191"
"C:\job\VCAM 2D+3D CCS\Setup1\Recipes\x10 + CCS\DefaultWaferSurfaceInterpolation.md",".md","29","2025-02-11 14:48","2026-05-17 11:19","[General] IsInChuckSpace=0 ","-662191"
"C:\job\VCAM 2D+3D CCS\Setup1\Recipes\x10 + CCS\DieAlignment.dat_block.ini",".ini","118","2025-02-11 14:48","2026-05-17 11:19","[General] IsMultiIndex=0 DieCount=1 [Die_0] Row=0 Col=0 PosX=0.000 PosY=0.000 SizeX=7336.000 SizeY=7336.000 ","-662191"
"C:\job\VCAM 2D+3D CCS\Setup1\Recipes\x10 + CCS\DieMapAlignRes.dat_block.ini",".ini","118","2025-02-11 14:48","2026-05-17 11:19","[General] IsMultiIndex=0 DieCount=1 [Die_0] Row=0 Col=0 PosX=0.000 PosY=0.000 SizeX=7336.000 SizeY=7336.000 ","-662191"
"C:\job\VCAM 2D+3D CCS\Setup1\Recipes\x10 + CCS\DieMapRegPos.txt",".txt","350","2025-02-11 14:48","2026-05-17 11:19","ScaleX =    1.0000000000; ScaleY =    1.0000000000   RefID       X        Y  Zone Count      Shape Data       1     65.0","-662191"
"C:\job\VCAM 2D+3D CCS\Setup1\Recipes\x10 + CCS\DieRegPos.txt",".txt","350","2025-02-11 14:48","2026-05-17 11:19","ScaleX =    1.0000000000; ScaleY =    1.0000000000   RefID       X        Y  Zone Count      Shape Data       1     32.0","-662191"
"C:\job\VCAM 2D+3D CCS\Setup1\Recipes\x10 + CCS\ExternalCoordSystems.ini",".ini","33","2025-02-11 14:48","2026-05-17 11:19","[ExternalCoordSystems] Count=0 ","-662191"
"C:\job\VCAM 2D+3D CCS\Setup1\Recipes\x10 + CCS\GlobalRTP.ini",".ini","2656","2025-02-11 14:48","2026-05-17 11:19","[GLOBAL_RTP] AdaptiveGpuEnabled=1 AdaptiveHistogram=0 AdaptiveHistogramByDieSegments=1 AdaptiveHistogramMinPixelCount=32","-662191"
"C:\job\VCAM 2D+3D CCS\Setup1\Recipes\x10 + CCS\ImageProcessing.log",".log","37","2025-02-11 14:48","2026-05-17 11:19","_previouseAlignmentDataExists = 0 ","-662191"
"C:\job\VCAM 2D+3D CCS\Setup1\Recipes\x10 + CCS\JobIllumLimits.ini",".ini","86","2025-05-26 10:12","2026-05-17 11:19","[RNDTEST4] IllumCalibDate=2024-08-14 16:35:32 ForcedSkipToDate=2025-06-25 10:12:08 ","-512707"
"C:\job\VCAM 2D+3D CCS\Setup1\Recipes\x10 + CCS\Metadata.ini",".ini","72","2025-02-11 14:48","2026-05-17 11:19","[General] name=x5 Id=fb222405-ca62-4124-8cbd-947ee652d223 Version=0 ","-662191"
"C:\job\VCAM 2D+3D CCS\Setup1\Recipes\x10 + CCS\OpticPreset.ini",".ini","1680","2025-05-26 10:11","2026-05-17 11:19","[General] Signature=1 [Scan2d] Id=f0604106-4bcc-4d4b-be3f-afb76b15d289 FocusPosAboveChuck=776.699999472048 Mag=10 Mode=-","-512707"
"C:\job\VCAM 2D+3D CCS\Setup1\Recipes\x10 + CCS\OpticToVCamStorage.json",".json","536","2025-03-18 11:29","2026-05-17 11:19","[   {     ""OpticId"": ""f0604106-4bcc-4d4b-be3f-afb76b15d289"",     ""Scenario"": ""Scan"",     ""IsAutoFocus"": false,     ""Stor","-611990"
"C:\job\VCAM 2D+3D CCS\Setup1\Recipes\x10 + CCS\Params_AlignRTP.ini",".ini","2603","2025-02-11 14:48","2026-05-17 11:19","[306a7e84-3bae-4443-bedf-ea9321f61841] 306a7e84-3bae-4443-bedf-ea9321f61841_EngineDescription=No Operation 306a7e84-3bae","-662191"
"C:\job\VCAM 2D+3D CCS\Setup1\Recipes\x10 + CCS\Params_SystemInfo.ini",".ini","2247","2025-02-11 14:48","2026-05-17 11:19","[SystemParams] ActivateAlgorithms=1 ActivateFrameTracing=0 ApplyDistortion=-1 ApplyGainOffset=-1 CCS_InScanScenario=0 CC","-662191"
"C:\job\VCAM 2D+3D CCS\Setup1\Recipes\x10 + CCS\Params_WaferInfo.ini",".ini","1438","2025-02-11 14:48","2026-05-17 11:19","[General] AlignStripDelay=-1 BinArrayPath=c:\bis\data\dds BumpResBufferSize=50000000 CollectSpcData=0 DieAlignResReport=","-662191"
"C:\job\VCAM 2D+3D CCS\Setup1\Recipes\x10 + CCS\ProductInfo.ini",".ini","2937","2025-05-26 13:06","2026-05-17 11:19","[General] GainOffsetMode=0 ExportFlatPos=0 Reference_EdgeUncert=0 Overlap2d_X_um=0.000 Overlap2d_Y_um=0.000 Overlap3d_X_","-512532"
"C:\job\VCAM 2D+3D CCS\Setup1\Recipes\x10 + CCS\Recipe.ini",".ini","3289","2025-05-26 10:39","2026-05-17 11:19","[AutoCycle] AutoFocusEvery=1 ; None CleanReferenceEvery=1 ; None UnloadToAnotherCassette=0 ; Move wafers from Loadport B","-512679"
"C:\job\VCAM 2D+3D CCS\Setup1\Recipes\x10 + CCS\RTP.txt",".txt","6221","2025-02-11 14:52","2026-05-17 11:19","[PostProcess]   ; Zone name Alg = Volume Shape_Violation_USL = 90000 ;  ( The Max bump volume allowed. )  Shape_Violatio","-662187"
"C:\job\VCAM 2D+3D CCS\Setup1\Recipes\x10 + CCS\ScanOverlapLog.txt",".txt","450","2025-05-26 13:06","2026-05-17 11:19","Scan 2d Overlap [px], [um]; Pixel size = 0.846, 0.85 Minimum             :    32,   32,   27,   27 Detection           :","-512532"
"C:\job\VCAM 2D+3D CCS\Setup1\Recipes\x10 + CCS\ScenariosMetadatas.ini",".ini","1377","2025-02-11 14:50","2026-05-17 11:19","[General] Version=1 [Scan2d] Id=5c0a78a1-e594-4919-b46e-1127b9caa0fa OpticsId=f0604106-4bcc-4d4b-be3f-afb76b15d289 Refer","-662189"
"C:\job\VCAM 2D+3D CCS\Setup1\Recipes\x10 + CCS\UniqueArea.ini",".ini","20","2025-02-11 14:48","2026-05-17 11:19","[General] Count=0 ","-662191"
"C:\job\VCAM 2D+3D CCS\Setup1\Recipes\x10 + CCS\Wafer2Table.ini",".ini","1131","2025-05-26 13:15","2026-05-17 11:19","[WAFER ALIGNMENT] Wafer2Table_X=          0.9999881625        -0.0007903389   -157297.2114332336 Wafer2Table_Y=         ","-512524"
"C:\job\VCAM 2D+3D CCS\Setup1\Recipes\x10 + CCS\WaferDataReadSettings.xml",".xml","195","2025-02-11 14:48","2026-05-17 11:19","<?xml version=""1.0""?> <WaferDataReadSettings xmlns:xsi=""http://www.w3.org/2001/XMLSchema-instance"" xmlns:xsd=""http://www","-662191"
"C:\job\VCAM 2D+3D CCS\Setup1\Recipes\x10 + CCS\Waferinfo.ini",".ini","467","2025-05-26 13:06","2026-05-17 11:19","[Robot] SideUp=1 Rotation=0 UnloadRotation=0 [General] hd_robot=False InkBinList= LimitNumberOfInkedDice=0 hd_cmm=False ","-512532"
"C:\job\VCAM 2D+3D CCS\Setup1\Recipes\x10 + CCS\WaferMapRecipe.ini",".ini","1326","2025-05-26 10:40","2026-05-17 11:19","[GENERAL] SettingsPolicy=1 FiducialBin=-1 ImportSubPath= UpdateSubPath= ExportInAutoCycle=1 ExportInManualScan=1 AfterEx","-512679"
"C:\job\VCAM 2D+3D CCS\Setup1\Recipes\x10 + CCS\WaferToRefWafer.ini",".ini","171","2025-02-11 17:29","2026-05-17 11:19","[WaferToRefWafer] RW_2_SW_X=          1.0000002065         0.0000002485         8.9556514016 RW_2_SW_Y=         -0.00000","-662030"
"C:\job\VCAM 2D+3D CCS\Setup1\Recipes\x10 + CCS\zones.ini",".ini","306","2025-02-19 14:23","2026-05-17 11:19","[General] Version=11 [ALGName] 255=PostProcess 0=Scan Area 1=CCS bump [ALG] 255=PostProcess 0=Surface 1=CCS Sampling [Bi","-650696"
"C:\job\VCAM 2D+3D CCS\Setup1\Recipes\x10 + CCS\zones.txt",".txt","230","2025-02-19 14:23","2026-05-17 11:19","ScaleX =    1.0000000000; ScaleY =    1.0000000000   RefID       X        Y  Zone Count      Shape Data       1   3667.5","-650696"
"C:\job\VCAM 2D+3D CCS\Setup1\Recipes\x10 + CCS\ZoomLevels.ini",".ini","256","2025-02-11 14:48","2026-05-17 11:19","[ZOOM_LEVELS] LEVEL_1=1 SaveCompressed=0 LEVEL_2=1 LEVEL_4=1 LEVEL_8=1 [LEVEL_1] SizeX=7335 SizeY=7336 [LEVEL_2] SizeX=3","-662191"
"C:\job\VCAM 2D+3D CCS\Setup1\Recipes\x10 + CCS\.dc_cache\TransactionsHistory.ini",".ini","366","2025-02-11 14:48","2026-05-17 11:19","[DeprecatedInV0] Namespace.RuntimeEntities.RecipePartsCollection_Runtime|RecipePartsCollection|CleanReferenceParams=1 Na","-662191"
"C:\job\VCAM 2D+3D CCS\Setup1\Recipes\x10 + CCS\CTSOpticSetup\SetupSummary.xml",".xml","85","2025-02-11 14:48","2026-05-17 11:19","<?xml version=""1.0"" encoding=""utf-8""?><Setup Exists=""True"" Score=""0"" Mode=""Manual"" />","-662191"
"C:\job\VCAM 2D+3D CCS\Setup1\Recipes\x10 + CCS\CTSOpticSetup\Manual\ManualScannedSites\ManualScannedSites.xml",".xml","109","2025-02-11 14:48","2026-05-17 11:19","<?xml version=""1.0"" encoding=""utf-8""?><ScannedSites Count=""1""><ScannedSite Name=""ScanCTS_1"" /></ScannedSites>","-662191"
"C:\job\VCAM 2D+3D CCS\Setup1\Recipes\x10 + CCS\CTSOpticSetup\Manual\ManualScannedSites\ScanCTS_1\ScanCTS_1.xml",".xml","172128","2025-02-11 14:48","2026-05-17 11:19","<?xml version=""1.0"" encoding=""utf-8""?><ScannedSite><GeneralInfo Name=""ScanCTS_1"" SiteName=""1"" SetupName=""ScanCTS"" GL2um=","-662191"
"C:\job\VCAM 2D+3D CCS\Setup1\Recipes\x10 + CCS\CTSOpticSetup\Manual\Sites\Sites.xml",".xml","206","2025-02-11 14:48","2026-05-17 11:19","<?xml version=""1.0"" encoding=""utf-8""?><Sites Count=""1""><Site Name=""1"" WaferPosX=""300185.604770078"" WaferPosY=""186625.289","-662191"
"C:\job\VCAM 2D+3D CCS\Setup1\Recipes\x10 + CCS\DebugAFMapping\108317,  19209_focusCurve.txt",".txt","859","2025-02-11 14:48","2026-05-17 11:19","Position Focus Measure ======== ============= 77785.40  355.615814 77788.60  401.340637 77792.60  458.926239 77796.70  5","-662191"
"C:\job\VCAM 2D+3D CCS\Setup1\Recipes\x10 + CCS\DebugAFMapping\108317,  50709_focusCurve.txt",".txt","858","2025-02-11 14:48","2026-05-17 11:19","Position Focus Measure ======== ============= 77788.80  377.370911 77792.20  426.260010 77796.20  483.184967 77800.20  5","-662191"
"C:\job\VCAM 2D+3D CCS\Setup1\Recipes\x10 + CCS\DebugAFMapping\108317,  82209_focusCurve.txt",".txt","859","2025-02-11 14:48","2026-05-17 11:19","Position Focus Measure ======== ============= 77792.40  345.694031 77796.70  401.790253 77800.70  458.397522 77804.70  5","-662191"
"C:\job\VCAM 2D+3D CCS\Setup1\Recipes\x10 + CCS\DebugAFMapping\108317, 126309_focusCurve.txt",".txt","859","2025-02-11 14:48","2026-05-17 11:19","Position Focus Measure ======== ============= 77793.10  264.433075 77796.50  307.598663 77800.50  360.189819 77804.50  4","-662191"
"C:\job\VCAM 2D+3D CCS\Setup1\Recipes\x10 + CCS\DebugAFMapping\108317, 183009_focusCurve.txt",".txt","859","2025-02-11 14:48","2026-05-17 11:19","Position Focus Measure ======== ============= 77794.20  323.442657 77797.60  368.409454 77801.60  423.620300 77805.60  4","-662191"
"C:\job\VCAM 2D+3D CCS\Setup1\Recipes\x10 + CCS\DebugAFMapping\108317, 290109_focusCurve.txt",".txt","859","2025-02-11 14:48","2026-05-17 11:19","Position Focus Measure ======== ============= 77798.10  189.717453 77802.40  231.180664 77806.40  278.427216 77810.40  3","-662191"
"C:\job\VCAM 2D+3D CCS\Setup1\Recipes\x10 + CCS\DebugAFMapping\114617, 264909_focusCurve.txt",".txt","859","2025-02-11 14:48","2026-05-17 11:19","Position Focus Measure ======== ============= 77800.40  232.343628 77804.70  280.775879 77808.70  331.581604 77812.80  3","-662191"
"C:\job\VCAM 2D+3D CCS\Setup1\Recipes\x10 + CCS\DebugAFMapping\120917, 233409_focusCurve.txt",".txt","859","2025-02-11 14:48","2026-05-17 11:19","Position Focus Measure ======== ============= 77799.30  248.242477 77803.50  298.430237 77807.60  349.286957 77811.60  4","-662191"
"C:\job\VCAM 2D+3D CCS\Setup1\Recipes\x10 + CCS\DebugAFMapping\127217, 107409_focusCurve.txt",".txt","860","2025-02-11 14:48","2026-05-17 11:19","Position Focus Measure ======== ============= 77794.60  325.943573 77798.90  379.974548 77802.90  435.238708 77806.90  4","-662191"
"C:\job\VCAM 2D+3D CCS\Setup1\Recipes\x10 + CCS\DebugAFMapping\127217, 201909_focusCurve.txt",".txt","859","2025-02-11 14:48","2026-05-17 11:19","Position Focus Measure ======== ============= 77799.50  295.069733 77803.80  350.479980 77807.80  404.118561 77811.80  4","-662191"
"C:\job\VCAM 2D+3D CCS\Setup1\Recipes\x10 + CCS\DebugAFMapping\133517,  12909_focusCurve.txt",".txt","859","2025-02-11 14:48","2026-05-17 11:19","Position Focus Measure ======== ============= 77788.40  417.265991 77792.70  479.999298 77796.80  540.733093 77800.80  6","-662191"
"C:\job\VCAM 2D+3D CCS\Setup1\Recipes\x10 + CCS\DebugAFMapping\133517,  38109_focusCurve.txt",".txt","859","2025-02-11 14:48","2026-05-17 11:19","Position Focus Measure ======== ============= 77792.00  403.315887 77796.30  461.165283 77800.30  521.929565 77804.20  5","-662191"
"C:\job\VCAM 2D+3D CCS\Setup1\Recipes\x10 + CCS\DebugAFMapping\133517,  69609_focusCurve.txt",".txt","859","2025-02-11 14:48","2026-05-17 11:19","Position Focus Measure ======== ============= 77789.80  295.958282 77793.10  343.272064 77797.10  392.513947 77801.10  4","-662191"
"C:\job\VCAM 2D+3D CCS\Setup1\Recipes\x10 + CCS\DebugAFMapping\133517, 138909_focusCurve.txt",".txt","859","2025-02-11 14:48","2026-05-17 11:19","Position Focus Measure ======== ============= 77797.80  303.291992 77802.00  357.965790 77806.10  415.323669 77810.00  4","-662191"
"C:\job\VCAM 2D+3D CCS\Setup1\Recipes\x10 + CCS\DebugAFMapping\133517, 170409_focusCurve.txt",".txt","860","2025-02-11 14:48","2026-05-17 11:19","Position Focus Measure ======== ============= 77793.30  240.325455 77796.60  281.399445 77800.60  332.680206 77804.60  3","-662191"
"C:\job\VCAM 2D+3D CCS\Setup1\Recipes\x10 + CCS\DebugAFMapping\133517, 296409_focusCurve.txt",".txt","859","2025-02-11 14:48","2026-05-17 11:19","Position Focus Measure ======== ============= 77793.60  151.123047 77797.00  176.297974 77800.90  214.422699 77804.90  2","-662191"
"C:\job\VCAM 2D+3D CCS\Setup1\Recipes\x10 + CCS\DebugAFMapping\13817, 145209_focusCurve.txt",".txt","859","2025-02-11 14:48","2026-05-17 11:19","Position Focus Measure ======== ============= 77795.00  279.075958 77799.20  331.097473 77803.20  383.039063 77807.20  4","-662191"
"C:\job\VCAM 2D+3D CCS\Setup1\Recipes\x10 + CCS\DebugAFMapping\13817, 170409_focusCurve.txt",".txt","858","2025-02-11 14:48","2026-05-17 11:19","Position Focus Measure ======== ============= 77791.00  226.570496 77794.40  265.191254 77798.40  314.262268 77802.40  3","-662191"
"C:\job\VCAM 2D+3D CCS\Setup1\Recipes\x10 + CCS\DebugAFMapping\146117,  12909_focusCurve.txt",".txt","859","2025-02-11 14:48","2026-05-17 11:19","Position Focus Measure ======== ============= 77783.90  350.492371 77787.20  398.265564 77791.20  456.218842 77795.20  5","-662191"
"C:\job\VCAM 2D+3D CCS\Setup1\Recipes\x10 + CCS\DebugAFMapping\146117, 239709_focusCurve.txt",".txt","859","2025-02-11 14:48","2026-05-17 11:19","Position Focus Measure ======== ============= 77792.80  174.675476 77796.20  205.685455 77800.20  249.832214 77804.20  2","-662191"
"C:\job\VCAM 2D+3D CCS\Setup1\Recipes\x10 + CCS\DebugAFMapping\146117, 271209_focusCurve.txt",".txt","859","2025-02-11 14:48","2026-05-17 11:19","Position Focus Measure ======== ============= 77794.70  154.238907 77798.10  181.064636 77802.10  219.639145 77806.00  2","-662191"
"C:\job\VCAM 2D+3D CCS\Setup1\Recipes\x10 + CCS\DebugAFMapping\152417,  94809_focusCurve.txt",".txt","860","2025-02-11 14:48","2026-05-17 11:19","Position Focus Measure ======== ============= 77787.20  239.341644 77790.50  279.576904 77794.50  332.230927 77798.50  3","-662191"
"C:\job\VCAM 2D+3D CCS\Setup1\Recipes\x10 + CCS\DebugAFMapping\152417, 126309_focusCurve.txt",".txt","859","2025-02-11 14:48","2026-05-17 11:19","Position Focus Measure ======== ============= 77792.90  260.982574 77796.20  303.560516 77800.20  355.795105 77804.20  4","-662191"
"C:\job\VCAM 2D+3D CCS\Setup1\Recipes\x10 + CCS\DebugAFMapping\152417, 151509_focusCurve.txt",".txt","1395","2025-02-11 14:48","2026-05-17 11:19","Position Focus Measure ======== ============= 77741.20  52.636612 77744.60  55.093678 77748.60  58.390202 77752.60  62.8","-662191"
"C:\job\VCAM 2D+3D CCS\Setup1\Recipes\x10 + CCS\DebugAFMapping\152417, 183009_focusCurve.txt",".txt","859","2025-02-11 14:48","2026-05-17 11:19","Position Focus Measure ======== ============= 77798.90  302.663483 77803.20  354.024017 77807.20  408.052216 77811.30  4","-662191"
"C:\job\VCAM 2D+3D CCS\Setup1\Recipes\x10 + CCS\DebugAFMapping\152417, 214509_focusCurve.txt",".txt","860","2025-02-11 14:48","2026-05-17 11:19","Position Focus Measure ======== ============= 77794.20  199.126419 77797.50  234.183762 77801.50  282.118011 77805.50  3","-662191"
"C:\job\VCAM 2D+3D CCS\Setup1\Recipes\x10 + CCS\DebugAFMapping\152417, 296409_focusCurve.txt",".txt","859","2025-02-11 14:48","2026-05-17 11:19","Position Focus Measure ======== ============= 77797.80  201.293060 77802.10  245.315643 77806.10  292.955536 77810.10  3","-662191"
"C:\job\VCAM 2D+3D CCS\Setup1\Recipes\x10 + CCS\DebugAFMapping\165017,  38109_focusCurve.txt",".txt","859","2025-02-11 14:48","2026-05-17 11:19","Position Focus Measure ======== ============= 77786.70  337.708649 77789.90  381.400543 77793.90  438.599609 77797.90  4","-662191"
"C:\job\VCAM 2D+3D CCS\Setup1\Recipes\x10 + CCS\DebugAFMapping\165017,  69609_focusCurve.txt",".txt","859","2025-02-11 14:48","2026-05-17 11:19","Position Focus Measure ======== ============= 77794.00  356.880768 77798.30  413.172577 77802.30  468.669006 77806.30  5","-662191"
"C:\job\VCAM 2D+3D CCS\Setup1\Recipes\x10 + CCS\DebugAFMapping\171317,  12909_focusCurve.txt",".txt","859","2025-02-11 14:48","2026-05-17 11:19","Position Focus Measure ======== ============= 77788.70  446.548615 77793.00  510.504089 77797.10  576.915344 77801.00  6","-662191"
"C:\job\VCAM 2D+3D CCS\Setup1\Recipes\x10 + CCS\DebugAFMapping\177617, 138909_focusCurve.txt",".txt","859","2025-02-11 14:48","2026-05-17 11:19","Position Focus Measure ======== ============= 77797.00  299.578217 77801.20  353.767212 77805.20  411.063293 77809.20  4","-662191"
"C:\job\VCAM 2D+3D CCS\Setup1\Recipes\x10 + CCS\DebugAFMapping\177617, 170409_focusCurve.txt",".txt","859","2025-02-11 14:48","2026-05-17 11:19","Position Focus Measure ======== ============= 77793.70  276.378967 77797.00  318.080383 77801.00  374.328094 77805.00  4","-662191"
"C:\job\VCAM 2D+3D CCS\Setup1\Recipes\x10 + CCS\DebugAFMapping\177617, 239709_focusCurve.txt",".txt","859","2025-02-11 14:48","2026-05-17 11:19","Position Focus Measure ======== ============= 77798.90  256.262054 77803.10  306.237091 77807.10  357.929657 77811.10  4","-662191"
"C:\job\VCAM 2D+3D CCS\Setup1\Recipes\x10 + CCS\DebugAFMapping\177617, 271209_focusCurve.txt",".txt","859","2025-02-11 14:48","2026-05-17 11:19","Position Focus Measure ======== ============= 77797.90  189.682648 77802.10  231.369507 77806.10  276.428680 77810.20  3","-662191"
"C:\job\VCAM 2D+3D CCS\Setup1\Recipes\x10 + CCS\DebugAFMapping\177617, 296409_focusCurve.txt",".txt","859","2025-02-11 14:48","2026-05-17 11:19","Position Focus Measure ======== ============= 77796.70  171.010040 77801.00  209.775864 77805.00  251.603561 77809.00  2","-662191"
"C:\job\VCAM 2D+3D CCS\Setup1\Recipes\x10 + CCS\DebugAFMapping\183917, 107409_focusCurve.txt",".txt","860","2025-02-11 14:48","2026-05-17 11:19","Position Focus Measure ======== ============= 77794.60  333.251862 77798.90  389.742371 77802.90  444.788574 77806.90  5","-662191"
"C:\job\VCAM 2D+3D CCS\Setup1\Recipes\x10 + CCS\DebugAFMapping\183917, 201909_focusCurve.txt",".txt","859","2025-02-11 14:48","2026-05-17 11:19","Position Focus Measure ======== ============= 77797.00  243.061188 77801.30  294.299194 77805.30  344.403931 77809.30  3","-662191"
"C:\job\VCAM 2D+3D CCS\Setup1\Recipes\x10 + CCS\DebugAFMapping\190217,  75909_focusCurve.txt",".txt","860","2025-02-11 14:48","2026-05-17 11:19","Position Focus Measure ======== ============= 77787.70  280.204193 77791.00  321.009369 77795.00  372.883087 77799.00  4","-662191"
"C:\job\VCAM 2D+3D CCS\Setup1\Recipes\x10 + CCS\DebugAFMapping\196517,  19209_focusCurve.txt",".txt","860","2025-02-11 14:48","2026-05-17 11:19","Position Focus Measure ======== ============= 77783.50  333.144287 77786.90  382.328400 77790.80  435.596558 77794.90  4","-662191"
"C:\job\VCAM 2D+3D CCS\Setup1\Recipes\x10 + CCS\DebugAFMapping\196517,  44409_focusCurve.txt",".txt","859","2025-02-11 14:48","2026-05-17 11:19","Position Focus Measure ======== ============= 77789.30  341.128204 77793.50  399.327972 77797.70  454.866455 77801.60  5","-662191"
"C:\job\VCAM 2D+3D CCS\Setup1\Recipes\x10 + CCS\DebugAFMapping\196517, 290109_focusCurve.txt",".txt","859","2025-02-11 14:48","2026-05-17 11:19","Position Focus Measure ======== ============= 77790.20  131.733627 77793.60  153.313782 77797.60  185.520340 77801.60  2","-662191"
"C:\job\VCAM 2D+3D CCS\Setup1\Recipes\x10 + CCS\DebugAFMapping\20117, 120009_focusCurve.txt",".txt","859","2025-02-11 14:48","2026-05-17 11:19","Position Focus Measure ======== ============= 77791.30  245.216690 77794.60  286.092072 77798.70  337.460632 77802.60  3","-662191"
"C:\job\VCAM 2D+3D CCS\Setup1\Recipes\x10 + CCS\DebugAFMapping\20117, 189309_focusCurve.txt",".txt","858","2025-02-11 14:48","2026-05-17 11:19","Position Focus Measure ======== ============= 77797.20  264.378906 77801.50  315.086487 77805.50  366.384155 77809.50  4","-662191"
"C:\job\VCAM 2D+3D CCS\Setup1\Recipes\x10 + CCS\DebugAFMapping\202817, 126309_focusCurve.txt",".txt","860","2025-02-11 14:48","2026-05-17 11:19","Position Focus Measure ======== ============= 77791.30  241.404068 77794.60  283.366974 77798.60  335.602295 77802.60  3","-662191"
"C:\job\VCAM 2D+3D CCS\Setup1\Recipes\x10 + CCS\DebugAFMapping\202817, 183009_focusCurve.txt",".txt","859","2025-02-11 14:48","2026-05-17 11:19","Position Focus Measure ======== ============= 77793.40  246.615784 77796.80  289.562531 77800.70  342.489258 77804.80  3","-662191"
"C:\job\VCAM 2D+3D CCS\Setup1\Recipes\x10 + CCS\DebugAFMapping\202817, 227109_focusCurve.txt",".txt","859","2025-02-11 14:48","2026-05-17 11:19","Position Focus Measure ======== ============= 77793.80  199.247925 77797.20  234.943832 77801.20  281.292877 77805.20  3","-662191"
"C:\job\VCAM 2D+3D CCS\Setup1\Recipes\x10 + CCS\DebugAFMapping\202817, 258609_focusCurve.txt",".txt","859","2025-02-11 14:48","2026-05-17 11:19","Position Focus Measure ======== ============= 77795.40  172.732346 77798.80  202.965393 77802.80  245.530960 77806.80  2","-662191"
"C:\job\VCAM 2D+3D CCS\Setup1\Recipes\x10 + CCS\DebugAFMapping\215417,  25509_focusCurve.txt",".txt","859","2025-02-11 14:48","2026-05-17 11:19","Position Focus Measure ======== ============= 77789.00  444.856750 77793.30  506.154663 77797.40  572.882507 77801.30  6","-662191"
"C:\job\VCAM 2D+3D CCS\Setup1\Recipes\x10 + CCS\DebugAFMapping\215417,  94809_focusCurve.txt",".txt","859","2025-02-11 14:48","2026-05-17 11:19","Position Focus Measure ======== ============= 77794.70  342.445190 77799.00  401.364990 77803.00  455.599792 77806.90  5","-662191"
"C:\job\VCAM 2D+3D CCS\Setup1\Recipes\x10 + CCS\DebugAFMapping\215417, 151509_focusCurve.txt",".txt","859","2025-02-11 14:48","2026-05-17 11:19","Position Focus Measure ======== ============= 77796.80  287.581024 77801.10  343.161591 77805.10  396.467255 77809.10  4","-662191"
"C:\job\VCAM 2D+3D CCS\Setup1\Recipes\x10 + CCS\DebugAFMapping\215417, 283809_focusCurve.txt",".txt","859","2025-02-11 14:48","2026-05-17 11:19","Position Focus Measure ======== ============= 77796.50  175.596222 77800.70  214.374344 77804.70  258.816925 77808.70  3","-662191"
"C:\job\VCAM 2D+3D CCS\Setup1\Recipes\x10 + CCS\DebugAFMapping\221717,  57009_focusCurve.txt",".txt","859","2025-02-11 14:48","2026-05-17 11:19","Position Focus Measure ======== ============= 77788.10  298.382324 77791.40  342.558502 77795.50  398.235474 77799.50  4","-662191"
"C:\job\VCAM 2D+3D CCS\Setup1\Recipes\x10 + CCS\DebugAFMapping\228017,  31809_focusCurve.txt",".txt","859","2025-02-11 14:48","2026-05-17 11:19","Position Focus Measure ======== ============= 77784.10  347.416656 77787.40  392.169067 77791.30  448.994171 77795.40  5","-662191"
"C:\job\VCAM 2D+3D CCS\Setup1\Recipes\x10 + CCS\DebugAFMapping\228017, 201909_focusCurve.txt",".txt","859","2025-02-11 14:48","2026-05-17 11:19","Position Focus Measure ======== ============= 77799.10  287.779419 77803.40  339.783569 77807.40  395.312073 77811.40  4","-662191"
"C:\job\VCAM 2D+3D CCS\Setup1\Recipes\x10 + CCS\DebugAFMapping\228017, 246009_focusCurve.txt",".txt","859","2025-02-11 14:48","2026-05-17 11:19","Position Focus Measure ======== ============= 77800.30  274.936462 77804.60  326.929291 77808.60  380.364166 77812.70  4","-662191"
"C:\job\VCAM 2D+3D CCS\Setup1\Recipes\x10 + CCS\DebugAFMapping\234317, 120009_focusCurve.txt",".txt","859","2025-02-11 14:48","2026-05-17 11:19","Position Focus Measure ======== ============= 77791.70  256.279358 77795.10  299.047974 77799.10  349.406891 77803.10  4","-662191"
"C:\job\VCAM 2D+3D CCS\Setup1\Recipes\x10 + CCS\DebugAFMapping\234317, 271209_focusCurve.txt",".txt","859","2025-02-11 14:48","2026-05-17 11:19","Position Focus Measure ======== ============= 77793.50  154.790909 77796.80  181.656219 77800.80  220.317001 77804.80  2","-662191"
"C:\job\VCAM 2D+3D CCS\Setup1\Recipes\x10 + CCS\DebugAFMapping\240617, 145209_focusCurve.txt",".txt","859","2025-02-11 14:48","2026-05-17 11:19","Position Focus Measure ======== ============= 77795.20  263.456848 77799.50  314.832886 77803.50  368.188751 77807.50  4","-662191"
"C:\job\VCAM 2D+3D CCS\Setup1\Recipes\x10 + CCS\DebugAFMapping\240617, 176709_focusCurve.txt",".txt","859","2025-02-11 14:48","2026-05-17 11:19","Position Focus Measure ======== ============= 77792.60  325.785187 77796.00  370.522675 77800.00  425.916107 77804.00  4","-662191"
"C:\job\VCAM 2D+3D CCS\Setup1\Recipes\x10 + CCS\DebugAFMapping\246917,  82209_focusCurve.txt",".txt","859","2025-02-11 14:48","2026-05-17 11:19","Position Focus Measure ======== ============= 77794.30  326.699249 77798.60  379.059906 77802.60  434.882050 77806.60  4","-662191"
"C:\job\VCAM 2D+3D CCS\Setup1\Recipes\x10 + CCS\DebugAFMapping\253217,  50709_focusCurve.txt",".txt","859","2025-02-11 14:48","2026-05-17 11:19","Position Focus Measure ======== ============= 77785.30  295.654022 77789.50  347.269897 77793.60  405.135834 77797.60  4","-662191"
"C:\job\VCAM 2D+3D CCS\Setup1\Recipes\x10 + CCS\DebugAFMapping\253217, 220809_focusCurve.txt",".txt","859","2025-02-11 14:48","2026-05-17 11:19","Position Focus Measure ======== ============= 77793.80  180.884659 77797.20  214.054443 77801.20  257.390656 77805.20  3","-662191"
"C:\job\VCAM 2D+3D CCS\Setup1\Recipes\x10 + CCS\DebugAFMapping\253217, 258609_focusCurve.txt",".txt","859","2025-02-11 14:48","2026-05-17 11:19","Position Focus Measure ======== ============= 77797.70  204.392944 77802.00  249.493774 77806.00  296.396393 77810.00  3","-662191"
"C:\job\VCAM 2D+3D CCS\Setup1\Recipes\x10 + CCS\DebugAFMapping\259517, 107409_focusCurve.txt",".txt","859","2025-02-11 14:48","2026-05-17 11:19","Position Focus Measure ======== ============= 77787.80  220.301025 77791.10  258.245209 77795.10  306.178650 77799.10  3","-662191"
"C:\job\VCAM 2D+3D CCS\Setup1\Recipes\x10 + CCS\DebugAFMapping\26417, 101109_focusCurve.txt",".txt","859","2025-02-11 14:48","2026-05-17 11:19","Position Focus Measure ======== ============= 77793.40  301.468384 77797.60  355.636139 77801.70  407.317230 77805.60  4","-662191"
"C:\job\VCAM 2D+3D CCS\Setup1\Recipes\x10 + CCS\DebugAFMapping\26417, 214509_focusCurve.txt",".txt","859","2025-02-11 14:48","2026-05-17 11:19","Position Focus Measure ======== ============= 77791.40  184.651825 77794.70  217.576706 77798.80  262.088989 77802.70  3","-662191"
"C:\job\VCAM 2D+3D CCS\Setup1\Recipes\x10 + CCS\DebugAFMapping\265817,  63309_focusCurve.txt",".txt","859","2025-02-11 14:48","2026-05-17 11:19","Position Focus Measure ======== ============= 77779.40  195.685287 77782.80  232.182053 77786.80  278.909088 77790.80  3","-662191"
"C:\job\VCAM 2D+3D CCS\Setup1\Recipes\x10 + CCS\DebugAFMapping\265817, 195609_focusCurve.txt",".txt","859","2025-02-11 14:48","2026-05-17 11:19","Position Focus Measure ======== ============= 77797.30  233.213531 77801.50  281.400391 77805.60  330.938354 77809.50  3","-662191"
"C:\job\VCAM 2D+3D CCS\Setup1\Recipes\x10 + CCS\DebugAFMapping\265817, 239709_focusCurve.txt",".txt","859","2025-02-11 14:48","2026-05-17 11:19","Position Focus Measure ======== ============= 77792.90  174.346237 77796.20  205.627457 77800.20  247.470200 77804.20  2","-662191"
"C:\job\VCAM 2D+3D CCS\Setup1\Recipes\x10 + CCS\DebugAFMapping\272117, 132609_focusCurve.txt",".txt","859","2025-02-11 14:48","2026-05-17 11:19","Position Focus Measure ======== ============= 77796.10  278.119385 77800.40  331.264252 77804.40  384.143372 77808.40  4","-662191"
"C:\job\VCAM 2D+3D CCS\Setup1\Recipes\x10 + CCS\DebugAFMapping\272117, 164109_focusCurve.txt",".txt","859","2025-02-11 14:48","2026-05-17 11:19","Position Focus Measure ======== ============= 77791.70  203.008942 77795.10  239.391525 77799.10  287.108063 77803.10  3","-662191"
"C:\job\VCAM 2D+3D CCS\Setup1\Recipes\x10 + CCS\DebugAFMapping\278417,  88509_focusCurve.txt",".txt","860","2025-02-11 14:48","2026-05-17 11:19","Position Focus Measure ======== ============= 77793.80  384.492920 77798.10  442.426819 77802.10  501.782684 77806.00  5","-662191"
"C:\job\VCAM 2D+3D CCS\Setup1\Recipes\x10 + CCS\DebugAFMapping\278417, 220809_focusCurve.txt",".txt","859","2025-02-11 14:48","2026-05-17 11:19","Position Focus Measure ======== ============= 77797.90  235.683838 77802.20  284.272491 77806.20  335.588165 77810.20  3","-662191"
"C:\job\VCAM 2D+3D CCS\Setup1\Recipes\x10 + CCS\DebugAFMapping\291017, 107409_focusCurve.txt",".txt","860","2025-02-11 14:48","2026-05-17 11:19","Position Focus Measure ======== ============= 77791.50  296.387573 77794.90  342.298065 77799.00  396.468872 77802.90  4","-662191"
"C:\job\VCAM 2D+3D CCS\Setup1\Recipes\x10 + CCS\DebugAFMapping\291017, 201909_focusCurve.txt",".txt","859","2025-02-11 14:48","2026-05-17 11:19","Position Focus Measure ======== ============= 77793.60  201.912567 77796.90  237.318283 77801.00  285.569275 77804.90  3","-662191"
"C:\job\VCAM 2D+3D CCS\Setup1\Recipes\x10 + CCS\DebugAFMapping\297317, 132609_focusCurve.txt",".txt","859","2025-02-11 14:48","2026-05-17 11:19","Position Focus Measure ======== ============= 77796.40  307.749664 77800.70  359.863159 77804.70  416.995941 77808.60  4","-662191"
"C:\job\VCAM 2D+3D CCS\Setup1\Recipes\x10 + CCS\DebugAFMapping\297317, 151509_focusCurve.txt",".txt","859","2025-02-11 14:48","2026-05-17 11:19","Position Focus Measure ======== ============= 77791.90  219.863495 77795.20  258.472351 77799.20  307.357239 77803.20  3","-662191"
"C:\job\VCAM 2D+3D CCS\Setup1\Recipes\x10 + CCS\DebugAFMapping\297317, 176709_focusCurve.txt",".txt","859","2025-02-11 14:48","2026-05-17 11:19","Position Focus Measure ======== ============= 77798.40  266.893036 77802.70  318.786499 77806.70  370.914703 77810.70  4","-662191"
"C:\job\VCAM 2D+3D CCS\Setup1\Recipes\x10 + CCS\DebugAFMapping\39017,  75909_focusCurve.txt",".txt","859","2025-02-11 14:48","2026-05-17 11:19","Position Focus Measure ======== ============= 77789.10  283.040314 77792.40  323.569427 77796.40  375.660583 77800.40  4","-662191"
"C:\job\VCAM 2D+3D CCS\Setup1\Recipes\x10 + CCS\DebugAFMapping\39017, 145209_focusCurve.txt",".txt","859","2025-02-11 14:48","2026-05-17 11:19","Position Focus Measure ======== ============= 77790.70  215.948257 77794.00  255.338867 77798.00  302.253754 77802.00  3","-662191"
"C:\job\VCAM 2D+3D CCS\Setup1\Recipes\x10 + CCS\DebugAFMapping\39017, 176709_focusCurve.txt",".txt","858","2025-02-11 14:48","2026-05-17 11:19","Position Focus Measure ======== ============= 77797.00  268.050079 77801.30  320.267090 77805.30  369.326599 77809.30  4","-662191"
"C:\job\VCAM 2D+3D CCS\Setup1\Recipes\x10 + CCS\DebugAFMapping\39017, 233409_focusCurve.txt",".txt","859","2025-02-11 14:48","2026-05-17 11:19","Position Focus Measure ======== ============= 77793.10  232.144089 77797.40  279.410217 77801.40  331.603607 77805.40  3","-662191"
"C:\job\VCAM 2D+3D CCS\Setup1\Recipes\x10 + CCS\DebugAFMapping\45317, 113709_focusCurve.txt",".txt","859","2025-02-11 14:48","2026-05-17 11:19","Position Focus Measure ======== ============= 77795.60  306.128479 77799.90  358.757477 77803.90  410.706787 77807.90  4","-662191"
"C:\job\VCAM 2D+3D CCS\Setup1\Recipes\x10 + CCS\DebugAFMapping\51617,  57009_focusCurve.txt",".txt","859","2025-02-11 14:48","2026-05-17 11:19","Position Focus Measure ======== ============= 77792.90  389.929688 77797.20  444.830475 77801.20  507.435608 77805.20  5","-662191"
"C:\job\VCAM 2D+3D CCS\Setup1\Recipes\x10 + CCS\DebugAFMapping\51617, 201909_focusCurve.txt",".txt","859","2025-02-11 14:48","2026-05-17 11:19","Position Focus Measure ======== ============= 77794.40  204.338943 77797.80  241.034500 77801.70  286.777435 77805.70  3","-662191"
"C:\job\VCAM 2D+3D CCS\Setup1\Recipes\x10 + CCS\DebugAFMapping\51617, 252309_focusCurve.txt",".txt","859","2025-02-11 14:48","2026-05-17 11:19","Position Focus Measure ======== ============= 77794.10  182.701050 77797.50  216.133026 77801.50  259.106689 77805.50  3","-662191"
"C:\job\VCAM 2D+3D CCS\Setup1\Recipes\x10 + CCS\DebugAFMapping\57917,  88509_focusCurve.txt",".txt","859","2025-02-11 14:48","2026-05-17 11:19","Position Focus Measure ======== ============= 77790.20  265.802673 77793.60  308.804535 77797.60  358.766937 77801.60  4","-662191"
"C:\job\VCAM 2D+3D CCS\Setup1\Recipes\x10 + CCS\DebugAFMapping\64217,  44409_focusCurve.txt",".txt","859","2025-02-11 14:48","2026-05-17 11:19","Position Focus Measure ======== ============= 77786.70  340.865631 77789.90  386.914825 77793.90  439.988678 77797.90  4","-662191"
"C:\job\VCAM 2D+3D CCS\Setup1\Recipes\x10 + CCS\DebugAFMapping\64217, 227109_focusCurve.txt",".txt","859","2025-02-11 14:48","2026-05-17 11:19","Position Focus Measure ======== ============= 77798.60  241.851013 77802.90  290.412109 77806.90  340.077972 77811.00  3","-662191"
"C:\job\VCAM 2D+3D CCS\Setup1\Recipes\x10 + CCS\DebugAFMapping\64217, 264909_focusCurve.txt",".txt","859","2025-02-11 14:48","2026-05-17 11:19","Position Focus Measure ======== ============= 77797.70  201.467850 77802.00  246.935638 77806.10  294.592834 77810.10  3","-662191"
"C:\job\VCAM 2D+3D CCS\Setup1\Recipes\x10 + CCS\DebugAFMapping\70517, 132609_focusCurve.txt",".txt","859","2025-02-11 14:48","2026-05-17 11:19","Position Focus Measure ======== ============= 77797.50  321.701111 77801.70  376.346680 77805.80  429.005402 77809.70  4","-662191"
"C:\job\VCAM 2D+3D CCS\Setup1\Recipes\x10 + CCS\DebugAFMapping\70517, 164109_focusCurve.txt",".txt","859","2025-02-11 14:48","2026-05-17 11:19","Position Focus Measure ======== ============= 77792.10  228.566452 77795.50  269.350769 77799.50  318.155792 77803.50  3","-662191"
"C:\job\VCAM 2D+3D CCS\Setup1\Recipes\x10 + CCS\DebugAFMapping\76817, 189309_focusCurve.txt",".txt","859","2025-02-11 14:48","2026-05-17 11:19","Position Focus Measure ======== ============= 77798.70  273.852020 77803.00  328.018524 77807.10  379.098602 77811.10  4","-662191"
"C:\job\VCAM 2D+3D CCS\Setup1\Recipes\x10 + CCS\DebugAFMapping\83117,  31809_focusCurve.txt",".txt","859","2025-02-11 14:48","2026-05-17 11:19","Position Focus Measure ======== ============= 77788.40  430.845245 77792.70  488.179871 77796.80  553.831116 77800.80  6","-662191"
"C:\job\VCAM 2D+3D CCS\Setup1\Recipes\x10 + CCS\DebugAFMapping\83117,  63309_focusCurve.txt",".txt","859","2025-02-11 14:48","2026-05-17 11:19","Position Focus Measure ======== ============= 77795.60  379.845245 77799.80  439.805298 77803.80  497.752625 77807.80  5","-662191"
"C:\job\VCAM 2D+3D CCS\Setup1\Recipes\x10 + CCS\DebugAFMapping\83117, 107409_focusCurve.txt",".txt","859","2025-02-11 14:48","2026-05-17 11:19","Position Focus Measure ======== ============= 77792.40  262.816559 77795.70  305.198334 77799.70  357.874695 77803.70  4","-662191"
"C:\job\VCAM 2D+3D CCS\Setup1\Recipes\x10 + CCS\DebugAFMapping\83117, 277509_focusCurve.txt",".txt","859","2025-02-11 14:48","2026-05-17 11:19","Position Focus Measure ======== ============= 77790.80  148.102081 77794.10  173.578629 77798.10  210.914032 77802.10  2","-662191"
"C:\job\VCAM 2D+3D CCS\Setup1\Recipes\x10 + CCS\DebugAFMapping\89417, 252309_focusCurve.txt",".txt","859","2025-02-11 14:48","2026-05-17 11:19","Position Focus Measure ======== ============= 77795.30  216.188049 77798.60  254.588348 77802.60  302.423920 77806.60  3","-662191"
"C:\job\VCAM 2D+3D CCS\Setup1\Recipes\x10 + CCS\DebugAFMapping\95717, 151509_focusCurve.txt",".txt","859","2025-02-11 14:48","2026-05-17 11:19","Position Focus Measure ======== ============= 77797.90  309.589478 77802.20  366.113190 77806.20  420.068054 77810.20  4","-662191"
"C:\job\VCAM 2D+3D CCS\Setup1\Recipes\x10 + CCS\DebugAFMapping\95717, 214509_focusCurve.txt",".txt","859","2025-02-11 14:48","2026-05-17 11:19","Position Focus Measure ======== ============= 77793.90  198.653625 77797.20  235.801559 77801.20  281.436218 77805.20  3","-662191"
"C:\job\VCAM 2D+3D CCS\Setup1\Recipes\x10 + CCS\DebugAFMapping\FocusMappingDebug_x5.txt",".txt","13846","2025-02-11 14:48","2026-05-17 11:19","Id  ,   ,Match Score,AF Score,Final Score,     dZ, Range,Zchuck0, Zchuck, Zstage0,  Zstage, Wafer X, Wafer Y, Chuck X, C","-662191"
"C:\job\VCAM 2D+3D CCS\Setup1\Recipes\x10 + CCS\FocusMapping\FocusMapping.ini",".ini","2293","2025-05-26 13:06","2026-05-17 11:19","[Mode] AutoFocusRange=100 CreateSurfaceScore=Good MinMatchModelScore=Adequate DurationOfOneSite=3 NumOfDiceToScan=100 Re","-512532"
"C:\job\VCAM 2D+3D CCS\Setup1\Recipes\x10 + CCS\OpticLightMetadata\config.ini",".ini","292","2025-05-26 13:06","2026-05-17 11:19","[General] NominalDelta=0.000000000 Exist=0 targetPos_X=0.000000000 targetPos_Y=0.000000000 minY=0.000000000 minX=0.00000","-512532"
"C:\job\VCAM 2D+3D CCS\Setup1\Recipes\x10 + CCS\ReferenceBackup\ZoomLevels.ini",".ini","256","2025-02-11 14:48","2026-05-17 11:19","[ZOOM_LEVELS] LEVEL_1=1 SaveCompressed=0 LEVEL_2=1 LEVEL_4=1 LEVEL_8=1 [LEVEL_1] SizeX=7335 SizeY=7336 [LEVEL_2] SizeX=3","-662191"
"C:\job\VCAM 2D+3D CCS\Setup1\Recipes\x10 + CCS\SW_QA-4\OpticsPreset.ini",".ini","70","2025-02-11 14:48","2026-05-17 11:19","[Chuck] CenterX=158151.296875 CenterY=140564.40625 CenterZ=-389.4 ","-662191"
"C:\job\VCAM 2D+3D CCS\Setup1\Recipes\x10 + CCS\TrainData\Die.ini",".ini","1073","2025-02-11 14:48","2026-05-17 11:19","[DIE] PixelSize_X=0.845859116707731 PixelSize_Y=0.845859116707731 FrameSizeX=2048 FrameSizeY=2048 Step_X=6297 Step_Y=630","-662191"
"C:\job\VCAM 2D+3D CCS\Setup1\Recipes\x10 + CCS\TrainData\DieRefToTrain.txt",".txt","277","2025-02-11 14:48","2026-05-17 11:19","[DieRefToTrainImage] DR_2_TI_X=0.999999999376515 -3.53124626317751E-05 1134.75266283769 DR_2_TI_Y=3.53124626317751E-05 0","-662191"
"C:\job\VCAM 2D+3D CCS\Setup1\Recipes\x10 + CCS\TrainData\FrameToChuck.ini",".ini","160","2025-02-11 14:48","2026-05-17 11:19","[FrameToChuck] F2C_X=          0.8458590932         0.0001993104      -866.3638053490 F2C_Y=         -0.0001993104      ","-662191"
"C:\job\VCAM 2D+3D CCS\Setup1\Recipes\x10 + CCS\TrainData\ZonesVectorInfo.csv",".csv","130","2025-02-19 14:23","2026-05-17 11:19","ID,zone,X,Y,SizeX,SizeY,ShapeType,Angle,Is3d 1,CCS bump,277.86471983849,227.959031952733,7.61273205036957,97.27379842138","-650696"
"C:\job\VCAM 2D+3D CCS\Setup1\Recipes\x10 + CCS\TrainData\DieImage\DieImageToTable.ini",".ini","281","2025-02-11 14:48","2026-05-17 11:19","[DieImageToTable] I2T_X=0.84585909913671 -0.000172410025007827 -882.777778209207 I2T_Y=0.000172410025007827 0.8458590991","-662191"
"C:\job\VCAM 2D+3D CCS\Setup1\Recipes\x10 + CCS\TrainData\DieImage\ZoomLevels.ini",".ini","267","2025-02-11 14:48","2026-05-17 11:19","[ZOOM_LEVELS] LEVEL_1=1 SaveCompressed=0 LEVEL_2=1 LEVEL_4=1 LEVEL_8=1 LEVEL_16=1 [LEVEL_1] SizeX=16283 SizeY=16283 [LEV","-662191"
"C:\job\VCAM 2D+3D CCS\Setup1\Recipes\x10 + CCS\WaferAlignData\Alignment_PatFindRtp.txt",".txt","485","2025-05-26 13:06","2026-05-17 11:19"," [13:06:44 05/26/25] Minimum Score           :  85    Minimum Start        :  90    Reduce Delta         :  10 Minimum T","-512533"
"C:\job\VCAM 2D+3D CCS\Setup1\Recipes\x10 + CCS\WaferAlignData\Alignment_PatRes.txt",".txt","1429","2025-05-26 13:06","2026-05-17 11:19"," [13:06:44 05/26/25] ==========================================================================================  #    Co","-512533"
"C:\job\VCAM 2D+3D CCS\Setup1\Recipes\x10 + CCS\WaferAlignData\Alignment_Stat.txt",".txt","1410","2025-05-26 13:06","2026-05-17 11:19","  [13:06:44 05/26/25] ==================================================================================================","-512533"
"C:\job\VCAM 2D+3D CCS\Setup1\Recipes\x10 + CCS\WaferAlignData\AlignmentData.ini",".ini","31","2025-05-26 13:06","2026-05-17 11:19","[General] AlignmentTime=4134 ","-512533"
"C:\job\VCAM 2D+3D CCS\Setup1\Recipes\x10 + CCS\WaferAlignData\AlignmentStatisticsTime.txt",".txt","165","2025-05-26 13:06","2026-05-17 11:19","Alignment Statistics Grabbing Counter=8 Total=998 Average=124.750000 Moving Counter=8 Total=1077 Average=134.625000 Movi","-512533"
"C:\job\VCAM 2D+3D CCS\Setup1\Recipes\x10 + CCS\Zones\CCS bump.ini",".ini","733","2025-02-20 09:47","2026-05-17 11:19","[General] ZoneName=CCS bump ZoneID=1 TypeName=CCS Sampling AutoTH=0 AutoProbe=0 [BumpsSampling] Enable=1 AlgorithmName=B","-649532"
"C:\job\VCAM 2D+3D CCS\Setup1\Recipes\x10 + CCS\Zones\PostProcess.ini",".ini","1984","2025-02-20 09:47","2026-05-17 11:19","[General] ZoneName=PostProcess ZoneID=255 TypeName=PostProcess AutoTH=0 AutoProbe=0 [Volume] Enable=0 AlgorithmName=Volu","-649532"
"C:\job\VCAM 2D+3D CCS\Setup1\Recipes\x10 + CCS\Zones\Scan Area.ini",".ini","5694","2025-02-20 09:47","2026-05-17 11:19","[General] ZoneName=Scan Area ZoneID=63 TypeName=Surface AutoTH=0 AutoProbe=0 [Surface] Enable=1 AlgorithmName=Surface Cl","-649532"
"C:\job\VCAM 2D+3D CTS\Metadata.ini",".ini","93","2025-02-17 08:48","2026-05-17 11:19","[General] name=VCAM 2D+3D CTS Id=70fcdf04-16c4-4ecc-b494-1db4264f8643 Version=1 JobTag= ","-653910"
"C:\job\VCAM 2D+3D CTS\VcamInstallerGuid.txt",".txt","36","2025-03-18 12:04","2026-05-17 11:19","a768aa22-3050-46d9-b4fc-0521e28c1ac6","-611955"
"C:\job\VCAM 2D+3D CTS\.audit\manifest.json",".json","413","2026-05-17 11:19","2026-05-17 11:19","{   ""jobName"": ""VCAM 2D\u002B3D CTS"",   ""auditDbVersion"": ""1"",   ""created"": {     ""machine"": ""AMITA1"",     ""at"": ""2026-0","1"
"C:\job\VCAM 2D+3D CTS\Setup1\CurrWaferSurfaceInterpolation.ini",".ini","6975","2025-02-16 10:41","2026-05-17 11:19","ThinPlate 50 45345.8746814568 127445.286578824 768.093722279842 94.6954074602558 70547.5808184768 121152.524929174 768.8","-655238"
"C:\job\VCAM 2D+3D CTS\Setup1\CurrWaferSurfaceInterpolation.md",".md","29","2025-02-11 13:45","2026-05-17 11:19","[General] IsInChuckSpace=1 ","-662253"
"C:\job\VCAM 2D+3D CTS\Setup1\DefaultWafer2Table.ini",".ini","1141","2025-02-11 17:29","2026-05-17 11:19","[WAFER ALIGNMENT] Wafer2Table_X=          0.9999969136        -0.0002747084   -157388.1110254321 Wafer2Table_Y=         ","-662030"
"C:\job\VCAM 2D+3D CTS\Setup1\DefectsClustering.ini",".ini","236","2025-02-11 13:46","2026-05-17 11:19","[General] Enabled=0 ClusteringAfterMerge=0 Distance=0 SelectedFirstSortingList=Priority SelectedSecondSortingList=Area S","-662253"
"C:\job\VCAM 2D+3D CTS\Setup1\DieAlignment.dat_block.ini",".ini","118","2025-05-26 10:56","2026-05-17 11:19","[General] IsMultiIndex=0 DieCount=1 [Die_0] Row=0 Col=0 PosX=0.000 PosY=0.000 SizeX=7336.000 SizeY=7336.000 ","-512663"
"C:\job\VCAM 2D+3D CTS\Setup1\Metadata.ini",".ini","115","2025-02-17 08:51","2026-05-17 11:19","[General] name=Setup1 Id=db3855e5-accd-457e-af5f-a8395a1f6068 Version=1 LastActiveRecipe=x10 + CTS x3.6 step5 ","-653908"
"C:\job\VCAM 2D+3D CTS\Setup1\MultiRecipe.ini",".ini","383","2025-02-17 08:51","2026-05-17 11:19","[Scan] SamplingCount=0 SamplingYield=0 MergingThreadCount=0 doSeparateRecipe=1 DoGrabAfterMerge=0 Recipes= RecipesPos= R","-653908"
"C:\job\VCAM 2D+3D CTS\Setup1\ProductionInfo.ini",".ini","194","2025-02-12 11:39","2026-05-17 11:19","[General] WaferDefectsCount=0 WaferDefectDiceRatio=0.000 WaferDefectClassId=0 WaferDefectClassIdCount=0 BatchPassWafersC","-660940"
"C:\job\VCAM 2D+3D CTS\Setup1\RecipesInfo.ini",".ini","795","2025-02-11 17:45","2026-05-17 11:19","[Recipe-1] Name=x5 DiePitchX=6300 DiePitchY=6300 ScanMag=5 ColorPixelSize=0 Scan2DPixelSize=1.693 VerCam=4 VerMag=5 [Rec","-662014"
"C:\job\VCAM 2D+3D CTS\Setup1\ScanCondition.ini",".ini","23","2025-02-11 14:51","2026-05-17 11:19","[General] IsActive=0 ","-662188"
"C:\job\VCAM 2D+3D CTS\Setup1\Wafer2Table.ini",".ini","1131","2025-05-26 10:46","2026-05-17 11:19","[WAFER ALIGNMENT] Wafer2Table_X=          0.9999894655        -0.0007902190   -157306.6308061414 Wafer2Table_Y=         ","-512673"
"C:\job\VCAM 2D+3D CTS\Setup1\Recipes\x10 + CTS x3.6 step5\Alignment.ini",".ini","38","2025-02-11 17:28","2026-05-17 11:19","[WAFER ALIGNMENT] CoarseAlignDone=1 ","-662031"
"C:\job\VCAM 2D+3D CTS\Setup1\Recipes\x10 + CTS x3.6 step5\AlignmentData.ini",".ini","786","2025-02-11 17:28","2026-05-17 11:19","[General] MinScore=85 MinTargetScore=0 IsAffineEnabled=1 AlignPointsNum=8 ForceToGMF=0 [Point_0] X=157294.033305 Y=15761","-662031"
"C:\job\VCAM 2D+3D CTS\Setup1\Recipes\x10 + CTS x3.6 step5\AlignRtp.ini",".ini","2900","2025-05-26 10:56","2026-05-17 11:19","[GENERAL] AliasDelta_%=25 RegModelFileName=DieMapRegPos.dat RotateModel=1 SeparateDice=1 _01_GENERAL=0 UseRegReference=1","-512663"
"C:\job\VCAM 2D+3D CTS\Setup1\Recipes\x10 + CTS x3.6 step5\Bumps.dat",".dat","0","2025-02-11 14:44","2026-05-17 11:19","","-662195"
"C:\job\VCAM 2D+3D CTS\Setup1\Recipes\x10 + CTS x3.6 step5\CcsLocalMeas.ini",".ini","153","2025-02-11 14:43","2026-05-17 11:19","[ScanParams] MarginX=0 MarginY=0 ScanStepX=0 ScanStepY=0 ScanDefects_Enabled=0 ScanDefects_SizeX=0 ScanDefects_SizeY=0 [","-662196"
"C:\job\VCAM 2D+3D CTS\Setup1\Recipes\x10 + CTS x3.6 step5\CleanReferenceFinalParams.ini",".ini","951","2025-02-11 14:43","2026-05-17 11:19","[General] Version=2 [CleanRefParams] SizeX=2048 SizeY=2048 minCriteria=-2 maxCriteria=-1 minCreateMul=2 maxCreateMul=2 m","-662196"
"C:\job\VCAM 2D+3D CTS\Setup1\Recipes\x10 + CTS x3.6 step5\CreateReference3dOptions.ini",".ini","307","2025-02-11 14:43","2026-05-17 11:19","[General] Version=0 Debug=0 [Registration] ReferenceRegBy=0 BigBlockRowsNumber=1000 YPartitionsNumber=3 MaxErrorPix=5 PS","-662196"
"C:\job\VCAM 2D+3D CTS\Setup1\Recipes\x10 + CTS x3.6 step5\CurrWaferSurfaceInterpolation.md",".md","29","2025-02-11 14:43","2026-05-17 11:19","[General] IsInChuckSpace=0 ","-662196"
"C:\job\VCAM 2D+3D CTS\Setup1\Recipes\x10 + CTS x3.6 step5\DefaultWafer2Table.ini",".ini","1141","2025-02-11 14:43","2026-05-17 11:19","[WAFER ALIGNMENT] Wafer2Table_X=          0.9999971202        -0.0002744600   -157379.1579642731 Wafer2Table_Y=         ","-662196"
"C:\job\VCAM 2D+3D CTS\Setup1\Recipes\x10 + CTS x3.6 step5\DefaultWaferSurfaceInterpolation.md",".md","29","2025-02-11 14:43","2026-05-17 11:19","[General] IsInChuckSpace=0 ","-662196"
"C:\job\VCAM 2D+3D CTS\Setup1\Recipes\x10 + CTS x3.6 step5\DieAlignment.dat_block.ini",".ini","118","2025-02-11 14:43","2026-05-17 11:19","[General] IsMultiIndex=0 DieCount=1 [Die_0] Row=0 Col=0 PosX=0.000 PosY=0.000 SizeX=7336.000 SizeY=7336.000 ","-662196"
"C:\job\VCAM 2D+3D CTS\Setup1\Recipes\x10 + CTS x3.6 step5\DieMapAlignRes.dat_block.ini",".ini","118","2025-02-11 14:43","2026-05-17 11:19","[General] IsMultiIndex=0 DieCount=1 [Die_0] Row=0 Col=0 PosX=0.000 PosY=0.000 SizeX=7336.000 SizeY=7336.000 ","-662196"
"C:\job\VCAM 2D+3D CTS\Setup1\Recipes\x10 + CTS x3.6 step5\DieMapRegPos.txt",".txt","350","2025-02-11 14:43","2026-05-17 11:19","ScaleX =    1.0000000000; ScaleY =    1.0000000000   RefID       X        Y  Zone Count      Shape Data       1     65.0","-662196"
"C:\job\VCAM 2D+3D CTS\Setup1\Recipes\x10 + CTS x3.6 step5\DieRegPos.txt",".txt","350","2025-02-11 14:43","2026-05-17 11:19","ScaleX =    1.0000000000; ScaleY =    1.0000000000   RefID       X        Y  Zone Count      Shape Data       1     32.0","-662196"
"C:\job\VCAM 2D+3D CTS\Setup1\Recipes\x10 + CTS x3.6 step5\ExternalCoordSystems.ini",".ini","33","2025-02-11 14:43","2026-05-17 11:19","[ExternalCoordSystems] Count=0 ","-662196"
"C:\job\VCAM 2D+3D CTS\Setup1\Recipes\x10 + CTS x3.6 step5\GlobalRTP.ini",".ini","2656","2025-02-11 14:43","2026-05-17 11:19","[GLOBAL_RTP] AdaptiveGpuEnabled=1 AdaptiveHistogram=0 AdaptiveHistogramByDieSegments=1 AdaptiveHistogramMinPixelCount=32","-662196"
"C:\job\VCAM 2D+3D CTS\Setup1\Recipes\x10 + CTS x3.6 step5\ImageProcessing.log",".log","37","2025-02-11 14:43","2026-05-17 11:19","_previouseAlignmentDataExists = 0 ","-662196"
"C:\job\VCAM 2D+3D CTS\Setup1\Recipes\x10 + CTS x3.6 step5\JobIllumLimits.ini",".ini","86","2025-05-26 10:37","2026-05-17 11:19","[RNDTEST4] IllumCalibDate=2024-08-14 16:35:32 ForcedSkipToDate=2025-06-25 10:37:56 ","-512682"
"C:\job\VCAM 2D+3D CTS\Setup1\Recipes\x10 + CTS x3.6 step5\Metadata.ini",".ini","147","2025-05-26 10:46","2026-05-17 11:19","[General] name=x5 Id=fb222405-ca62-4124-8cbd-947ee652d223 Version=0 [GeneralOnlineVerificationParams] UseSetGrabForOnlin","-512673"
"C:\job\VCAM 2D+3D CTS\Setup1\Recipes\x10 + CTS x3.6 step5\OpticPreset.ini",".ini","1234","2025-05-26 10:37","2026-05-17 11:19","[General] Signature=1 [Scan2d] Id=f0604106-4bcc-4d4b-be3f-afb76b15d289 FocusPosAboveChuck=776.699999472048 Mag=10 Mode=-","-512682"
"C:\job\VCAM 2D+3D CTS\Setup1\Recipes\x10 + CTS x3.6 step5\OpticToVCamStorage.json",".json","536","2025-03-18 11:21","2026-05-17 11:19","[   {     ""OpticId"": ""f0604106-4bcc-4d4b-be3f-afb76b15d289"",     ""Scenario"": ""Scan"",     ""IsAutoFocus"": false,     ""Stor","-611998"
"C:\job\VCAM 2D+3D CTS\Setup1\Recipes\x10 + CTS x3.6 step5\Params_AlignRTP.ini",".ini","2603","2025-02-11 14:43","2026-05-17 11:19","[306a7e84-3bae-4443-bedf-ea9321f61841] 306a7e84-3bae-4443-bedf-ea9321f61841_EngineDescription=No Operation 306a7e84-3bae","-662196"
"C:\job\VCAM 2D+3D CTS\Setup1\Recipes\x10 + CTS x3.6 step5\Params_SystemInfo.ini",".ini","2247","2025-02-11 14:43","2026-05-17 11:19","[SystemParams] ActivateAlgorithms=1 ActivateFrameTracing=0 ApplyDistortion=-1 ApplyGainOffset=-1 CCS_InScanScenario=0 CC","-662196"
"C:\job\VCAM 2D+3D CTS\Setup1\Recipes\x10 + CTS x3.6 step5\Params_WaferInfo.ini",".ini","1438","2025-02-11 14:43","2026-05-17 11:19","[General] AlignStripDelay=-1 BinArrayPath=c:\bis\data\dds BumpResBufferSize=50000000 CollectSpcData=0 DieAlignResReport=","-662196"
"C:\job\VCAM 2D+3D CTS\Setup1\Recipes\x10 + CTS x3.6 step5\ProductInfo.ini",".ini","2940","2025-05-26 10:46","2026-05-17 11:19","[General] GainOffsetMode=0 ExportFlatPos=0 Reference_EdgeUncert=0 Overlap2d_X_um=53.035 Overlap2d_Y_um=53.035 Overlap3d_","-512673"
"C:\job\VCAM 2D+3D CTS\Setup1\Recipes\x10 + CTS x3.6 step5\Recipe.ini",".ini","3368","2025-05-26 10:46","2026-05-17 11:19","[AutoCycle] AutoFocusEvery=1 ; None CleanReferenceEvery=1 ; None UnloadToAnotherCassette=0 ; Move wafers from Loadport B","-512673"
"C:\job\VCAM 2D+3D CTS\Setup1\Recipes\x10 + CTS x3.6 step5\RTP.txt",".txt","6403","2025-02-12 07:59","2026-05-17 11:19","[PostProcess]   ; Zone name Alg = Volume Shape_Violation_USL = 90000 ;  ( The Max bump volume allowed. )  Shape_Violatio","-661160"
"C:\job\VCAM 2D+3D CTS\Setup1\Recipes\x10 + CTS x3.6 step5\ScanOverlapLog.txt",".txt","450","2025-05-26 10:46","2026-05-17 11:19","Scan 2d Overlap [px], [um]; Pixel size = 0.846, 0.85 Minimum             :    32,   32,   27,   27 Detection           :","-512673"
"C:\job\VCAM 2D+3D CTS\Setup1\Recipes\x10 + CTS x3.6 step5\ScanOverlapLog3d.txt",".txt","882","2025-05-26 10:56","2026-05-17 11:19","Scan 3d Overlap Frame Size:  2560,  1000 Reference  Pixel Size: 0.846,  0.85 Inspection Pixel Size: 1.759,  5.00 Table->","-512663"
"C:\job\VCAM 2D+3D CTS\Setup1\Recipes\x10 + CTS x3.6 step5\ScenarioMetadataGrab.xml",".xml","1358","2025-05-26 10:46","2026-05-17 11:19","<MultiOpticsScenarioGrabConfiguration VersionNumber=""2.0"">   <ScenarioGrab Id=""0c58f3df-a655-4ff1-8835-c277cf0f7cfb"" Nam","-512673"
"C:\job\VCAM 2D+3D CTS\Setup1\Recipes\x10 + CTS x3.6 step5\ScenariosMetadatas.ini",".ini","1341","2025-02-11 14:47","2026-05-17 11:19","[General] Version=1 [Scan2d] Id=5c0a78a1-e594-4919-b46e-1127b9caa0fa OpticsId=f0604106-4bcc-4d4b-be3f-afb76b15d289 Refer","-662192"
"C:\job\VCAM 2D+3D CTS\Setup1\Recipes\x10 + CTS x3.6 step5\UniqueArea.ini",".ini","20","2025-02-11 14:43","2026-05-17 11:19","[General] Count=0 ","-662196"
"C:\job\VCAM 2D+3D CTS\Setup1\Recipes\x10 + CTS x3.6 step5\Wafer2Table.ini",".ini","1131","2025-05-26 10:57","2026-05-17 11:19","[WAFER ALIGNMENT] Wafer2Table_X=          0.9999892285        -0.0007901183   -157297.5788207706 Wafer2Table_Y=         ","-512662"
"C:\job\VCAM 2D+3D CTS\Setup1\Recipes\x10 + CTS x3.6 step5\WaferDataReadSettings.xml",".xml","195","2025-02-11 14:43","2026-05-17 11:19","<?xml version=""1.0""?> <WaferDataReadSettings xmlns:xsi=""http://www.w3.org/2001/XMLSchema-instance"" xmlns:xsd=""http://www","-662196"
"C:\job\VCAM 2D+3D CTS\Setup1\Recipes\x10 + CTS x3.6 step5\Waferinfo.ini",".ini","468","2025-05-26 10:46","2026-05-17 11:19","[Robot] SideUp=1 Rotation=0 UnloadRotation=0 [General] hd_robot=False InkBinList= LimitNumberOfInkedDice=0 hd_cmm=False ","-512673"
"C:\job\VCAM 2D+3D CTS\Setup1\Recipes\x10 + CTS x3.6 step5\WaferMapRecipe.ini",".ini","1608","2025-05-26 10:39","2026-05-17 11:19","[GENERAL] SettingsPolicy=1 FiducialBin=-1 ImportSubPath= UpdateSubPath= ExportInAutoCycle=1 ExportInManualScan=1 AfterEx","-512680"
"C:\job\VCAM 2D+3D CTS\Setup1\Recipes\x10 + CTS x3.6 step5\WaferToRefWafer.ini",".ini","171","2025-02-11 17:29","2026-05-17 11:19","[WaferToRefWafer] RW_2_SW_X=          0.9999997629         0.0000001005         9.0594660371 RW_2_SW_Y=         -0.00000","-662030"
"C:\job\VCAM 2D+3D CTS\Setup1\Recipes\x10 + CTS x3.6 step5\zones.ini",".ini","261","2025-02-11 14:44","2026-05-17 11:19","[General] Version=11 [ALGName] 255=PostProcess 0=Scan Area 1=bumps [ALG] 255=PostProcess 0=Surface 1=Global Bump [BinCod","-662195"
"C:\job\VCAM 2D+3D CTS\Setup1\Recipes\x10 + CTS x3.6 step5\zones.txt",".txt","454","2025-02-11 14:44","2026-05-17 11:19","ScaleX =    1.0000000000; ScaleY =    1.0000000000   RefID       X        Y  Zone Count      Shape Data       1   3667.5","-662195"
"C:\job\VCAM 2D+3D CTS\Setup1\Recipes\x10 + CTS x3.6 step5\ZoomLevels.ini",".ini","256","2025-02-11 14:43","2026-05-17 11:19","[ZOOM_LEVELS] LEVEL_1=1 SaveCompressed=0 LEVEL_2=1 LEVEL_4=1 LEVEL_8=1 [LEVEL_1] SizeX=7335 SizeY=7336 [LEVEL_2] SizeX=3","-662196"
"C:\job\VCAM 2D+3D CTS\Setup1\Recipes\x10 + CTS x3.6 step5\.dc_cache\TransactionsHistory.ini",".ini","366","2025-02-11 14:43","2026-05-17 11:19","[DeprecatedInV0] Namespace.RuntimeEntities.RecipePartsCollection_Runtime|RecipePartsCollection|CleanReferenceParams=1 Na","-662196"
"C:\job\VCAM 2D+3D CTS\Setup1\Recipes\x10 + CTS x3.6 step5\CTSOpticSetup\SetupSummary.xml",".xml","85","2025-02-11 14:47","2026-05-17 11:19","<?xml version=""1.0"" encoding=""utf-8""?><Setup Exists=""True"" Score=""0"" Mode=""Manual"" />","-662192"
"C:\job\VCAM 2D+3D CTS\Setup1\Recipes\x10 + CTS x3.6 step5\CTSOpticSetup\Manual\ManualScannedSites\ManualScannedSites.xml",".xml","109","2025-02-11 14:47","2026-05-17 11:19","<?xml version=""1.0"" encoding=""utf-8""?><ScannedSites Count=""1""><ScannedSite Name=""ScanCTS_1"" /></ScannedSites>","-662192"
"C:\job\VCAM 2D+3D CTS\Setup1\Recipes\x10 + CTS x3.6 step5\CTSOpticSetup\Manual\ManualScannedSites\ScanCTS_1\ScanCTS_1.xml",".xml","172128","2025-02-11 14:47","2026-05-17 11:19","<?xml version=""1.0"" encoding=""utf-8""?><ScannedSite><GeneralInfo Name=""ScanCTS_1"" SiteName=""1"" SetupName=""ScanCTS"" GL2um=","-662192"
"C:\job\VCAM 2D+3D CTS\Setup1\Recipes\x10 + CTS x3.6 step5\CTSOpticSetup\Manual\Sites\Sites.xml",".xml","206","2025-02-11 14:45","2026-05-17 11:19","<?xml version=""1.0"" encoding=""utf-8""?><Sites Count=""1""><Site Name=""1"" WaferPosX=""300185.604770078"" WaferPosY=""186625.289","-662194"
"C:\job\VCAM 2D+3D CTS\Setup1\Recipes\x10 + CTS x3.6 step5\DebugAFMapping\108317,  19209_focusCurve.txt",".txt","859","2025-02-11 14:43","2026-05-17 11:19","Position Focus Measure ======== ============= 77785.40  355.615814 77788.60  401.340637 77792.60  458.926239 77796.70  5","-662196"
"C:\job\VCAM 2D+3D CTS\Setup1\Recipes\x10 + CTS x3.6 step5\DebugAFMapping\108317,  50709_focusCurve.txt",".txt","858","2025-02-11 14:43","2026-05-17 11:19","Position Focus Measure ======== ============= 77788.80  377.370911 77792.20  426.260010 77796.20  483.184967 77800.20  5","-662196"
"C:\job\VCAM 2D+3D CTS\Setup1\Recipes\x10 + CTS x3.6 step5\DebugAFMapping\108317,  82209_focusCurve.txt",".txt","859","2025-02-11 14:43","2026-05-17 11:19","Position Focus Measure ======== ============= 77792.40  345.694031 77796.70  401.790253 77800.70  458.397522 77804.70  5","-662196"
"C:\job\VCAM 2D+3D CTS\Setup1\Recipes\x10 + CTS x3.6 step5\DebugAFMapping\108317, 126309_focusCurve.txt",".txt","859","2025-02-11 14:43","2026-05-17 11:19","Position Focus Measure ======== ============= 77793.10  264.433075 77796.50  307.598663 77800.50  360.189819 77804.50  4","-662196"
"C:\job\VCAM 2D+3D CTS\Setup1\Recipes\x10 + CTS x3.6 step5\DebugAFMapping\108317, 183009_focusCurve.txt",".txt","859","2025-02-11 14:43","2026-05-17 11:19","Position Focus Measure ======== ============= 77794.20  323.442657 77797.60  368.409454 77801.60  423.620300 77805.60  4","-662196"
"C:\job\VCAM 2D+3D CTS\Setup1\Recipes\x10 + CTS x3.6 step5\DebugAFMapping\108317, 290109_focusCurve.txt",".txt","859","2025-02-11 14:43","2026-05-17 11:19","Position Focus Measure ======== ============= 77798.10  189.717453 77802.40  231.180664 77806.40  278.427216 77810.40  3","-662196"
"C:\job\VCAM 2D+3D CTS\Setup1\Recipes\x10 + CTS x3.6 step5\DebugAFMapping\114617, 264909_focusCurve.txt",".txt","859","2025-02-11 14:43","2026-05-17 11:19","Position Focus Measure ======== ============= 77800.40  232.343628 77804.70  280.775879 77808.70  331.581604 77812.80  3","-662196"
"C:\job\VCAM 2D+3D CTS\Setup1\Recipes\x10 + CTS x3.6 step5\DebugAFMapping\120917, 233409_focusCurve.txt",".txt","859","2025-02-11 14:43","2026-05-17 11:19","Position Focus Measure ======== ============= 77799.30  248.242477 77803.50  298.430237 77807.60  349.286957 77811.60  4","-662196"
"C:\job\VCAM 2D+3D CTS\Setup1\Recipes\x10 + CTS x3.6 step5\DebugAFMapping\127217, 107409_focusCurve.txt",".txt","860","2025-02-11 14:43","2026-05-17 11:19","Position Focus Measure ======== ============= 77794.60  325.943573 77798.90  379.974548 77802.90  435.238708 77806.90  4","-662196"
"C:\job\VCAM 2D+3D CTS\Setup1\Recipes\x10 + CTS x3.6 step5\DebugAFMapping\127217, 201909_focusCurve.txt",".txt","859","2025-02-11 14:43","2026-05-17 11:19","Position Focus Measure ======== ============= 77799.50  295.069733 77803.80  350.479980 77807.80  404.118561 77811.80  4","-662196"
"C:\job\VCAM 2D+3D CTS\Setup1\Recipes\x10 + CTS x3.6 step5\DebugAFMapping\133517,  12909_focusCurve.txt",".txt","859","2025-02-11 14:43","2026-05-17 11:19","Position Focus Measure ======== ============= 77788.40  417.265991 77792.70  479.999298 77796.80  540.733093 77800.80  6","-662196"
"C:\job\VCAM 2D+3D CTS\Setup1\Recipes\x10 + CTS x3.6 step5\DebugAFMapping\133517,  38109_focusCurve.txt",".txt","859","2025-02-11 14:43","2026-05-17 11:19","Position Focus Measure ======== ============= 77792.00  403.315887 77796.30  461.165283 77800.30  521.929565 77804.20  5","-662196"
"C:\job\VCAM 2D+3D CTS\Setup1\Recipes\x10 + CTS x3.6 step5\DebugAFMapping\133517,  69609_focusCurve.txt",".txt","859","2025-02-11 14:43","2026-05-17 11:19","Position Focus Measure ======== ============= 77789.80  295.958282 77793.10  343.272064 77797.10  392.513947 77801.10  4","-662196"
"C:\job\VCAM 2D+3D CTS\Setup1\Recipes\x10 + CTS x3.6 step5\DebugAFMapping\133517, 138909_focusCurve.txt",".txt","859","2025-02-11 14:43","2026-05-17 11:19","Position Focus Measure ======== ============= 77797.80  303.291992 77802.00  357.965790 77806.10  415.323669 77810.00  4","-662196"
"C:\job\VCAM 2D+3D CTS\Setup1\Recipes\x10 + CTS x3.6 step5\DebugAFMapping\133517, 170409_focusCurve.txt",".txt","860","2025-02-11 14:43","2026-05-17 11:19","Position Focus Measure ======== ============= 77793.30  240.325455 77796.60  281.399445 77800.60  332.680206 77804.60  3","-662196"
"C:\job\VCAM 2D+3D CTS\Setup1\Recipes\x10 + CTS x3.6 step5\DebugAFMapping\133517, 296409_focusCurve.txt",".txt","859","2025-02-11 14:43","2026-05-17 11:19","Position Focus Measure ======== ============= 77793.60  151.123047 77797.00  176.297974 77800.90  214.422699 77804.90  2","-662196"
"C:\job\VCAM 2D+3D CTS\Setup1\Recipes\x10 + CTS x3.6 step5\DebugAFMapping\13817, 145209_focusCurve.txt",".txt","859","2025-02-11 14:43","2026-05-17 11:19","Position Focus Measure ======== ============= 77795.00  279.075958 77799.20  331.097473 77803.20  383.039063 77807.20  4","-662196"
"C:\job\VCAM 2D+3D CTS\Setup1\Recipes\x10 + CTS x3.6 step5\DebugAFMapping\13817, 170409_focusCurve.txt",".txt","858","2025-02-11 14:43","2026-05-17 11:19","Position Focus Measure ======== ============= 77791.00  226.570496 77794.40  265.191254 77798.40  314.262268 77802.40  3","-662196"
"C:\job\VCAM 2D+3D CTS\Setup1\Recipes\x10 + CTS x3.6 step5\DebugAFMapping\146117,  12909_focusCurve.txt",".txt","859","2025-02-11 14:43","2026-05-17 11:19","Position Focus Measure ======== ============= 77783.90  350.492371 77787.20  398.265564 77791.20  456.218842 77795.20  5","-662196"
"C:\job\VCAM 2D+3D CTS\Setup1\Recipes\x10 + CTS x3.6 step5\DebugAFMapping\146117, 239709_focusCurve.txt",".txt","859","2025-02-11 14:43","2026-05-17 11:19","Position Focus Measure ======== ============= 77792.80  174.675476 77796.20  205.685455 77800.20  249.832214 77804.20  2","-662196"
"C:\job\VCAM 2D+3D CTS\Setup1\Recipes\x10 + CTS x3.6 step5\DebugAFMapping\146117, 271209_focusCurve.txt",".txt","859","2025-02-11 14:43","2026-05-17 11:19","Position Focus Measure ======== ============= 77794.70  154.238907 77798.10  181.064636 77802.10  219.639145 77806.00  2","-662196"
"C:\job\VCAM 2D+3D CTS\Setup1\Recipes\x10 + CTS x3.6 step5\DebugAFMapping\152417,  94809_focusCurve.txt",".txt","860","2025-02-11 14:43","2026-05-17 11:19","Position Focus Measure ======== ============= 77787.20  239.341644 77790.50  279.576904 77794.50  332.230927 77798.50  3","-662196"
"C:\job\VCAM 2D+3D CTS\Setup1\Recipes\x10 + CTS x3.6 step5\DebugAFMapping\152417, 126309_focusCurve.txt",".txt","859","2025-02-11 14:43","2026-05-17 11:19","Position Focus Measure ======== ============= 77792.90  260.982574 77796.20  303.560516 77800.20  355.795105 77804.20  4","-662196"
"C:\job\VCAM 2D+3D CTS\Setup1\Recipes\x10 + CTS x3.6 step5\DebugAFMapping\152417, 151509_focusCurve.txt",".txt","1395","2025-02-11 14:43","2026-05-17 11:19","Position Focus Measure ======== ============= 77741.20  52.636612 77744.60  55.093678 77748.60  58.390202 77752.60  62.8","-662196"
"C:\job\VCAM 2D+3D CTS\Setup1\Recipes\x10 + CTS x3.6 step5\DebugAFMapping\152417, 183009_focusCurve.txt",".txt","859","2025-02-11 14:43","2026-05-17 11:19","Position Focus Measure ======== ============= 77798.90  302.663483 77803.20  354.024017 77807.20  408.052216 77811.30  4","-662196"
"C:\job\VCAM 2D+3D CTS\Setup1\Recipes\x10 + CTS x3.6 step5\DebugAFMapping\152417, 214509_focusCurve.txt",".txt","860","2025-02-11 14:43","2026-05-17 11:19","Position Focus Measure ======== ============= 77794.20  199.126419 77797.50  234.183762 77801.50  282.118011 77805.50  3","-662196"
"C:\job\VCAM 2D+3D CTS\Setup1\Recipes\x10 + CTS x3.6 step5\DebugAFMapping\152417, 296409_focusCurve.txt",".txt","859","2025-02-11 14:43","2026-05-17 11:19","Position Focus Measure ======== ============= 77797.80  201.293060 77802.10  245.315643 77806.10  292.955536 77810.10  3","-662196"
"C:\job\VCAM 2D+3D CTS\Setup1\Recipes\x10 + CTS x3.6 step5\DebugAFMapping\165017,  38109_focusCurve.txt",".txt","859","2025-02-11 14:43","2026-05-17 11:19","Position Focus Measure ======== ============= 77786.70  337.708649 77789.90  381.400543 77793.90  438.599609 77797.90  4","-662196"
"C:\job\VCAM 2D+3D CTS\Setup1\Recipes\x10 + CTS x3.6 step5\DebugAFMapping\165017,  69609_focusCurve.txt",".txt","859","2025-02-11 14:43","2026-05-17 11:19","Position Focus Measure ======== ============= 77794.00  356.880768 77798.30  413.172577 77802.30  468.669006 77806.30  5","-662196"
"C:\job\VCAM 2D+3D CTS\Setup1\Recipes\x10 + CTS x3.6 step5\DebugAFMapping\171317,  12909_focusCurve.txt",".txt","859","2025-02-11 14:43","2026-05-17 11:19","Position Focus Measure ======== ============= 77788.70  446.548615 77793.00  510.504089 77797.10  576.915344 77801.00  6","-662196"
"C:\job\VCAM 2D+3D CTS\Setup1\Recipes\x10 + CTS x3.6 step5\DebugAFMapping\177617, 138909_focusCurve.txt",".txt","859","2025-02-11 14:43","2026-05-17 11:19","Position Focus Measure ======== ============= 77797.00  299.578217 77801.20  353.767212 77805.20  411.063293 77809.20  4","-662196"
"C:\job\VCAM 2D+3D CTS\Setup1\Recipes\x10 + CTS x3.6 step5\DebugAFMapping\177617, 170409_focusCurve.txt",".txt","859","2025-02-11 14:43","2026-05-17 11:19","Position Focus Measure ======== ============= 77793.70  276.378967 77797.00  318.080383 77801.00  374.328094 77805.00  4","-662196"
"C:\job\VCAM 2D+3D CTS\Setup1\Recipes\x10 + CTS x3.6 step5\DebugAFMapping\177617, 239709_focusCurve.txt",".txt","859","2025-02-11 14:43","2026-05-17 11:19","Position Focus Measure ======== ============= 77798.90  256.262054 77803.10  306.237091 77807.10  357.929657 77811.10  4","-662196"
"C:\job\VCAM 2D+3D CTS\Setup1\Recipes\x10 + CTS x3.6 step5\DebugAFMapping\177617, 271209_focusCurve.txt",".txt","859","2025-02-11 14:43","2026-05-17 11:19","Position Focus Measure ======== ============= 77797.90  189.682648 77802.10  231.369507 77806.10  276.428680 77810.20  3","-662196"
"C:\job\VCAM 2D+3D CTS\Setup1\Recipes\x10 + CTS x3.6 step5\DebugAFMapping\177617, 296409_focusCurve.txt",".txt","859","2025-02-11 14:43","2026-05-17 11:19","Position Focus Measure ======== ============= 77796.70  171.010040 77801.00  209.775864 77805.00  251.603561 77809.00  2","-662196"
"C:\job\VCAM 2D+3D CTS\Setup1\Recipes\x10 + CTS x3.6 step5\DebugAFMapping\183917, 107409_focusCurve.txt",".txt","860","2025-02-11 14:43","2026-05-17 11:19","Position Focus Measure ======== ============= 77794.60  333.251862 77798.90  389.742371 77802.90  444.788574 77806.90  5","-662196"
"C:\job\VCAM 2D+3D CTS\Setup1\Recipes\x10 + CTS x3.6 step5\DebugAFMapping\183917, 201909_focusCurve.txt",".txt","859","2025-02-11 14:43","2026-05-17 11:19","Position Focus Measure ======== ============= 77797.00  243.061188 77801.30  294.299194 77805.30  344.403931 77809.30  3","-662196"
"C:\job\VCAM 2D+3D CTS\Setup1\Recipes\x10 + CTS x3.6 step5\DebugAFMapping\190217,  75909_focusCurve.txt",".txt","860","2025-02-11 14:43","2026-05-17 11:19","Position Focus Measure ======== ============= 77787.70  280.204193 77791.00  321.009369 77795.00  372.883087 77799.00  4","-662196"
"C:\job\VCAM 2D+3D CTS\Setup1\Recipes\x10 + CTS x3.6 step5\DebugAFMapping\196517,  19209_focusCurve.txt",".txt","860","2025-02-11 14:43","2026-05-17 11:19","Position Focus Measure ======== ============= 77783.50  333.144287 77786.90  382.328400 77790.80  435.596558 77794.90  4","-662196"
"C:\job\VCAM 2D+3D CTS\Setup1\Recipes\x10 + CTS x3.6 step5\DebugAFMapping\196517,  44409_focusCurve.txt",".txt","859","2025-02-11 14:43","2026-05-17 11:19","Position Focus Measure ======== ============= 77789.30  341.128204 77793.50  399.327972 77797.70  454.866455 77801.60  5","-662196"
"C:\job\VCAM 2D+3D CTS\Setup1\Recipes\x10 + CTS x3.6 step5\DebugAFMapping\196517, 290109_focusCurve.txt",".txt","859","2025-02-11 14:43","2026-05-17 11:19","Position Focus Measure ======== ============= 77790.20  131.733627 77793.60  153.313782 77797.60  185.520340 77801.60  2","-662196"
"C:\job\VCAM 2D+3D CTS\Setup1\Recipes\x10 + CTS x3.6 step5\DebugAFMapping\20117, 120009_focusCurve.txt",".txt","859","2025-02-11 14:43","2026-05-17 11:19","Position Focus Measure ======== ============= 77791.30  245.216690 77794.60  286.092072 77798.70  337.460632 77802.60  3","-662196"
"C:\job\VCAM 2D+3D CTS\Setup1\Recipes\x10 + CTS x3.6 step5\DebugAFMapping\20117, 189309_focusCurve.txt",".txt","858","2025-02-11 14:43","2026-05-17 11:19","Position Focus Measure ======== ============= 77797.20  264.378906 77801.50  315.086487 77805.50  366.384155 77809.50  4","-662196"
"C:\job\VCAM 2D+3D CTS\Setup1\Recipes\x10 + CTS x3.6 step5\DebugAFMapping\202817, 126309_focusCurve.txt",".txt","860","2025-02-11 14:43","2026-05-17 11:19","Position Focus Measure ======== ============= 77791.30  241.404068 77794.60  283.366974 77798.60  335.602295 77802.60  3","-662196"
"C:\job\VCAM 2D+3D CTS\Setup1\Recipes\x10 + CTS x3.6 step5\DebugAFMapping\202817, 183009_focusCurve.txt",".txt","859","2025-02-11 14:43","2026-05-17 11:19","Position Focus Measure ======== ============= 77793.40  246.615784 77796.80  289.562531 77800.70  342.489258 77804.80  3","-662196"
"C:\job\VCAM 2D+3D CTS\Setup1\Recipes\x10 + CTS x3.6 step5\DebugAFMapping\202817, 227109_focusCurve.txt",".txt","859","2025-02-11 14:43","2026-05-17 11:19","Position Focus Measure ======== ============= 77793.80  199.247925 77797.20  234.943832 77801.20  281.292877 77805.20  3","-662196"
"C:\job\VCAM 2D+3D CTS\Setup1\Recipes\x10 + CTS x3.6 step5\DebugAFMapping\202817, 258609_focusCurve.txt",".txt","859","2025-02-11 14:43","2026-05-17 11:19","Position Focus Measure ======== ============= 77795.40  172.732346 77798.80  202.965393 77802.80  245.530960 77806.80  2","-662196"
"C:\job\VCAM 2D+3D CTS\Setup1\Recipes\x10 + CTS x3.6 step5\DebugAFMapping\215417,  25509_focusCurve.txt",".txt","859","2025-02-11 14:43","2026-05-17 11:19","Position Focus Measure ======== ============= 77789.00  444.856750 77793.30  506.154663 77797.40  572.882507 77801.30  6","-662196"
"C:\job\VCAM 2D+3D CTS\Setup1\Recipes\x10 + CTS x3.6 step5\DebugAFMapping\215417,  94809_focusCurve.txt",".txt","859","2025-02-11 14:43","2026-05-17 11:19","Position Focus Measure ======== ============= 77794.70  342.445190 77799.00  401.364990 77803.00  455.599792 77806.90  5","-662196"
"C:\job\VCAM 2D+3D CTS\Setup1\Recipes\x10 + CTS x3.6 step5\DebugAFMapping\215417, 151509_focusCurve.txt",".txt","859","2025-02-11 14:43","2026-05-17 11:19","Position Focus Measure ======== ============= 77796.80  287.581024 77801.10  343.161591 77805.10  396.467255 77809.10  4","-662196"
"C:\job\VCAM 2D+3D CTS\Setup1\Recipes\x10 + CTS x3.6 step5\DebugAFMapping\215417, 283809_focusCurve.txt",".txt","859","2025-02-11 14:43","2026-05-17 11:19","Position Focus Measure ======== ============= 77796.50  175.596222 77800.70  214.374344 77804.70  258.816925 77808.70  3","-662196"
"C:\job\VCAM 2D+3D CTS\Setup1\Recipes\x10 + CTS x3.6 step5\DebugAFMapping\221717,  57009_focusCurve.txt",".txt","859","2025-02-11 14:43","2026-05-17 11:19","Position Focus Measure ======== ============= 77788.10  298.382324 77791.40  342.558502 77795.50  398.235474 77799.50  4","-662196"
"C:\job\VCAM 2D+3D CTS\Setup1\Recipes\x10 + CTS x3.6 step5\DebugAFMapping\228017,  31809_focusCurve.txt",".txt","859","2025-02-11 14:43","2026-05-17 11:19","Position Focus Measure ======== ============= 77784.10  347.416656 77787.40  392.169067 77791.30  448.994171 77795.40  5","-662196"
"C:\job\VCAM 2D+3D CTS\Setup1\Recipes\x10 + CTS x3.6 step5\DebugAFMapping\228017, 201909_focusCurve.txt",".txt","859","2025-02-11 14:43","2026-05-17 11:19","Position Focus Measure ======== ============= 77799.10  287.779419 77803.40  339.783569 77807.40  395.312073 77811.40  4","-662196"
"C:\job\VCAM 2D+3D CTS\Setup1\Recipes\x10 + CTS x3.6 step5\DebugAFMapping\228017, 246009_focusCurve.txt",".txt","859","2025-02-11 14:43","2026-05-17 11:19","Position Focus Measure ======== ============= 77800.30  274.936462 77804.60  326.929291 77808.60  380.364166 77812.70  4","-662196"
"C:\job\VCAM 2D+3D CTS\Setup1\Recipes\x10 + CTS x3.6 step5\DebugAFMapping\234317, 120009_focusCurve.txt",".txt","859","2025-02-11 14:43","2026-05-17 11:19","Position Focus Measure ======== ============= 77791.70  256.279358 77795.10  299.047974 77799.10  349.406891 77803.10  4","-662196"
"C:\job\VCAM 2D+3D CTS\Setup1\Recipes\x10 + CTS x3.6 step5\DebugAFMapping\234317, 271209_focusCurve.txt",".txt","859","2025-02-11 14:43","2026-05-17 11:19","Position Focus Measure ======== ============= 77793.50  154.790909 77796.80  181.656219 77800.80  220.317001 77804.80  2","-662196"
"C:\job\VCAM 2D+3D CTS\Setup1\Recipes\x10 + CTS x3.6 step5\DebugAFMapping\240617, 145209_focusCurve.txt",".txt","859","2025-02-11 14:43","2026-05-17 11:19","Position Focus Measure ======== ============= 77795.20  263.456848 77799.50  314.832886 77803.50  368.188751 77807.50  4","-662196"
"C:\job\VCAM 2D+3D CTS\Setup1\Recipes\x10 + CTS x3.6 step5\DebugAFMapping\240617, 176709_focusCurve.txt",".txt","859","2025-02-11 14:43","2026-05-17 11:19","Position Focus Measure ======== ============= 77792.60  325.785187 77796.00  370.522675 77800.00  425.916107 77804.00  4","-662196"
"C:\job\VCAM 2D+3D CTS\Setup1\Recipes\x10 + CTS x3.6 step5\DebugAFMapping\246917,  82209_focusCurve.txt",".txt","859","2025-02-11 14:43","2026-05-17 11:19","Position Focus Measure ======== ============= 77794.30  326.699249 77798.60  379.059906 77802.60  434.882050 77806.60  4","-662196"
"C:\job\VCAM 2D+3D CTS\Setup1\Recipes\x10 + CTS x3.6 step5\DebugAFMapping\253217,  50709_focusCurve.txt",".txt","859","2025-02-11 14:43","2026-05-17 11:19","Position Focus Measure ======== ============= 77785.30  295.654022 77789.50  347.269897 77793.60  405.135834 77797.60  4","-662196"
"C:\job\VCAM 2D+3D CTS\Setup1\Recipes\x10 + CTS x3.6 step5\DebugAFMapping\253217, 220809_focusCurve.txt",".txt","859","2025-02-11 14:43","2026-05-17 11:19","Position Focus Measure ======== ============= 77793.80  180.884659 77797.20  214.054443 77801.20  257.390656 77805.20  3","-662196"
"C:\job\VCAM 2D+3D CTS\Setup1\Recipes\x10 + CTS x3.6 step5\DebugAFMapping\253217, 258609_focusCurve.txt",".txt","859","2025-02-11 14:43","2026-05-17 11:19","Position Focus Measure ======== ============= 77797.70  204.392944 77802.00  249.493774 77806.00  296.396393 77810.00  3","-662196"
"C:\job\VCAM 2D+3D CTS\Setup1\Recipes\x10 + CTS x3.6 step5\DebugAFMapping\259517, 107409_focusCurve.txt",".txt","859","2025-02-11 14:43","2026-05-17 11:19","Position Focus Measure ======== ============= 77787.80  220.301025 77791.10  258.245209 77795.10  306.178650 77799.10  3","-662196"
"C:\job\VCAM 2D+3D CTS\Setup1\Recipes\x10 + CTS x3.6 step5\DebugAFMapping\26417, 101109_focusCurve.txt",".txt","859","2025-02-11 14:43","2026-05-17 11:19","Position Focus Measure ======== ============= 77793.40  301.468384 77797.60  355.636139 77801.70  407.317230 77805.60  4","-662196"
"C:\job\VCAM 2D+3D CTS\Setup1\Recipes\x10 + CTS x3.6 step5\DebugAFMapping\26417, 214509_focusCurve.txt",".txt","859","2025-02-11 14:43","2026-05-17 11:19","Position Focus Measure ======== ============= 77791.40  184.651825 77794.70  217.576706 77798.80  262.088989 77802.70  3","-662196"
"C:\job\VCAM 2D+3D CTS\Setup1\Recipes\x10 + CTS x3.6 step5\DebugAFMapping\265817,  63309_focusCurve.txt",".txt","859","2025-02-11 14:43","2026-05-17 11:19","Position Focus Measure ======== ============= 77779.40  195.685287 77782.80  232.182053 77786.80  278.909088 77790.80  3","-662196"
"C:\job\VCAM 2D+3D CTS\Setup1\Recipes\x10 + CTS x3.6 step5\DebugAFMapping\265817, 195609_focusCurve.txt",".txt","859","2025-02-11 14:43","2026-05-17 11:19","Position Focus Measure ======== ============= 77797.30  233.213531 77801.50  281.400391 77805.60  330.938354 77809.50  3","-662196"
"C:\job\VCAM 2D+3D CTS\Setup1\Recipes\x10 + CTS x3.6 step5\DebugAFMapping\265817, 239709_focusCurve.txt",".txt","859","2025-02-11 14:43","2026-05-17 11:19","Position Focus Measure ======== ============= 77792.90  174.346237 77796.20  205.627457 77800.20  247.470200 77804.20  2","-662196"
"C:\job\VCAM 2D+3D CTS\Setup1\Recipes\x10 + CTS x3.6 step5\DebugAFMapping\272117, 132609_focusCurve.txt",".txt","859","2025-02-11 14:43","2026-05-17 11:19","Position Focus Measure ======== ============= 77796.10  278.119385 77800.40  331.264252 77804.40  384.143372 77808.40  4","-662196"
"C:\job\VCAM 2D+3D CTS\Setup1\Recipes\x10 + CTS x3.6 step5\DebugAFMapping\272117, 164109_focusCurve.txt",".txt","859","2025-02-11 14:43","2026-05-17 11:19","Position Focus Measure ======== ============= 77791.70  203.008942 77795.10  239.391525 77799.10  287.108063 77803.10  3","-662196"
"C:\job\VCAM 2D+3D CTS\Setup1\Recipes\x10 + CTS x3.6 step5\DebugAFMapping\278417,  88509_focusCurve.txt",".txt","860","2025-02-11 14:43","2026-05-17 11:19","Position Focus Measure ======== ============= 77793.80  384.492920 77798.10  442.426819 77802.10  501.782684 77806.00  5","-662196"
"C:\job\VCAM 2D+3D CTS\Setup1\Recipes\x10 + CTS x3.6 step5\DebugAFMapping\278417, 220809_focusCurve.txt",".txt","859","2025-02-11 14:43","2026-05-17 11:19","Position Focus Measure ======== ============= 77797.90  235.683838 77802.20  284.272491 77806.20  335.588165 77810.20  3","-662196"
"C:\job\VCAM 2D+3D CTS\Setup1\Recipes\x10 + CTS x3.6 step5\DebugAFMapping\291017, 107409_focusCurve.txt",".txt","860","2025-02-11 14:43","2026-05-17 11:19","Position Focus Measure ======== ============= 77791.50  296.387573 77794.90  342.298065 77799.00  396.468872 77802.90  4","-662196"
"C:\job\VCAM 2D+3D CTS\Setup1\Recipes\x10 + CTS x3.6 step5\DebugAFMapping\291017, 201909_focusCurve.txt",".txt","859","2025-02-11 14:43","2026-05-17 11:19","Position Focus Measure ======== ============= 77793.60  201.912567 77796.90  237.318283 77801.00  285.569275 77804.90  3","-662196"
"C:\job\VCAM 2D+3D CTS\Setup1\Recipes\x10 + CTS x3.6 step5\DebugAFMapping\297317, 132609_focusCurve.txt",".txt","859","2025-02-11 14:43","2026-05-17 11:19","Position Focus Measure ======== ============= 77796.40  307.749664 77800.70  359.863159 77804.70  416.995941 77808.60  4","-662196"
"C:\job\VCAM 2D+3D CTS\Setup1\Recipes\x10 + CTS x3.6 step5\DebugAFMapping\297317, 151509_focusCurve.txt",".txt","859","2025-02-11 14:43","2026-05-17 11:19","Position Focus Measure ======== ============= 77791.90  219.863495 77795.20  258.472351 77799.20  307.357239 77803.20  3","-662196"
"C:\job\VCAM 2D+3D CTS\Setup1\Recipes\x10 + CTS x3.6 step5\DebugAFMapping\297317, 176709_focusCurve.txt",".txt","859","2025-02-11 14:43","2026-05-17 11:19","Position Focus Measure ======== ============= 77798.40  266.893036 77802.70  318.786499 77806.70  370.914703 77810.70  4","-662196"
"C:\job\VCAM 2D+3D CTS\Setup1\Recipes\x10 + CTS x3.6 step5\DebugAFMapping\39017,  75909_focusCurve.txt",".txt","859","2025-02-11 14:43","2026-05-17 11:19","Position Focus Measure ======== ============= 77789.10  283.040314 77792.40  323.569427 77796.40  375.660583 77800.40  4","-662196"
"C:\job\VCAM 2D+3D CTS\Setup1\Recipes\x10 + CTS x3.6 step5\DebugAFMapping\39017, 145209_focusCurve.txt",".txt","859","2025-02-11 14:43","2026-05-17 11:19","Position Focus Measure ======== ============= 77790.70  215.948257 77794.00  255.338867 77798.00  302.253754 77802.00  3","-662196"
"C:\job\VCAM 2D+3D CTS\Setup1\Recipes\x10 + CTS x3.6 step5\DebugAFMapping\39017, 176709_focusCurve.txt",".txt","858","2025-02-11 14:43","2026-05-17 11:19","Position Focus Measure ======== ============= 77797.00  268.050079 77801.30  320.267090 77805.30  369.326599 77809.30  4","-662196"
"C:\job\VCAM 2D+3D CTS\Setup1\Recipes\x10 + CTS x3.6 step5\DebugAFMapping\39017, 233409_focusCurve.txt",".txt","859","2025-02-11 14:43","2026-05-17 11:19","Position Focus Measure ======== ============= 77793.10  232.144089 77797.40  279.410217 77801.40  331.603607 77805.40  3","-662196"
"C:\job\VCAM 2D+3D CTS\Setup1\Recipes\x10 + CTS x3.6 step5\DebugAFMapping\45317, 113709_focusCurve.txt",".txt","859","2025-02-11 14:43","2026-05-17 11:19","Position Focus Measure ======== ============= 77795.60  306.128479 77799.90  358.757477 77803.90  410.706787 77807.90  4","-662196"
"C:\job\VCAM 2D+3D CTS\Setup1\Recipes\x10 + CTS x3.6 step5\DebugAFMapping\51617,  57009_focusCurve.txt",".txt","859","2025-02-11 14:43","2026-05-17 11:19","Position Focus Measure ======== ============= 77792.90  389.929688 77797.20  444.830475 77801.20  507.435608 77805.20  5","-662196"
"C:\job\VCAM 2D+3D CTS\Setup1\Recipes\x10 + CTS x3.6 step5\DebugAFMapping\51617, 201909_focusCurve.txt",".txt","859","2025-02-11 14:43","2026-05-17 11:19","Position Focus Measure ======== ============= 77794.40  204.338943 77797.80  241.034500 77801.70  286.777435 77805.70  3","-662196"
"C:\job\VCAM 2D+3D CTS\Setup1\Recipes\x10 + CTS x3.6 step5\DebugAFMapping\51617, 252309_focusCurve.txt",".txt","859","2025-02-11 14:43","2026-05-17 11:19","Position Focus Measure ======== ============= 77794.10  182.701050 77797.50  216.133026 77801.50  259.106689 77805.50  3","-662196"
"C:\job\VCAM 2D+3D CTS\Setup1\Recipes\x10 + CTS x3.6 step5\DebugAFMapping\57917,  88509_focusCurve.txt",".txt","859","2025-02-11 14:43","2026-05-17 11:19","Position Focus Measure ======== ============= 77790.20  265.802673 77793.60  308.804535 77797.60  358.766937 77801.60  4","-662196"
"C:\job\VCAM 2D+3D CTS\Setup1\Recipes\x10 + CTS x3.6 step5\DebugAFMapping\64217,  44409_focusCurve.txt",".txt","859","2025-02-11 14:43","2026-05-17 11:19","Position Focus Measure ======== ============= 77786.70  340.865631 77789.90  386.914825 77793.90  439.988678 77797.90  4","-662196"
"C:\job\VCAM 2D+3D CTS\Setup1\Recipes\x10 + CTS x3.6 step5\DebugAFMapping\64217, 227109_focusCurve.txt",".txt","859","2025-02-11 14:43","2026-05-17 11:19","Position Focus Measure ======== ============= 77798.60  241.851013 77802.90  290.412109 77806.90  340.077972 77811.00  3","-662196"
"C:\job\VCAM 2D+3D CTS\Setup1\Recipes\x10 + CTS x3.6 step5\DebugAFMapping\64217, 264909_focusCurve.txt",".txt","859","2025-02-11 14:43","2026-05-17 11:19","Position Focus Measure ======== ============= 77797.70  201.467850 77802.00  246.935638 77806.10  294.592834 77810.10  3","-662196"
"C:\job\VCAM 2D+3D CTS\Setup1\Recipes\x10 + CTS x3.6 step5\DebugAFMapping\70517, 132609_focusCurve.txt",".txt","859","2025-02-11 14:43","2026-05-17 11:19","Position Focus Measure ======== ============= 77797.50  321.701111 77801.70  376.346680 77805.80  429.005402 77809.70  4","-662196"
"C:\job\VCAM 2D+3D CTS\Setup1\Recipes\x10 + CTS x3.6 step5\DebugAFMapping\70517, 164109_focusCurve.txt",".txt","859","2025-02-11 14:43","2026-05-17 11:19","Position Focus Measure ======== ============= 77792.10  228.566452 77795.50  269.350769 77799.50  318.155792 77803.50  3","-662196"
"C:\job\VCAM 2D+3D CTS\Setup1\Recipes\x10 + CTS x3.6 step5\DebugAFMapping\76817, 189309_focusCurve.txt",".txt","859","2025-02-11 14:43","2026-05-17 11:19","Position Focus Measure ======== ============= 77798.70  273.852020 77803.00  328.018524 77807.10  379.098602 77811.10  4","-662196"
"C:\job\VCAM 2D+3D CTS\Setup1\Recipes\x10 + CTS x3.6 step5\DebugAFMapping\83117,  31809_focusCurve.txt",".txt","859","2025-02-11 14:43","2026-05-17 11:19","Position Focus Measure ======== ============= 77788.40  430.845245 77792.70  488.179871 77796.80  553.831116 77800.80  6","-662196"
"C:\job\VCAM 2D+3D CTS\Setup1\Recipes\x10 + CTS x3.6 step5\DebugAFMapping\83117,  63309_focusCurve.txt",".txt","859","2025-02-11 14:43","2026-05-17 11:19","Position Focus Measure ======== ============= 77795.60  379.845245 77799.80  439.805298 77803.80  497.752625 77807.80  5","-662196"
"C:\job\VCAM 2D+3D CTS\Setup1\Recipes\x10 + CTS x3.6 step5\DebugAFMapping\83117, 107409_focusCurve.txt",".txt","859","2025-02-11 14:43","2026-05-17 11:19","Position Focus Measure ======== ============= 77792.40  262.816559 77795.70  305.198334 77799.70  357.874695 77803.70  4","-662196"
"C:\job\VCAM 2D+3D CTS\Setup1\Recipes\x10 + CTS x3.6 step5\DebugAFMapping\83117, 277509_focusCurve.txt",".txt","859","2025-02-11 14:43","2026-05-17 11:19","Position Focus Measure ======== ============= 77790.80  148.102081 77794.10  173.578629 77798.10  210.914032 77802.10  2","-662196"
"C:\job\VCAM 2D+3D CTS\Setup1\Recipes\x10 + CTS x3.6 step5\DebugAFMapping\89417, 252309_focusCurve.txt",".txt","859","2025-02-11 14:43","2026-05-17 11:19","Position Focus Measure ======== ============= 77795.30  216.188049 77798.60  254.588348 77802.60  302.423920 77806.60  3","-662196"
"C:\job\VCAM 2D+3D CTS\Setup1\Recipes\x10 + CTS x3.6 step5\DebugAFMapping\95717, 151509_focusCurve.txt",".txt","859","2025-02-11 14:43","2026-05-17 11:19","Position Focus Measure ======== ============= 77797.90  309.589478 77802.20  366.113190 77806.20  420.068054 77810.20  4","-662197"
"C:\job\VCAM 2D+3D CTS\Setup1\Recipes\x10 + CTS x3.6 step5\DebugAFMapping\95717, 214509_focusCurve.txt",".txt","859","2025-02-11 14:43","2026-05-17 11:19","Position Focus Measure ======== ============= 77793.90  198.653625 77797.20  235.801559 77801.20  281.436218 77805.20  3","-662196"
"C:\job\VCAM 2D+3D CTS\Setup1\Recipes\x10 + CTS x3.6 step5\DebugAFMapping\FocusMappingDebug_x5.txt",".txt","13846","2025-02-11 14:43","2026-05-17 11:19","Id  ,   ,Match Score,AF Score,Final Score,     dZ, Range,Zchuck0, Zchuck, Zstage0,  Zstage, Wafer X, Wafer Y, Chuck X, C","-662196"
"C:\job\VCAM 2D+3D CTS\Setup1\Recipes\x10 + CTS x3.6 step5\FocusMapping\FocusMapping.ini",".ini","2293","2025-05-26 10:46","2026-05-17 11:19","[Mode] AutoFocusRange=100 CreateSurfaceScore=Good MinMatchModelScore=Adequate DurationOfOneSite=3 NumOfDiceToScan=100 Re","-512673"
"C:\job\VCAM 2D+3D CTS\Setup1\Recipes\x10 + CTS x3.6 step5\OpticLightMetadata\config.ini",".ini","292","2025-05-26 10:46","2026-05-17 11:19","[General] NominalDelta=0.000000000 Exist=0 targetPos_X=0.000000000 targetPos_Y=0.000000000 minY=0.000000000 minX=0.00000","-512673"
"C:\job\VCAM 2D+3D CTS\Setup1\Recipes\x10 + CTS x3.6 step5\ReferenceBackup\ZoomLevels.ini",".ini","256","2025-02-11 14:43","2026-05-17 11:19","[ZOOM_LEVELS] LEVEL_1=1 SaveCompressed=0 LEVEL_2=1 LEVEL_4=1 LEVEL_8=1 [LEVEL_1] SizeX=7335 SizeY=7336 [LEVEL_2] SizeX=3","-662197"
"C:\job\VCAM 2D+3D CTS\Setup1\Recipes\x10 + CTS x3.6 step5\SW_QA-4\OpticsPreset.ini",".ini","70","2025-02-11 14:43","2026-05-17 11:19","[Chuck] CenterX=158151.296875 CenterY=140564.40625 CenterZ=-389.4 ","-662197"
"C:\job\VCAM 2D+3D CTS\Setup1\Recipes\x10 + CTS x3.6 step5\TrainData\Die.ini",".ini","1073","2025-02-11 14:43","2026-05-17 11:19","[DIE] PixelSize_X=0.845859116707731 PixelSize_Y=0.845859116707731 FrameSizeX=2048 FrameSizeY=2048 Step_X=6297 Step_Y=630","-662197"
"C:\job\VCAM 2D+3D CTS\Setup1\Recipes\x10 + CTS x3.6 step5\TrainData\DieRefToTrain.txt",".txt","277","2025-02-11 14:43","2026-05-17 11:19","[DieRefToTrainImage] DR_2_TI_X=0.999999999376515 -3.53124626317751E-05 1134.75266283769 DR_2_TI_Y=3.53124626317751E-05 0","-662196"
"C:\job\VCAM 2D+3D CTS\Setup1\Recipes\x10 + CTS x3.6 step5\TrainData\FrameToChuck.ini",".ini","160","2025-02-11 14:43","2026-05-17 11:19","[FrameToChuck] F2C_X=          0.8458590932         0.0001993104      -866.3638053490 F2C_Y=         -0.0001993104      ","-662196"
"C:\job\VCAM 2D+3D CTS\Setup1\Recipes\x10 + CTS x3.6 step5\TrainData\DieImage\DieImageToTable.ini",".ini","281","2025-02-11 14:43","2026-05-17 11:19","[DieImageToTable] I2T_X=0.84585909913671 -0.000172410025007827 -882.777778209207 I2T_Y=0.000172410025007827 0.8458590991","-662197"
"C:\job\VCAM 2D+3D CTS\Setup1\Recipes\x10 + CTS x3.6 step5\TrainData\DieImage\ZoomLevels.ini",".ini","267","2025-02-11 14:43","2026-05-17 11:19","[ZOOM_LEVELS] LEVEL_1=1 SaveCompressed=0 LEVEL_2=1 LEVEL_4=1 LEVEL_8=1 LEVEL_16=1 [LEVEL_1] SizeX=16283 SizeY=16283 [LEV","-662197"
"C:\job\VCAM 2D+3D CTS\Setup1\Recipes\x10 + CTS x3.6 step5\WaferAlignData\Alignment_PatFindRtp.txt",".txt","485","2025-05-26 10:46","2026-05-17 11:19"," [10:46:35 05/26/25] Minimum Score           :  85    Minimum Start        :  90    Reduce Delta         :  10 Minimum T","-512673"
"C:\job\VCAM 2D+3D CTS\Setup1\Recipes\x10 + CTS x3.6 step5\WaferAlignData\Alignment_PatRes.txt",".txt","1429","2025-05-26 10:46","2026-05-17 11:19"," [10:46:35 05/26/25] ==========================================================================================  #    Co","-512673"
"C:\job\VCAM 2D+3D CTS\Setup1\Recipes\x10 + CTS x3.6 step5\WaferAlignData\Alignment_Stat.txt",".txt","1410","2025-05-26 10:46","2026-05-17 11:19","  [10:46:35 05/26/25] ==================================================================================================","-512673"
"C:\job\VCAM 2D+3D CTS\Setup1\Recipes\x10 + CTS x3.6 step5\WaferAlignData\AlignmentData.ini",".ini","31","2025-05-26 10:46","2026-05-17 11:19","[General] AlignmentTime=4290 ","-512673"
"C:\job\VCAM 2D+3D CTS\Setup1\Recipes\x10 + CTS x3.6 step5\WaferAlignData\AlignmentStatisticsTime.txt",".txt","165","2025-05-26 10:46","2026-05-17 11:19","Alignment Statistics Grabbing Counter=8 Total=938 Average=117.250000 Moving Counter=8 Total=1063 Average=132.875000 Movi","-512673"
"C:\job\VCAM 2D+3D CTS\Setup1\Recipes\x10 + CTS x3.6 step5\Zones\bumps.ini",".ini","10689","2025-02-19 16:09","2026-05-17 11:19","[General] ZoneName=bumps ZoneID=1 TypeName=Global Bump AutoTH=0 AutoProbe=0 [GeoMetrology] Enable=1 AlgorithmName=GeoMet","-650590"
"C:\job\VCAM 2D+3D CTS\Setup1\Recipes\x10 + CTS x3.6 step5\Zones\PostProcess.ini",".ini","1984","2025-02-19 16:09","2026-05-17 11:19","[General] ZoneName=PostProcess ZoneID=255 TypeName=PostProcess AutoTH=0 AutoProbe=0 [Volume] Enable=0 AlgorithmName=Volu","-650590"
"C:\job\VCAM 2D+3D CTS\Setup1\Recipes\x10 + CTS x3.6 step5\Zones\Scan Area.ini",".ini","5694","2025-02-19 16:09","2026-05-17 11:19","[General] ZoneName=Scan Area ZoneID=63 TypeName=Surface AutoTH=0 AutoProbe=0 [Surface] Enable=1 AlgorithmName=Surface Cl","-650590"
"C:\job\VCAM AF before alignment\Metadata.ini",".ini","106","2025-03-13 10:03","2026-05-17 11:19","[General] name=VCAM AF before alignment Id=c684e0e6-6fae-47a4-8729-9704527d33f1 Version=1 JobTag=TPT ","-619277"
"C:\job\VCAM AF before alignment\VcamInstallerGuid.txt",".txt","36","2025-03-18 12:04","2026-05-17 11:19","a768aa22-3050-46d9-b4fc-0521e28c1ac6","-611955"
"C:\job\VCAM AF before alignment\.audit\manifest.json",".json","417","2026-05-17 11:20","2026-05-17 11:20","{   ""jobName"": ""VCAM AF before alignment"",   ""auditDbVersion"": ""1"",   ""created"": {     ""machine"": ""AMITA1"",     ""at"": ""2","0"
"C:\job\VCAM AF before alignment\300mm\CurrWaferSurfaceInterpolation.ini",".ini","1056","2024-07-24 14:54","2026-05-17 11:19","ThinPlate 70 -2985.53158162668 4620.29587159006 769.022415996374 89.3757148933315 66312.5962792982 4308.8259223112 765.5","-953065"
"C:\job\VCAM AF before alignment\300mm\CurrWaferSurfaceInterpolation.md",".md","29","2024-07-24 14:53","2026-05-17 11:19","[General] IsInChuckSpace=1 ","-953066"
"C:\job\VCAM AF before alignment\300mm\DefaultWafer2Table.ini",".ini","1110","2023-11-22 13:25","2026-05-17 11:19","[WAFER ALIGNMENT] Wafer2Table_X=          0.9999904396         0.0014199935    159665.1899956530 Wafer2Table_Y=         ","-1305954"
"C:\job\VCAM AF before alignment\300mm\DefectsClustering.ini",".ini","236","2022-01-19 17:44","2026-05-17 11:19","[General] Enabled=0 ClusteringAfterMerge=0 Distance=0 SelectedFirstSortingList=Priority SelectedSecondSortingList=Area S","-2273375"
"C:\job\VCAM AF before alignment\300mm\DieAlignment.dat_block.ini",".ini","116","2025-03-18 11:14","2026-05-17 11:19","[General] IsMultiIndex=0 DieCount=1 [Die_0] Row=0 Col=0 PosX=0.000 PosY=0.000 SizeX=892.000 SizeY=892.000 ","-612006"
"C:\job\VCAM AF before alignment\300mm\Metadata.ini",".ini","101","2023-11-22 13:55","2026-05-17 11:19","[General] name=300mm Id=b6dd9dc7-1943-4353-b9ca-f9cfc784a93a Version=1 LastActiveRecipe=Default ","-1305924"
"C:\job\VCAM AF before alignment\300mm\MultiLightChannels.ini",".ini","88","2023-11-22 13:58","2026-05-17 11:19","[General] IsActive=0 DoGrabAfterMerge=0 DoSeparateRecipe=0 MasterRecipe= Recipes= ","-1305921"
"C:\job\VCAM AF before alignment\300mm\MultiRecipe.ini",".ini","344","2023-11-22 13:58","2026-05-17 11:19","[Scan] MergingThreadCount=0 doSeparateRecipe=0 DoGrabAfterMerge=0 Recipes= SamplingCount=0 SamplingYield=0 RecipesPos= R","-1305921"
"C:\job\VCAM AF before alignment\300mm\ProductionInfo.ini",".ini","195","2025-01-13 08:55","2026-05-17 11:19","[SECSGEM] UserData= PredefinedLotId=57 PredefinedWaferId= [General] WaferDefectsCount=0 WaferDefectDiceRatio=0.000 Wafer","-704305"
"C:\job\VCAM AF before alignment\300mm\ScanCondition.ini",".ini","23","2023-11-22 13:43","2026-05-17 11:19","[General] IsActive=0 ","-1305936"
"C:\job\VCAM AF before alignment\300mm\Wafer2Table.ini",".ini","1140","2025-03-18 11:13","2026-05-17 11:19","[WAFER ALIGNMENT] Wafer2Table_X=          1.0000171526         0.0020543925    159913.3480936581 Wafer2Table_Y=         ","-612006"
"C:\job\VCAM AF before alignment\300mm\WaferMapRecipe.ini",".ini","833","2025-01-01 10:34","2026-05-17 11:19","[GENERAL] SettingsPolicy=0 FiducialBin=-1 [Input_Update] Enable=0 FileMask= ImportDirectory= UpdateDirectory= AutoMatchE","-721485"
"C:\job\VCAM AF before alignment\300mm\Recipes\Default\Alignment.ini",".ini","53","2025-03-13 10:04","2026-05-17 11:19","[WAFER ALIGNMENT] CoarseAlignDone=1 Rotate  w2t=0 ","-619275"
"C:\job\VCAM AF before alignment\300mm\Recipes\Default\AlignmentData.ini",".ini","836","2024-02-04 17:12","2026-05-17 11:19","[General] MinScore=85 MinTargetScore=0 IsAffineEnabled=1 AlignPointsNum=8 ForceToGMF=0 [Point_0] X=158422.872748811 Y=15","-1199167"
"C:\job\VCAM AF before alignment\300mm\Recipes\Default\AlignRtp.ini",".ini","2896","2025-03-18 11:13","2026-05-17 11:19","[GENERAL] AliasDelta_%=25 RegModelFileName=DieMapRegPos.dat RotateModel=1 SeparateDice=1 _01_GENERAL=0 UseRegReference=1","-612006"
"C:\job\VCAM AF before alignment\300mm\Recipes\Default\AQL.ini",".ini","481","2025-02-16 16:56","2026-05-17 11:19","[General] ckWaferAql2=0 optRandom-1=False optRandom-0=False ckWaferAql=0 fpRandomDice=1.0 fpWaferYield-2=1.0 optWafersSe","-654864"
"C:\job\VCAM AF before alignment\300mm\Recipes\Default\CcsLocalMeas.ini",".ini","153","2022-01-19 17:34","2026-05-17 11:19","[ScanParams] MarginX=0 MarginY=0 ScanStepX=0 ScanStepY=0 ScanDefects_Enabled=0 ScanDefects_SizeX=0 ScanDefects_SizeY=0 [","-2273386"
"C:\job\VCAM AF before alignment\300mm\Recipes\Default\CleanReferenceFinalParams.ini",".ini","950","2023-09-19 22:38","2026-05-17 11:19","[General] Version=2 [CleanRefParams] SizeX=2048 SizeY=2048 minCriteria=-2 maxCriteria=-1 minCreateMul=2 maxCreateMul=2 m","-1397562"
"C:\job\VCAM AF before alignment\300mm\Recipes\Default\CreateReference3dOptions.ini",".ini","307","2022-01-19 17:34","2026-05-17 11:19","[General] Version=0 Debug=0 [Registration] ReferenceRegBy=0 BigBlockRowsNumber=1000 YPartitionsNumber=3 MaxErrorPix=5 PS","-2273386"
"C:\job\VCAM AF before alignment\300mm\Recipes\Default\DefaultWafer2Table.ini",".ini","870","2023-05-23 20:05","2026-05-17 11:19","[WAFER ALIGNMENT] Wafer2Table_X=          0.9999898293        -0.0050323594   -156726.3103710526 Wafer2Table_Y=         ","-1569075"
"C:\job\VCAM AF before alignment\300mm\Recipes\Default\DieAlignment.dat_block.ini",".ini","118","2022-06-30 11:46","2026-05-17 11:19","[General] IsMultiIndex=0 DieCount=1 [Die_0] Row=0 Col=0 PosX=0.000 PosY=0.000 SizeX=2546.000 SizeY=2546.000 ","-2040453"
"C:\job\VCAM AF before alignment\300mm\Recipes\Default\DieMapAlignRes.dat_block.ini",".ini","118","2022-01-19 17:37","2026-05-17 11:19","[General] IsMultiIndex=0 DieCount=1 [Die_0] Row=0 Col=0 PosX=0.000 PosY=0.000 SizeX=2546.000 SizeY=2546.000 ","-2273383"
"C:\job\VCAM AF before alignment\300mm\Recipes\Default\DieRegPos.txt",".txt","350","2023-03-20 19:41","2026-05-17 11:19","ScaleX =    1.0000000000; ScaleY =    1.0000000000   RefID       X        Y  Zone Count      Shape Data       1     67.0","-1661259"
"C:\job\VCAM AF before alignment\300mm\Recipes\Default\ExternalCoordSystems.ini",".ini","33","2022-01-19 17:34","2026-05-17 11:19","[ExternalCoordSystems] Count=0 ","-2273385"
"C:\job\VCAM AF before alignment\300mm\Recipes\Default\GlobalRTP.ini",".ini","2798","2023-03-20 19:41","2026-05-17 11:19","[GLOBAL_RTP] AdaptiveGpuEnabled=1 AdaptiveHistogram=0 AdaptiveHistogramByDieSegments=1 AdaptiveHistogramMinPixelCount=32","-1661258"
"C:\job\VCAM AF before alignment\300mm\Recipes\Default\ImageProcessing.log",".log","37","2022-01-19 17:36","2026-05-17 11:19","_previouseAlignmentDataExists = 0 ","-2273383"
"C:\job\VCAM AF before alignment\300mm\Recipes\Default\JobIllumLimits.ini",".ini","85","2025-02-19 12:50","2026-05-17 11:19","[SW_QA-4] IllumCalibDate=2024-08-14 16:35:32 ForcedSkipToDate=2025-03-21 12:50:35 ","-650789"
"C:\job\VCAM AF before alignment\300mm\Recipes\Default\Metadata.ini",".ini","152","2022-10-26 10:32","2026-05-17 11:19","[General] name=Default Id=c2aa98c2-d5a6-46a0-940a-53eaea7b9c0f Version=0 [GeneralOnlineVerificationParams] UseSetGrabFor","-1870607"
"C:\job\VCAM AF before alignment\300mm\Recipes\Default\OpticPreset.ini",".ini","4892","2025-03-18 11:13","2026-05-17 11:19","[General] Signature=1 ScanDeltaZ=0 [Scan2d] Id=02d5fdc5-872a-44bd-b409-4adcb3662da7 FocusPosAboveChuck=859.176640325084 ","-612006"
"C:\job\VCAM AF before alignment\300mm\Recipes\Default\OpticToVCamStorage.json",".json","550","2025-03-18 11:14","2026-05-17 11:19","[   {     ""OpticId"": ""02d5fdc5-872a-44bd-b409-4adcb3662da7"",     ""Scenario"": ""Scan"",     ""IsAutoFocus"": false,     ""Stor","-612006"
"C:\job\VCAM AF before alignment\300mm\Recipes\Default\Params_AlignRTP.ini",".ini","2558","2022-01-19 17:36","2026-05-17 11:19","[306a7e84-3bae-4443-bedf-ea9321f61841] 306a7e84-3bae-4443-bedf-ea9321f61841_EngineDescription=No Operation 306a7e84-3bae","-2273383"
"C:\job\VCAM AF before alignment\300mm\Recipes\Default\Params_SystemInfo.ini",".ini","2191","2022-01-19 17:36","2026-05-17 11:19","[SystemParams] ActivateAlgorithms=1 ActivateFrameTracing=0 ApplyDistortion=-1 ApplyGainOffset=-1 CCS_InScanScenario=0 CC","-2273383"
"C:\job\VCAM AF before alignment\300mm\Recipes\Default\Params_WaferInfo.ini",".ini","1345","2022-01-19 17:36","2026-05-17 11:19","[General] AlignStripDelay=-1 BinArrayPath=c:\bis\data\dds BumpResBufferSize=0 CollectSpcData=0 DieAlignResReport=0 DieAl","-2273383"
"C:\job\VCAM AF before alignment\300mm\Recipes\Default\ProductInfo.ini",".ini","3313","2025-03-18 11:13","2026-05-17 11:19","[General] GainOffsetMode=0 ExportFlatPos=0 Reference_EdgeUncert=0 Overlap2d_X_um=0.000 Overlap2d_Y_um=0.000 Overlap3d_X_","-612006"
"C:\job\VCAM AF before alignment\300mm\Recipes\Default\Recipe.ini",".ini","3634","2025-03-13 10:03","2026-05-17 11:19","[AutoCycle] AutoFocusEvery=1 ; None CleanReferenceEvery=1 ; None UnloadToAnotherCassette=0 ; Move wafers from Loadport A","-619276"
"C:\job\VCAM AF before alignment\300mm\Recipes\Default\RecipeScanRestriction.ini",".ini","76","2024-06-24 15:24","2026-05-17 11:19","[GPU] JobHash=995446528 MachineHash=-38174593 MaxGpuMemoryConsumption=0 ","-996236"
"C:\job\VCAM AF before alignment\300mm\Recipes\Default\RTP.txt",".txt","5057","2023-05-23 20:04","2026-05-17 11:19","[PostProcess]   ; Zone name Alg = Warp_Direction_Calculation Inner_Radius_[Microns] = 1 ;  ( Radius of the inner circle,","-1569075"
"C:\job\VCAM AF before alignment\300mm\Recipes\Default\ScanOverlapLog.txt",".txt","450","2025-03-18 11:13","2026-05-17 11:19","Scan 2d Overlap [px], [um]; Pixel size = 6.982, 6.98 Minimum             :    32,   32,  223,  223 Detection           :","-612006"
"C:\job\VCAM AF before alignment\300mm\Recipes\Default\ScenarioMetadataGrab.xml",".xml","2726","2024-10-27 18:16","2026-05-17 11:19","<MultiOpticsScenarioGrabConfiguration VersionNumber=""2.0"">   <ScenarioGrab Id=""90ba56c2-6d11-483a-9555-aeb6035285a2"" Nam","-816063"
"C:\job\VCAM AF before alignment\300mm\Recipes\Default\ScenariosMetadatas.ini",".ini","1341","2025-02-03 09:47","2026-05-17 11:19","[General] Version=1 [Scan2d] Id=111e16c5-5b1c-494e-8bba-36bb6471c9f1 OpticsId=02d5fdc5-872a-44bd-b409-4adcb3662da7 Refer","-674013"
"C:\job\VCAM AF before alignment\300mm\Recipes\Default\SitesInWafer.xml",".xml","161","2023-01-17 09:34","2026-05-17 11:19","<SitesInWaferConfigurations VersionNumber=""0.0"">   <SitesInWafer Id=""d0ccaafd-f852-fdfc-e190-1e4602387b19"" Name=""SitesIn","-1751145"
"C:\job\VCAM AF before alignment\300mm\Recipes\Default\UniqueArea.ini",".ini","369","2023-01-18 10:19","2026-05-17 11:19","[General] Count=0 UseGMF=0 TryAllModels=0 MinTargetScore=0 Mag=3.500 PixelSizeX=2.437 PixelSizeY=2.437 IsBlockLevel=0 Us","-1749661"
"C:\job\VCAM AF before alignment\300mm\Recipes\Default\Wafer2Table.ini",".ini","1124","2025-03-18 11:14","2026-05-17 11:19","[WAFER ALIGNMENT] Wafer2Table_X=          1.0000211445        -0.0007898224   -159400.7817014989 Wafer2Table_Y=         ","-612006"
"C:\job\VCAM AF before alignment\300mm\Recipes\Default\WaferDataReadSettings.xml",".xml","195","2022-01-19 17:34","2026-05-17 11:19","<?xml version=""1.0""?> <WaferDataReadSettings xmlns:xsi=""http://www.w3.org/2001/XMLSchema-instance"" xmlns:xsd=""http://www","-2273386"
"C:\job\VCAM AF before alignment\300mm\Recipes\Default\Waferinfo.ini",".ini","565","2025-03-18 11:13","2026-05-17 11:19","[Robot] SideUp=1 Rotation=0 UnloadRotation=0 [General] hd_robot=False LimitNumberOfInkedDice=0 hd_cmm=False key_minarea=","-612006"
"C:\job\VCAM AF before alignment\300mm\Recipes\Default\WaferMapRecipe.ini",".ini","771","2022-11-08 16:36","2026-05-17 11:19","[GENERAL] SettingsPolicy=0 FiducialBin=-1 MappingCorner=3 [Input_Update] Enable=0 FileMask= ImportDirectory= UpdateDirec","-1851523"
"C:\job\VCAM AF before alignment\300mm\Recipes\Default\WaferToRefWafer.ini",".ini","171","2023-11-22 13:25","2026-05-17 11:19","[WaferToRefWafer] RW_2_SW_X=          0.9999981489        -0.0028441623   -318659.6087380454 RW_2_SW_Y=          0.00284","-1305954"
"C:\job\VCAM AF before alignment\300mm\Recipes\Default\WLUP.txt",".txt","553","2023-01-18 10:18","2026-05-17 11:19","[WAFER ALIGNMENT] Wafer2Table_X=          1.0000000000         0.0000000000   -157197.1878067771 Wafer2Table_Y=         ","-1749661"
"C:\job\VCAM AF before alignment\300mm\Recipes\Default\zones.ini",".ini","208","2024-02-04 17:14","2026-05-17 11:19","[General] Version=11 [ALGName] 255=PostProcess 0=Scan Area [ALG] 255=PostProcess 0=Surface [BinCodes] 255=-1 0=-1 [Color","-1199165"
"C:\job\VCAM AF before alignment\300mm\Recipes\Default\zones.txt",".txt","170","2024-02-04 17:14","2026-05-17 11:19","ScaleX =    1.0000000000; ScaleY =    1.0000000000   RefID       X        Y  Zone Count      Shape Data       1    445.5","-1199165"
"C:\job\VCAM AF before alignment\300mm\Recipes\Default\ZoomLevels.ini",".ini","116","2024-02-04 17:12","2026-05-17 11:19","[ZOOM_LEVELS] LEVEL_1=1 SaveCompressed=0 [LEVEL_1] SizeX=891 SizeY=891 [DIE] Step_X=902.126 Step_Y=902.098 ","-1199167"
"C:\job\VCAM AF before alignment\300mm\Recipes\Default\.dc_cache\TransactionsHistory.ini",".ini","366","2022-10-26 10:32","2026-05-17 11:19","[DeprecatedInV0] Namespace.RuntimeEntities.RecipePartsCollection_Runtime|RecipePartsCollection|CleanReferenceParams=1 Na","-1870607"
"C:\job\VCAM AF before alignment\300mm\Recipes\Default\CTSOpticSetup\SetupSummary.xml",".xml","84","2022-09-18 16:06","2026-05-17 11:19","<?xml version=""1.0"" encoding=""utf-8""?><Setup Exists=""False"" Score=""0"" Mode=""None"" />","-1924993"
"C:\job\VCAM AF before alignment\300mm\Recipes\Default\DebugAFMapping\FocusMappingDebug_Default.txt",".txt","2201","2024-07-24 14:54","2026-05-17 11:19","Id  ,   ,Match Score,AF Score,Final Score,     dZ, Range,Zchuck0, Zchuck, Zstage0,  Zstage, Wafer X, Wafer Y, Chuck X, C","-953065"
"C:\job\VCAM AF before alignment\300mm\Recipes\Default\FocusMapping\FocusMapping.ini",".ini","2323","2025-02-03 09:47","2026-05-17 11:19","[Mode] AutoFocusRange=100 CreateSurfaceScore=Good MinMatchModelScore=Good DurationOfOneSite=3 NumOfDiceToScan=15 Resolut","-674012"
"C:\job\VCAM AF before alignment\300mm\Recipes\Default\FocusMapping\FocusPointsForScan.xml",".xml","2702","2025-02-03 09:47","2026-05-17 11:19","<FocusPointsCollection VersionNumber=""0.0"" FocusPointsCount=""15"" ModelsStamp=""0-79300221385040C30369B30413DC0858"">   <Fo","-674012"
"C:\job\VCAM AF before alignment\300mm\Recipes\Default\FocusMapping\Model_0b13d265-66d3-4d27-b637-5b0119430881\FocusModel.ini",".ini","277","2024-07-24 14:53","2026-05-17 11:19","[General] Offset=0 ModelIndex=0 Enabled=1 DisplayName=Model0 Id=e43e09ff-411c-4ca6-8dc6-50ca7ab8cea0 Version=1 ModelType","-953066"
"C:\job\VCAM AF before alignment\300mm\Recipes\Default\OpticLightMetadata\config.ini",".ini","285","2025-03-18 11:13","2026-05-17 11:19","[General] NominalDelta=0.000000000 Exist=0 targetPos_X=0.000000000 targetPos_Y=0.000000000 minY=0.000000000 minX=0.00000","-612006"
"C:\job\VCAM AF before alignment\300mm\Recipes\Default\ReferenceBackup\ZoomLevels.ini",".ini","116","2024-02-04 17:12","2026-05-17 11:19","[ZOOM_LEVELS] LEVEL_1=1 SaveCompressed=0 [LEVEL_1] SizeX=891 SizeY=891 [DIE] Step_X=902.126 Step_Y=902.098 ","-1199167"
"C:\job\VCAM AF before alignment\300mm\Recipes\Default\SW_QA-4\OpticsPreset.ini",".ini","107","2023-03-20 19:39","2026-05-17 11:19","[RobotSetup] Name=106463_Bare_12.cfg [Chuck] CenterX=158610.875 CenterY=138176.140625 CenterZ=-419.6 ","-1661260"
"C:\job\VCAM AF before alignment\300mm\Recipes\Default\TrainData\Die.ini",".ini","1133","2024-02-04 17:12","2026-05-17 11:19","[DIE] PixelSize_X=6.98339098387675 PixelSize_Y=6.98339098387675 FrameSizeX=2048 FrameSizeY=2048 Step_X=6297 Step_Y=6299 ","-1199167"
"C:\job\VCAM AF before alignment\300mm\Recipes\Default\TrainData\DieRefToTrain.txt",".txt","278","2024-02-04 17:12","2026-05-17 11:19","[DieRefToTrainImage] DR_2_TI_X=0.999999999835748 1.81246894195261E-05 901.827877162752 DR_2_TI_Y=-1.81246894195261E-05 0","-1199167"
"C:\job\VCAM AF before alignment\300mm\Recipes\Default\TrainData\FrameToChuck.ini",".ini","160","2023-03-20 19:39","2026-05-17 11:19","[FrameToChuck] F2C_X=          6.9833907094         0.0019579471     -7152.9970242317 F2C_Y=         -0.0019579471      ","-1661261"
"C:\job\VCAM AF before alignment\300mm\Recipes\Default\TrainData\ZonesVectorInfo.csv",".csv","46","2024-02-04 17:14","2026-05-17 11:19","ID,zone,X,Y,SizeX,SizeY,ShapeType,Angle,Is3d ","-1199165"
"C:\job\VCAM AF before alignment\300mm\Recipes\Default\TrainData\DieImage\DieImageToTable.ini",".ini","225","2023-03-20 19:39","2026-05-17 11:19","[DieImageToTable] I2T_X=6.98339098387675 0 -5760.15833277412 I2T_Y=0 6.98339098387675 -7394.50840883906 I2T_Theta=0 I2T_","-1661260"
"C:\job\VCAM AF before alignment\300mm\Recipes\Default\TrainData\DieImage\ZoomLevels.ini",".ini","213","2023-03-20 19:39","2026-05-17 11:19","[ZOOM_LEVELS] LEVEL_1=1 SaveCompressed=0 LEVEL_2=1 LEVEL_4=1 LEVEL_8=0 [LEVEL_1] SizeX=2961 SizeY=2962 [LEVEL_2] SizeX=1","-1661260"
"C:\job\VCAM AF before alignment\300mm\Recipes\Default\WaferAlignData\Alignment_PatFindRtp.txt",".txt","485","2025-03-18 11:13","2026-05-17 11:19"," [11:13:45 03/18/25] Minimum Score           :  85    Minimum Start        :  90    Reduce Delta         :  10 Minimum T","-612006"
"C:\job\VCAM AF before alignment\300mm\Recipes\Default\WaferAlignData\Alignment_PatRes.txt",".txt","1849","2025-03-18 11:13","2026-05-17 11:19"," [11:13:45 03/18/25] ==========================================================================================  #    Co","-612006"
"C:\job\VCAM AF before alignment\300mm\Recipes\Default\WaferAlignData\Alignment_Stat.txt",".txt","1410","2025-03-18 11:13","2026-05-17 11:19","  [11:13:45 03/18/25] ==================================================================================================","-612006"
"C:\job\VCAM AF before alignment\300mm\Recipes\Default\WaferAlignData\AlignmentData.ini",".ini","31","2025-03-18 11:13","2026-05-17 11:19","[General] AlignmentTime=9564 ","-612006"
"C:\job\VCAM AF before alignment\300mm\Recipes\Default\WaferAlignData\AlignmentStatisticsTime.txt",".txt","169","2025-03-18 11:13","2026-05-17 11:19","Alignment Statistics Grabbing Counter=11 Total=2986 Average=271.454559 Moving Counter=11 Total=4327 Average=393.363647 M","-612006"
"C:\job\VCAM AF before alignment\300mm\Recipes\Default\Zones\PostProcess.ini",".ini","2190","2025-02-27 12:49","2026-05-17 11:19","[General] ZoneName=PostProcess ZoneID=255 TypeName=PostProcess AutoTH=0 AutoProbe=0 [Warp Direction Calculation] Enable=","-639270"
"C:\job\VCAM AF before alignment\300mm\Recipes\Default\Zones\Scan Area.ini",".ini","5673","2025-02-27 12:49","2026-05-17 11:19","[General] ZoneName=Scan Area ZoneID=63 TypeName=Surface AutoTH=0 AutoProbe=0 [Surface] Enable=1 AlgorithmName=Surface Cl","-639270"
"C:\job\VCAM AF before alignment\300mm\Recipes\Diff\Alignment.ini",".ini","53","2023-11-09 20:49","2026-05-17 11:19","[WAFER ALIGNMENT] CoarseAlignDone=1 Rotate  w2t=0 ","-1324230"
"C:\job\VCAM AF before alignment\300mm\Recipes\Diff\AlignmentData.ini",".ini","836","2023-11-22 13:25","2026-05-17 11:19","[General] MinScore=42 MinTargetScore=0 IsAffineEnabled=1 AlignPointsNum=8 ForceToGMF=0 [Point_0] X=159766.592269533 Y=15","-1305955"
"C:\job\VCAM AF before alignment\300mm\Recipes\Diff\AlignRtp.ini",".ini","2738","2023-11-22 13:26","2026-05-17 11:19","[GENERAL] AliasDelta_%=25 RegModelFileName=DieMapRegPos.dat RotateModel=1 SeparateDice=1 _01_GENERAL=0 [DICE_TRACKER] DT","-1305954"
"C:\job\VCAM AF before alignment\300mm\Recipes\Diff\AQL.ini",".ini","527","2023-10-12 20:33","2026-05-17 11:19","[General] ckWaferAql2=0 optRandom-1=False optRandom-0=False ckWaferAql=0 fpRandomDice=1.0 fpWaferYield-2=1.0 optWafersSe","-1364566"
"C:\job\VCAM AF before alignment\300mm\Recipes\Diff\CcsLocalMeas.ini",".ini","153","2022-01-19 17:34","2026-05-17 11:19","[ScanParams] MarginX=0 MarginY=0 ScanStepX=0 ScanStepY=0 ScanDefects_Enabled=0 ScanDefects_SizeX=0 ScanDefects_SizeY=0 [","-2273386"
"C:\job\VCAM AF before alignment\300mm\Recipes\Diff\CleanReferenceFinalParams.ini",".ini","950","2023-09-19 22:38","2026-05-17 11:19","[General] Version=2 [CleanRefParams] SizeX=2048 SizeY=2048 minCriteria=-2 maxCriteria=-1 minCreateMul=2 maxCreateMul=2 m","-1397562"
"C:\job\VCAM AF before alignment\300mm\Recipes\Diff\CreateReference3dOptions.ini",".ini","307","2022-01-19 17:34","2026-05-17 11:19","[General] Version=0 Debug=0 [Registration] ReferenceRegBy=0 BigBlockRowsNumber=1000 YPartitionsNumber=3 MaxErrorPix=5 PS","-2273386"
"C:\job\VCAM AF before alignment\300mm\Recipes\Diff\DefaultWafer2Table.ini",".ini","1094","2023-11-22 13:23","2026-05-17 11:19","[WAFER ALIGNMENT] Wafer2Table_X=          0.9999947638        -0.0014265577   -157334.1496261639 Wafer2Table_Y=         ","-1305956"
"C:\job\VCAM AF before alignment\300mm\Recipes\Diff\DieAlignment.dat_block.ini",".ini","118","2022-06-30 11:46","2026-05-17 11:19","[General] IsMultiIndex=0 DieCount=1 [Die_0] Row=0 Col=0 PosX=0.000 PosY=0.000 SizeX=2546.000 SizeY=2546.000 ","-2040453"
"C:\job\VCAM AF before alignment\300mm\Recipes\Diff\DieMapAlignRes.dat_block.ini",".ini","118","2022-01-19 17:37","2026-05-17 11:19","[General] IsMultiIndex=0 DieCount=1 [Die_0] Row=0 Col=0 PosX=0.000 PosY=0.000 SizeX=2546.000 SizeY=2546.000 ","-2273383"
"C:\job\VCAM AF before alignment\300mm\Recipes\Diff\DieRegPos.txt",".txt","350","2023-03-20 19:41","2026-05-17 11:19","ScaleX =    1.0000000000; ScaleY =    1.0000000000   RefID       X        Y  Zone Count      Shape Data       1     67.0","-1661259"
"C:\job\VCAM AF before alignment\300mm\Recipes\Diff\ExternalCoordSystems.ini",".ini","33","2022-01-19 17:34","2026-05-17 11:19","[ExternalCoordSystems] Count=0 ","-2273385"
"C:\job\VCAM AF before alignment\300mm\Recipes\Diff\GlobalRTP.ini",".ini","2798","2023-03-20 19:41","2026-05-17 11:19","[GLOBAL_RTP] AdaptiveGpuEnabled=1 AdaptiveHistogram=0 AdaptiveHistogramByDieSegments=1 AdaptiveHistogramMinPixelCount=32","-1661258"
"C:\job\VCAM AF before alignment\300mm\Recipes\Diff\ImageProcessing.log",".log","37","2022-01-19 17:36","2026-05-17 11:19","_previouseAlignmentDataExists = 0 ","-2273383"
"C:\job\VCAM AF before alignment\300mm\Recipes\Diff\Metadata.ini",".ini","152","2022-10-26 10:32","2026-05-17 11:19","[General] name=Default Id=c2aa98c2-d5a6-46a0-940a-53eaea7b9c0f Version=0 [GeneralOnlineVerificationParams] UseSetGrabFor","-1870607"
"C:\job\VCAM AF before alignment\300mm\Recipes\Diff\OpticPreset.ini",".ini","2072","2023-11-22 13:20","2026-05-17 11:19","[General] Signature=1 ScanDeltaZ=0 [Scan2d] Id=02d5fdc5-872a-44bd-b409-4adcb3662da7 FocusPosAboveChuck=890.302795248948 ","-1305959"
"C:\job\VCAM AF before alignment\300mm\Recipes\Diff\Params_AlignRTP.ini",".ini","2558","2022-01-19 17:36","2026-05-17 11:19","[306a7e84-3bae-4443-bedf-ea9321f61841] 306a7e84-3bae-4443-bedf-ea9321f61841_EngineDescription=No Operation 306a7e84-3bae","-2273383"
"C:\job\VCAM AF before alignment\300mm\Recipes\Diff\Params_SystemInfo.ini",".ini","2191","2022-01-19 17:36","2026-05-17 11:19","[SystemParams] ActivateAlgorithms=1 ActivateFrameTracing=0 ApplyDistortion=-1 ApplyGainOffset=-1 CCS_InScanScenario=0 CC","-2273383"
"C:\job\VCAM AF before alignment\300mm\Recipes\Diff\Params_WaferInfo.ini",".ini","1345","2022-01-19 17:36","2026-05-17 11:19","[General] AlignStripDelay=-1 BinArrayPath=c:\bis\data\dds BumpResBufferSize=0 CollectSpcData=0 DieAlignResReport=0 DieAl","-2273383"
"C:\job\VCAM AF before alignment\300mm\Recipes\Diff\ProductInfo.ini",".ini","2963","2023-11-22 13:33","2026-05-17 11:19","[General] GainOffsetMode=0 ExportFlatPos=0 Reference_EdgeUncert=0 Overlap2d_X_um=0.000 Overlap2d_Y_um=0.000 Overlap3d_X_","-1305946"
"C:\job\VCAM AF before alignment\300mm\Recipes\Diff\Recipe.ini",".ini","3960","2023-11-22 13:19","2026-05-17 11:19","[AutoCycle] AutoFocusEvery=1 ; None CleanReferenceEvery=1 ; None UnloadToAnotherCassette=0 ; Move wafers from ??? to Loa","-1305960"
"C:\job\VCAM AF before alignment\300mm\Recipes\Diff\RTP.txt",".txt","5057","2023-05-23 20:04","2026-05-17 11:19","[PostProcess]   ; Zone name Alg = Warp_Direction_Calculation Inner_Radius_[Microns] = 1 ;  ( Radius of the inner circle,","-1569075"
"C:\job\VCAM AF before alignment\300mm\Recipes\Diff\ScanOverlapLog.txt",".txt","450","2023-11-22 13:55","2026-05-17 11:19","Scan 2d Overlap [px], [um]; Pixel size = 6.982, 6.98 Minimum             :    32,   32,  223,  223 Detection           :","-1305925"
"C:\job\VCAM AF before alignment\300mm\Recipes\Diff\ScenarioMetadataGrab.xml",".xml","1367","2022-10-26 10:46","2026-05-17 11:19","<MultiOpticsScenarioGrabConfiguration VersionNumber=""2.0"">   <ScenarioGrab Id=""90ba56c2-6d11-483a-9555-aeb6035285a2"" Nam","-1870593"
"C:\job\VCAM AF before alignment\300mm\Recipes\Diff\ScenariosMetadatas.ini",".ini","1341","2023-11-22 13:23","2026-05-17 11:19","[General] Version=1 [Scan2d] Id=111e16c5-5b1c-494e-8bba-36bb6471c9f1 OpticsId=f736dc21-9a66-4972-b969-1297bb2237d1 Refer","-1305956"
"C:\job\VCAM AF before alignment\300mm\Recipes\Diff\SitesInWafer.xml",".xml","161","2023-01-17 09:34","2026-05-17 11:19","<SitesInWaferConfigurations VersionNumber=""0.0"">   <SitesInWafer Id=""d0ccaafd-f852-fdfc-e190-1e4602387b19"" Name=""SitesIn","-1751145"
"C:\job\VCAM AF before alignment\300mm\Recipes\Diff\UniqueArea.ini",".ini","369","2023-01-18 10:19","2026-05-17 11:19","[General] Count=0 UseGMF=0 TryAllModels=0 MinTargetScore=0 Mag=3.500 PixelSizeX=2.437 PixelSizeY=2.437 IsBlockLevel=0 Us","-1749661"
"C:\job\VCAM AF before alignment\300mm\Recipes\Diff\Wafer2Table.ini",".ini","1102","2023-11-22 13:55","2026-05-17 11:19","[WAFER ALIGNMENT] Wafer2Table_X=          1.0000013863        -0.0014265140   -157335.7660405845 Wafer2Table_Y=         ","-1305924"
"C:\job\VCAM AF before alignment\300mm\Recipes\Diff\WaferDataReadSettings.xml",".xml","195","2022-01-19 17:34","2026-05-17 11:19","<?xml version=""1.0""?> <WaferDataReadSettings xmlns:xsi=""http://www.w3.org/2001/XMLSchema-instance"" xmlns:xsd=""http://www","-2273386"
"C:\job\VCAM AF before alignment\300mm\Recipes\Diff\Waferinfo.ini",".ini","597","2023-11-22 13:33","2026-05-17 11:19","[Robot] SideUp=1 Rotation=0 UnloadRotation=0 [General] hd_robot=False LimitNumberOfInkedDice=0 hd_cmm=False key_minarea=","-1305946"
"C:\job\VCAM AF before alignment\300mm\Recipes\Diff\WaferMapRecipe.ini",".ini","771","2022-11-08 16:36","2026-05-17 11:19","[GENERAL] SettingsPolicy=0 FiducialBin=-1 MappingCorner=3 [Input_Update] Enable=0 FileMask= ImportDirectory= UpdateDirec","-1851523"
"C:\job\VCAM AF before alignment\300mm\Recipes\Diff\WaferToRefWafer.ini",".ini","171","2023-11-22 13:25","2026-05-17 11:19","[WaferToRefWafer] RW_2_SW_X=          1.0000002821        -0.0028465788   -316553.7421939957 RW_2_SW_Y=          0.00284","-1305954"
"C:\job\VCAM AF before alignment\300mm\Recipes\Diff\WLUP.txt",".txt","553","2023-01-18 10:18","2026-05-17 11:19","[WAFER ALIGNMENT] Wafer2Table_X=          1.0000000000         0.0000000000   -157197.1878067771 Wafer2Table_Y=         ","-1749661"
"C:\job\VCAM AF before alignment\300mm\Recipes\Diff\zones.ini",".ini","208","2023-11-22 13:24","2026-05-17 11:19","[General] Version=11 [ALGName] 255=PostProcess 0=Scan Area [ALG] 255=PostProcess 0=Surface [BinCodes] 255=-1 0=-1 [Color","-1305955"
"C:\job\VCAM AF before alignment\300mm\Recipes\Diff\zones.txt",".txt","170","2023-11-22 13:24","2026-05-17 11:19","ScaleX =    1.0000000000; ScaleY =    1.0000000000   RefID       X        Y  Zone Count      Shape Data       1    446.0","-1305955"
"C:\job\VCAM AF before alignment\300mm\Recipes\Diff\ZoomLevels.ini",".ini","116","2023-11-22 13:23","2026-05-17 11:19","[ZOOM_LEVELS] LEVEL_1=1 SaveCompressed=0 [LEVEL_1] SizeX=892 SizeY=889 [DIE] Step_X=902.286 Step_Y=902.257 ","-1305956"
"C:\job\VCAM AF before alignment\300mm\Recipes\Diff\.dc_cache\TransactionsHistory.ini",".ini","366","2022-10-26 10:32","2026-05-17 11:19","[DeprecatedInV0] Namespace.RuntimeEntities.RecipePartsCollection_Runtime|RecipePartsCollection|CleanReferenceParams=1 Na","-1870607"
"C:\job\VCAM AF before alignment\300mm\Recipes\Diff\CTSOpticSetup\SetupSummary.xml",".xml","84","2022-09-18 16:06","2026-05-17 11:19","<?xml version=""1.0"" encoding=""utf-8""?><Setup Exists=""False"" Score=""0"" Mode=""None"" />","-1924993"
"C:\job\VCAM AF before alignment\300mm\Recipes\Diff\FocusMapping\FocusMapping.ini",".ini","1864","2022-12-28 15:29","2026-05-17 11:19","[Mode] AutoFocusRange=100 CreateSurfaceScore=Good MinMatchModelScore=Good DurationOfOneSite=3 NumOfDiceToScan=15 Resolut","-1779590"
"C:\job\VCAM AF before alignment\300mm\Recipes\Diff\OpticLightMetadata\config.ini",".ini","255","2023-11-22 13:26","2026-05-17 11:19","[General] NominalDelta=0.000000 Exist=0 targetPos_X=0.000000 targetPos_Y=0.000000 minY=0.000000 minX=0.000000 maxY=0.000","-1305954"
"C:\job\VCAM AF before alignment\300mm\Recipes\Diff\ReferenceBackup\ZoomLevels.ini",".ini","122","2023-11-22 13:23","2026-05-17 11:19","[ZOOM_LEVELS] LEVEL_1=1 SaveCompressed=0 [LEVEL_1] SizeX=892 SizeY=889 [DIE] Step_X=902.286000 Step_Y=902.257000 ","-1305956"
"C:\job\VCAM AF before alignment\300mm\Recipes\Diff\SW_QA-4\OpticsPreset.ini",".ini","104","2023-11-22 13:23","2026-05-17 11:19","[RobotSetup] Name=106463_Bare_12.cfg [Chuck] CenterX=158176.59375 CenterY=140449.5 CenterZ=-395.9 ","-1305956"
"C:\job\VCAM AF before alignment\300mm\Recipes\Diff\TrainData\Die.ini",".ini","1119","2023-11-22 13:23","2026-05-17 11:19","[DIE] PixelSize_X=6.98215484080249 PixelSize_Y=6.98215484080249 FrameSizeX=2048 FrameSizeY=2048 Step_X=6287 Step_Y=6305 ","-1305956"
"C:\job\VCAM AF before alignment\300mm\Recipes\Diff\TrainData\DieRefToTrain.txt",".txt","291","2023-11-22 13:23","2026-05-17 11:19","[DieRefToTrainImage] DR_2_TI_X=0.999997008856474 -0.00244586960099751 899.321888970764 DR_2_TI_Y=0.00244586960099751 0.9","-1305956"
"C:\job\VCAM AF before alignment\300mm\Recipes\Diff\TrainData\FrameToChuck.ini",".ini","160","2023-11-22 13:21","2026-05-17 11:19","[FrameToChuck] F2C_X=          6.9821547373         0.0012022233     -7150.9575276420 F2C_Y=         -0.0012022233      ","-1305958"
"C:\job\VCAM AF before alignment\300mm\Recipes\Diff\TrainData\ZonesVectorInfo.csv",".csv","46","2023-11-22 13:24","2026-05-17 11:19","ID,zone,X,Y,SizeX,SizeY,ShapeType,Angle,Is3d ","-1305955"
"C:\job\VCAM AF before alignment\300mm\Recipes\Diff\TrainData\DieImage\DieImageToTable.ini",".ini","278","2023-11-22 13:21","2026-05-17 11:19","[DieImageToTable] I2T_X=6.98214903229586 0.00900620628730674 -6352.08968817665 I2T_Y=-0.00900620628730674 6.982149032295","-1305958"
"C:\job\VCAM AF before alignment\300mm\Recipes\Diff\TrainData\DieImage\ZoomLevels.ini",".ini","213","2023-11-22 13:21","2026-05-17 11:19","[ZOOM_LEVELS] LEVEL_1=1 SaveCompressed=0 LEVEL_2=1 LEVEL_4=1 LEVEL_8=0 [LEVEL_1] SizeX=2953 SizeY=2968 [LEVEL_2] SizeX=1","-1305958"
"C:\job\VCAM AF before alignment\300mm\Recipes\Diff\WaferAlignData\Alignment_PatFindRtp.txt",".txt","485","2023-11-22 13:25","2026-05-17 11:19"," [13:25:24 11/22/23] Minimum Score           :  42    Minimum Start        :  90    Reduce Delta         :  10 Minimum T","-1305954"
"C:\job\VCAM AF before alignment\300mm\Recipes\Diff\WaferAlignData\Alignment_PatRes.txt",".txt","1429","2023-11-22 13:25","2026-05-17 11:19"," [13:25:24 11/22/23] ==========================================================================================  #    Co","-1305954"
"C:\job\VCAM AF before alignment\300mm\Recipes\Diff\WaferAlignData\Alignment_Stat.txt",".txt","1352","2023-11-22 13:25","2026-05-17 11:19","  [13:25:24 11/22/23] ==================================================================================================","-1305954"
"C:\job\VCAM AF before alignment\300mm\Recipes\Diff\WaferAlignData\AlignmentStatisticsTime.txt",".txt","166","2023-11-22 13:25","2026-05-17 11:19","Alignment Statistics Grabbing Counter=8 Total=3262 Average=407.750000 Moving Counter=8 Total=3642 Average=455.250000 Mov","-1305954"
"C:\job\VCAM AF before alignment\300mm\Recipes\Diff\Zones\PostProcess.ini",".ini","2190","2025-02-27 12:49","2026-05-17 11:19","[General] ZoneName=PostProcess ZoneID=255 TypeName=PostProcess AutoTH=0 AutoProbe=0 [Warp Direction Calculation] Enable=","-639270"
"C:\job\VCAM AF before alignment\300mm\Recipes\Diff\Zones\Scan Area.ini",".ini","5670","2025-02-27 12:49","2026-05-17 11:19","[General] ZoneName=Scan Area ZoneID=63 TypeName=Surface AutoTH=0 AutoProbe=0 [Surface] Enable=1 AlgorithmName=Surface Cl","-639270"
"C:\job\VCAM CTS FM Auto\Metadata.ini",".ini","95","2025-03-04 14:54","2026-05-17 11:19","[General] name=VCAM CTS FM Auto Id=a2297fa5-8d0a-4190-bbeb-fa33ef56e2f0 Version=1 JobTag= ","-631945"
"C:\job\VCAM CTS FM Auto\VcamInstallerGuid.txt",".txt","36","2025-03-18 12:04","2026-05-17 11:19","a768aa22-3050-46d9-b4fc-0521e28c1ac6","-611955"
"C:\job\VCAM CTS FM Auto\.audit\manifest.json",".json","409","2026-05-17 11:20","2026-05-17 11:20","{   ""jobName"": ""VCAM CTS FM Auto"",   ""auditDbVersion"": ""1"",   ""created"": {     ""machine"": ""AMITA1"",     ""at"": ""2026-05-1","0"
"C:\job\VCAM CTS FM Auto\300mm\CurrWaferSurfaceInterpolation.ini",".ini","1056","2025-03-18 11:31","2026-05-17 11:19","ThinPlate 5 114675.511678748 -4749.31188586052 778.679381673163 31.9250797104002 83235.9327566698 -80373.9474882975 785.","-611988"
"C:\job\VCAM CTS FM Auto\300mm\CurrWaferSurfaceInterpolation.md",".md","29","2025-03-04 14:57","2026-05-17 11:19","[General] IsInChuckSpace=1 ","-631943"
"C:\job\VCAM CTS FM Auto\300mm\DefectsClustering.ini",".ini","236","2025-03-04 14:45","2026-05-17 11:19","[General] Enabled=0 ClusteringAfterMerge=0 Distance=0 SelectedFirstSortingList=Priority SelectedSecondSortingList=Area S","-631954"
"C:\job\VCAM CTS FM Auto\300mm\DieAlignment.dat_block.ini",".ini","118","2025-03-18 11:32","2026-05-17 11:19","[General] IsMultiIndex=0 DieCount=1 [Die_0] Row=0 Col=0 PosX=0.000 PosY=0.000 SizeX=3669.000 SizeY=3669.000 ","-611987"
"C:\job\VCAM CTS FM Auto\300mm\Metadata.ini",".ini","95","2025-03-04 14:07","2026-05-17 11:19","[General] name=300mm Id=30c38c3a-ad17-45b3-a263-64ec0c03798c Version=1 LastActiveRecipe=1 ","-631992"
"C:\job\VCAM CTS FM Auto\300mm\MultiRecipe.ini",".ini","127","2025-03-04 14:07","2026-05-17 11:19","[Scan] recipe_1=0,1,,,,, MergingThreadCount=0 doSeparateRecipe=0 DoGrabAfterMerge=0 Recipes=0, [General] Version=1.0.0 ","-631992"
"C:\job\VCAM CTS FM Auto\300mm\ProductionInfo.ini",".ini","133","2025-03-04 14:57","2026-05-17 11:19","[General] WaferDefectsCount=0 WaferDefectDiceRatio=0.000 WaferDefectClassId=0 WaferDefectClassIdCount=0 BatchPassWafersC","-631942"
"C:\job\VCAM CTS FM Auto\300mm\Recipes\1\Alignment.ini",".ini","38","2025-03-04 14:58","2026-05-17 11:19","[WAFER ALIGNMENT] CoarseAlignDone=1 ","-631942"
"C:\job\VCAM CTS FM Auto\300mm\Recipes\1\AlignmentData.ini",".ini","820","2025-03-04 14:57","2026-05-17 11:19","[General] MinScore=85 MinTargetScore=0 IsAffineEnabled=1 AlignPointsNum=8 ForceToGMF=0 [Point_0] X=160604.096535906 Y=15","-631942"
"C:\job\VCAM CTS FM Auto\300mm\Recipes\1\AlignRtp.ini",".ini","2896","2025-03-18 11:31","2026-05-17 11:19","[DIE Alignment] Die__MinModelSize=32 Die__MinScore=85 Die__ExtraScanLength_um=0.000000 Die__ExtraScanLength_X_um=0.00000","-611988"
"C:\job\VCAM CTS FM Auto\300mm\Recipes\1\Bumps.dat",".dat","0","2025-03-04 14:45","2026-05-17 11:19","","-631954"
"C:\job\VCAM CTS FM Auto\300mm\Recipes\1\CcsLocalMeas.ini",".ini","209","2025-03-04 14:07","2026-05-17 11:19","[ScanParams] MarginX=0 MarginY=0 ScanStepX=0 ScanStepY=0 ResultsToRevisit= ScanDefects_Enabled=0 ScanDefects_SizeX=0 Sca","-631992"
"C:\job\VCAM CTS FM Auto\300mm\Recipes\1\CleanReferenceFinalParams.ini",".ini","984","2025-03-04 14:26","2026-05-17 11:19","[General] Version=2 [CleanRefParams] SizeX=2048 SizeY=2048 minCriteria=-2 maxCriteria=-1 minCreateMul=2 maxCreateMul=2 m","-631973"
"C:\job\VCAM CTS FM Auto\300mm\Recipes\1\CreateReference3dOptions.ini",".ini","322","2025-03-04 14:07","2026-05-17 11:19","[General] Version=0 Debug=0 [Registration] ReferenceRegBy=4 BigBlockRowsNumber=1000 YPartitionsNumber=3 MaxErrorPix=3 PS","-631992"
"C:\job\VCAM CTS FM Auto\300mm\Recipes\1\CurrWaferSurfaceInterpolation.ini",".ini","1046","2025-03-18 11:31","2026-05-17 11:19","ThinPlate 5 158702.197336286 157800.898157788 784.599999320996 31.7646048561768 228001.097336286 157800.898157788 779.72","-611988"
"C:\job\VCAM CTS FM Auto\300mm\Recipes\1\CurrWaferSurfaceInterpolation.md",".md","29","2025-03-04 14:57","2026-05-17 11:19","[General] IsInChuckSpace=0 ","-631943"
"C:\job\VCAM CTS FM Auto\300mm\Recipes\1\DefaultWafer2Table.ini",".ini","1131","2025-03-04 14:26","2026-05-17 11:19","[WAFER ALIGNMENT] Wafer2Table_X=          0.9999995474        -0.0008286097   -157231.9841711555 Wafer2Table_Y=         ","-631973"
"C:\job\VCAM CTS FM Auto\300mm\Recipes\1\DefaultWaferSurfaceInterpolation.ini",".ini","1046","2025-03-04 14:57","2026-05-17 11:19","ThinPlate 5 158702.197336286 157800.898157788 784.599999320996 31.3102613780143 228001.097336286 157800.898157788 779.42","-631943"
"C:\job\VCAM CTS FM Auto\300mm\Recipes\1\DefaultWaferSurfaceInterpolation.md",".md","29","2025-03-04 14:57","2026-05-17 11:19","[General] IsInChuckSpace=0 ","-631943"
"C:\job\VCAM CTS FM Auto\300mm\Recipes\1\DieAlignment.dat_block.ini",".ini","118","2025-03-04 14:26","2026-05-17 11:19","[General] IsMultiIndex=0 DieCount=1 [Die_0] Row=0 Col=0 PosX=0.000 PosY=0.000 SizeX=3669.000 SizeY=3669.000 ","-631973"
"C:\job\VCAM CTS FM Auto\300mm\Recipes\1\DieMapAlignRes.dat_block.ini",".ini","118","2025-03-04 14:26","2026-05-17 11:19","[General] IsMultiIndex=0 DieCount=1 [Die_0] Row=0 Col=0 PosX=0.000 PosY=0.000 SizeX=3669.000 SizeY=3669.000 ","-631973"
"C:\job\VCAM CTS FM Auto\300mm\Recipes\1\ExternalCoordSystems.ini",".ini","33","2025-03-04 14:07","2026-05-17 11:19","[ExternalCoordSystems] Count=0 ","-631992"
"C:\job\VCAM CTS FM Auto\300mm\Recipes\1\ImageProcessing.log",".log","37","2025-03-04 14:25","2026-05-17 11:19","_previouseAlignmentDataExists = 0 ","-631974"
"C:\job\VCAM CTS FM Auto\300mm\Recipes\1\Metadata.ini",".ini","71","2025-03-04 14:07","2026-05-17 11:19","[General] name=1 Id=16ca231d-edb7-4d50-ac5d-e66160870dc2 Version=0 ","-631992"
"C:\job\VCAM CTS FM Auto\300mm\Recipes\1\OpticPreset.ini",".ini","1263","2025-03-04 14:57","2026-05-17 11:19","[General] Signature=3 [Scan2d] Id=92f0189e-cad3-4689-bf6e-1b0a7bd1b43f Zwafer=0.0692459355803976 Mag=5 Mode=-1 CameraNam","-631943"
"C:\job\VCAM CTS FM Auto\300mm\Recipes\1\OpticToVCamStorage.json",".json","539","2025-03-18 11:33","2026-05-17 11:19","[   {     ""OpticId"": ""b2566de0-0eb0-4c25-ba64-ae9a87fc7a08"",     ""Scenario"": ""FocusMap"",     ""IsAutoFocus"": true,     ""S","-611987"
"C:\job\VCAM CTS FM Auto\300mm\Recipes\1\OverlayScan.ini",".ini","52","2025-03-04 14:07","2026-05-17 11:19","[General] Id=ee00ce5a-bc37-8db8-391e-732ee06316bc ","-631992"
"C:\job\VCAM CTS FM Auto\300mm\Recipes\1\Params_AlignRTP.ini",".ini","2895","2025-03-04 14:25","2026-05-17 11:19","[DIE Alignment] Die__MinModelSize=0 Die__MinScore=50 Die__ExtraScanLength_um=0.000000 Die__ExtraScanLength_X_um=0.000000","-631974"
"C:\job\VCAM CTS FM Auto\300mm\Recipes\1\Params_SystemInfo.ini",".ini","2359","2025-03-04 14:25","2026-05-17 11:19","[SystemParams] Gain=0 GainFx=0 Offset=0 Distortion=0 SizeX=2048 SizeY=2048 OffsetX=0 OffsetY=0 CameraType=3 ImageSizeInB","-631974"
"C:\job\VCAM CTS FM Auto\300mm\Recipes\1\Params_WaferInfo.ini",".ini","1346","2025-03-04 14:25","2026-05-17 11:19","[Path] SetupPath=c:\job\CTS FM single\300mm\Recipes\1\ RecipeName=1 RecipePath=c:\job\CTS FM single\300mm\Recipes\1\ Sca","-631974"
"C:\job\VCAM CTS FM Auto\300mm\Recipes\1\ProductInfo.ini",".ini","2977","2025-03-18 11:31","2026-05-17 11:19","[AutoFocus] SearchUseDefault=1 ScanDelta=0 OnLimitViolationAction=0 FocusVAriationLimit=0 LimitFocusVariation=0 RetriesC","-611988"
"C:\job\VCAM CTS FM Auto\300mm\Recipes\1\Recipe.ini",".ini","3972","2025-03-04 14:57","2026-05-17 11:19","[AutoCycle] AutoFocusEvery=3 ; Wafer CleanReferenceEvery=1 ; None UnloadToAnotherCassette=0 ; Move wafers from Loadport ","-631942"
"C:\job\VCAM CTS FM Auto\300mm\Recipes\1\SamplingMetrology.ini",".ini","73","2025-03-04 14:07","2026-05-17 11:19","[General] Version=0 Id=4befb886-92c1-7f24-21c7-8a6349b5c58b UseCSV=0 ","-631992"
"C:\job\VCAM CTS FM Auto\300mm\Recipes\1\ScanOverlapLog.txt",".txt","450","2025-03-18 11:31","2026-05-17 11:19","Scan 2d Overlap [px], [um]; Pixel size = 1.693, 1.69 Minimum             :    32,   32,   54,   54 Detection           :","-611988"
"C:\job\VCAM CTS FM Auto\300mm\Recipes\1\ScanOverviewImage_Recipes-1.txt",".txt","321","2025-03-04 14:26","2026-05-17 11:19","[ScanOverviewImage] I_2_WM_X=         75.3662109375         0.0000000000        -2.4500000000 I_2_WM_Y=          0.00000","-631973"
"C:\job\VCAM CTS FM Auto\300mm\Recipes\1\ScenariosMetadatas.ini",".ini","1579","2025-03-04 14:57","2026-05-17 11:19","[General] Version=1 [Scan2d] Id=5318348d-3b32-46eb-8422-90b68f21fd2f OpticsId=92f0189e-cad3-4689-bf6e-1b0a7bd1b43f Refer","-631943"
"C:\job\VCAM CTS FM Auto\300mm\Recipes\1\UniqueArea.ini",".ini","20","2025-03-04 14:07","2026-05-17 11:19","[General] Count=0 ","-631992"
"C:\job\VCAM CTS FM Auto\300mm\Recipes\1\Wafer2Table.ini",".ini","1131","2025-03-18 11:31","2026-05-17 11:19","[WAFER ALIGNMENT] Wafer2Table_X=          0.9999962680        -0.0007910519   -157304.0251164924 Wafer2Table_Y=         ","-611989"
"C:\job\VCAM CTS FM Auto\300mm\Recipes\1\WaferDataReadSettings.xml",".xml","195","2025-03-04 14:07","2026-05-17 11:19","<?xml version=""1.0""?> <WaferDataReadSettings xmlns:xsi=""http://www.w3.org/2001/XMLSchema-instance"" xmlns:xsd=""http://www","-631992"
"C:\job\VCAM CTS FM Auto\300mm\Recipes\1\Waferinfo.ini",".ini","261","2025-03-18 11:30","2026-05-17 11:19","[Robot] Rotation=0 SideUp=1 [General] hd_robot=False InkBinList= LimitNumberOfInkedDice=0 hd_cmm=False key_minarea=2500 ","-611989"
"C:\job\VCAM CTS FM Auto\300mm\Recipes\1\WaferMapRecipe.ini",".ini","833","2025-03-04 14:07","2026-05-17 11:19","[GENERAL] SettingsPolicy=0 FiducialBin=-1 [Input_Update] Enable=0 FileMask= ImportDirectory= UpdateDirectory= AutoMatchE","-631992"
"C:\job\VCAM CTS FM Auto\300mm\Recipes\1\zones.ini",".ini","302","2025-03-04 14:45","2026-05-17 11:19","[General] Version=11 [ALGName] 255=PostProcess 0=Scan Area 1=bumps [ALG] 255=PostProcess 0=Surface 1=Global Bump [BinCod","-631954"
"C:\job\VCAM CTS FM Auto\300mm\Recipes\1\zones.txt",".txt","454","2025-03-04 14:45","2026-05-17 11:19","ScaleX =    1.0000000000; ScaleY =    1.0000000000   RefID       X        Y  Zone Count      Shape Data       1   1834.5","-631954"
"C:\job\VCAM CTS FM Auto\300mm\Recipes\1\ZoomLevels.ini",".ini","210","2025-03-04 14:09","2026-05-17 11:19","[ZOOM_LEVELS] LEVEL_1=1 SaveCompressed=0 LEVEL_2=1 LEVEL_4=1 [LEVEL_1] SizeX=3669 SizeY=3669 [LEVEL_2] SizeX=1834 SizeY=","-631991"
"C:\job\VCAM CTS FM Auto\300mm\Recipes\1\.dc_cache\TransactionsHistory.ini",".ini","366","2025-03-04 14:57","2026-05-17 11:19","[DeprecatedInV0] Namespace.RuntimeEntities.RecipePartsCollection_Runtime|RecipePartsCollection|CleanReferenceParams=1 Na","-631943"
"C:\job\VCAM CTS FM Auto\300mm\Recipes\1\CTSOpticSetup\SetupSummary.xml",".xml","85","2025-03-04 14:50","2026-05-17 11:19","<?xml version=""1.0"" encoding=""utf-8""?><Setup Exists=""True"" Score=""0"" Mode=""Manual"" />","-631949"
"C:\job\VCAM CTS FM Auto\300mm\Recipes\1\CTSOpticSetup\Manual\ManualScannedSites\ManualScannedSites.xml",".xml","109","2025-03-04 14:48","2026-05-17 11:19","<?xml version=""1.0"" encoding=""utf-8""?><ScannedSites Count=""1""><ScannedSite Name=""ScanCTS_1"" /></ScannedSites>","-631951"
"C:\job\VCAM CTS FM Auto\300mm\Recipes\1\CTSOpticSetup\Manual\ManualScannedSites\ScanCTS_1\ScanCTS_1.xml",".xml","172761","2025-03-04 14:48","2026-05-17 11:19","<?xml version=""1.0"" encoding=""utf-8""?><ScannedSite><GeneralInfo Name=""ScanCTS_1"" SiteName=""1"" SetupName=""ScanCTS"" GL2um=","-631951"
"C:\job\VCAM CTS FM Auto\300mm\Recipes\1\CTSOpticSetup\Manual\Sites\Sites.xml",".xml","205","2025-03-04 14:46","2026-05-17 11:19","<?xml version=""1.0"" encoding=""utf-8""?><Sites Count=""1""><Site Name=""1"" WaferPosX=""157361.56883587"" WaferPosY=""156353.6186","-631954"
"C:\job\VCAM CTS FM Auto\300mm\Recipes\1\FocusMapping\FocusMapping.ini",".ini","2323","2025-03-04 14:57","2026-05-17 11:19","[Mode] AutoFocusRange=100 CreateSurfaceScore=Good MinMatchModelScore=Good DurationOfOneSite=3 NumOfDiceToScan=15 Resolut","-631943"
"C:\job\VCAM CTS FM Auto\300mm\Recipes\1\FocusMapping\FocusPointsForScan.xml",".xml","2702","2025-03-04 14:57","2026-05-17 11:19","<FocusPointsCollection VersionNumber=""0.0"" FocusPointsCount=""15"" ModelsStamp=""0-5F3C79358C5784E59C20D96A45DEBC12"">   <Fo","-631943"
"C:\job\VCAM CTS FM Auto\300mm\Recipes\1\FocusMapping\Model_aca8a8a8-2af0-4fae-b823-57078dccbf94\FocusModel.ini",".ini","277","2025-03-04 14:57","2026-05-17 11:19","[General] Offset=0 ModelIndex=0 Enabled=1 DisplayName=Model0 Id=80c7112c-216e-4d98-b36d-c54aa2532dc0 Version=1 ModelType","-631943"
"C:\job\VCAM CTS FM Auto\300mm\Recipes\1\OpticLightMetadata\config.ini",".ini","1941","2025-03-18 11:31","2026-05-17 11:19","[General] NominalDelta=0.000000000 Exist=0 targetPos_X=73123224334374173371045397030592329866691777240885332646277338516","-611988"
"C:\job\VCAM CTS FM Auto\300mm\Recipes\1\ReferenceBackup\ZoomLevels.ini",".ini","210","2025-03-04 14:09","2026-05-17 11:19","[ZOOM_LEVELS] LEVEL_1=1 SaveCompressed=0 LEVEL_2=1 LEVEL_4=1 [LEVEL_1] SizeX=3669 SizeY=3669 [LEVEL_2] SizeX=1834 SizeY=","-631991"
"C:\job\VCAM CTS FM Auto\300mm\Recipes\1\SW_QA-4\OpticsPreset.ini",".ini","109","2025-03-04 14:09","2026-05-17 11:19","[RobotSetup] Name=106463_Bare_12.cfg [Chuck] CenterX=158151.296875 CenterY=140564.40625 CenterZ=-389.4 ","-631991"
"C:\job\VCAM CTS FM Auto\300mm\Recipes\1\TrainData\Die.ini",".ini","1096","2025-03-04 14:09","2026-05-17 11:19","[DIE] PixelSize_X=1.69342956440773 PixelSize_Y=1.69342956440773 FrameSizeX=2048 FrameSizeY=2048 Step_X=6291 Step_Y=6305 ","-631991"
"C:\job\VCAM CTS FM Auto\300mm\Recipes\1\TrainData\DieRefToTrain.txt",".txt","278","2025-03-04 14:08","2026-05-17 11:19","[DieRefToTrainImage] DR_2_TI_X=0.999999904961546 0.000435978094887163 1073.12796488026 DR_2_TI_Y=-0.000435978094887163 0","-631991"
"C:\job\VCAM CTS FM Auto\300mm\Recipes\1\TrainData\FrameToChuck.ini",".ini","160","2025-03-04 14:08","2026-05-17 11:19","[FrameToChuck] F2C_X=          1.6934295287         0.0003475749     -1734.4277541655 F2C_Y=         -0.0003475749      ","-631991"
"C:\job\VCAM CTS FM Auto\300mm\Recipes\1\TrainData\ZonesVectorInfo.csv",".csv","378","2025-03-04 14:45","2026-05-17 11:19","ID,zone,X,Y,SizeX,SizeY,ShapeType,Angle,Is3d 1,bumps,133.780935588211,233.693279888267,47.4160278034164,47.4160278034164","-631954"
"C:\job\VCAM CTS FM Auto\300mm\Recipes\1\TrainData\DieImage\DieImageToTable.ini",".ini","249","2025-03-04 14:08","2026-05-17 11:19","[DieImageToTable] I2T_X=1.69342821695032 -0.00213626932418761 -1680.58981037491 I2T_Y=0.00213626932418761 1.693428216950","-631991"
"C:\job\VCAM CTS FM Auto\300mm\Recipes\1\TrainData\DieImage\ZoomLevels.ini",".ini","79","2025-03-04 14:08","2026-05-17 11:19","[ZOOM_LEVELS] LEVEL_1=1 SaveCompressed=0 [LEVEL_1] SizeX=8769 SizeY=8766 ","-631991"
"C:\job\VCAM CTS FM Auto\300mm\Recipes\1\TrainData\ReferenceBackup\ZoomLevels.ini",".ini","79","2025-03-04 14:08","2026-05-17 11:19","[ZOOM_LEVELS] LEVEL_1=1 SaveCompressed=0 [LEVEL_1] SizeX=8769 SizeY=8766 ","-631991"
"C:\job\VCAM CTS FM Auto\300mm\Recipes\1\WaferAlignData\Alignment_PatFindRtp.txt",".txt","485","2025-03-18 11:31","2026-05-17 11:19"," [11:31:03 03/18/25] Minimum Score           :  85    Minimum Start        :  90    Reduce Delta         :  10 Minimum T","-611989"
"C:\job\VCAM CTS FM Auto\300mm\Recipes\1\WaferAlignData\Alignment_PatRes.txt",".txt","1429","2025-03-18 11:31","2026-05-17 11:19"," [11:31:03 03/18/25] ==========================================================================================  #    Co","-611989"
"C:\job\VCAM CTS FM Auto\300mm\Recipes\1\WaferAlignData\Alignment_Stat.txt",".txt","1410","2025-03-18 11:31","2026-05-17 11:19","  [11:31:03 03/18/25] ==================================================================================================","-611989"
"C:\job\VCAM CTS FM Auto\300mm\Recipes\1\WaferAlignData\AlignmentData.ini",".ini","32","2025-03-18 11:31","2026-05-17 11:19","[General] AlignmentTime=16252 ","-611989"
"C:\job\VCAM CTS FM Auto\300mm\Recipes\1\WaferAlignData\AlignmentStatisticsTime.txt",".txt","166","2025-03-18 11:31","2026-05-17 11:19","Alignment Statistics Grabbing Counter=8 Total=2375 Average=296.875000 Moving Counter=8 Total=3734 Average=466.750000 Mov","-611989"
"C:\job\VCAM CTS FM Auto\300mm\Recipes\1\Zones\bumps.ini",".ini","10989","2025-03-04 14:45","2026-05-17 11:19","[General] ZoneName=bumps ZoneID=1 TypeName=Global Bump AutoTH=0 AutoProbe=0 [GeoMetrology] Enable=1 AlgorithmName=GeoMet","-631954"
"C:\job\VCAM CTS FM Auto\300mm\Recipes\1\Zones\PostProcess.ini",".ini","2190","2025-03-04 14:45","2026-05-17 11:19","[General] ZoneName=PostProcess ZoneID=255 TypeName=PostProcess AutoTH=0 AutoProbe=0 [Warp Direction Calculation] Enable=","-631954"
"C:\job\VCAM CTS FM Auto\300mm\Recipes\1\Zones\Scan Area.ini",".ini","5670","2025-03-04 14:45","2026-05-17 11:19","[General] ZoneName=Scan Area ZoneID=63 TypeName=Surface AutoTH=0 AutoProbe=0 [Surface] Enable=1 AlgorithmName=Surface Cl","-631954"
"C:\job\VCAM EBRScan10.0\Metadata.ini",".ini","81","2025-03-05 14:09","2026-05-17 11:15","[General] name=EBRScan10.0 Id=8aa8a019-9b43-4264-9a87-be5f107c085f Version=1 ","-630546"
"C:\job\VCAM EBRScan10.0\VcamInstallerGuid.txt",".txt","36","2025-03-18 12:04","2026-05-17 11:15","a768aa22-3050-46d9-b4fc-0521e28c1ac6","-611951"
"C:\job\VCAM EBRScan10.0\.audit\manifest.json",".json","409","2026-05-17 11:16","2026-05-17 11:16","{   ""jobName"": ""VCAM EBRScan10.0"",   ""auditDbVersion"": ""1"",   ""created"": {     ""machine"": ""AMITA1"",     ""at"": ""2026-05-1","0"
"C:\job\VCAM EBRScan10.0\300mm\DefectsClustering.ini",".ini","236","2025-03-05 14:15","2026-05-17 11:15","[General] Enabled=0 ClusteringAfterMerge=0 Distance=0 SelectedFirstSortingList=Priority SelectedSecondSortingList=Area S","-630540"
"C:\job\VCAM EBRScan10.0\300mm\Metadata.ini",".ini","101","2025-03-05 13:54","2026-05-17 11:15","[General] name=300mm Id=ba29076f-6517-4afb-9cb0-cc1b758d92f4 Version=1 LastActiveRecipe=Recipe1 ","-630561"
"C:\job\VCAM EBRScan10.0\300mm\MultiRecipe.ini",".ini","133","2025-03-05 13:54","2026-05-17 11:15","[Scan] recipe_1=0,Recipe1,,,,, MergingThreadCount=0 doSeparateRecipe=0 DoGrabAfterMerge=0 Recipes=0, [General] Version=1","-630561"
"C:\job\VCAM EBRScan10.0\300mm\Recipes\Recipe1\Alignment.ini",".ini","38","2025-03-05 14:12","2026-05-17 11:15","[WAFER ALIGNMENT] CoarseAlignDone=1 ","-630543"
"C:\job\VCAM EBRScan10.0\300mm\Recipes\Recipe1\AlignmentData.ini",".ini","1018","2025-03-05 14:12","2026-05-17 11:15","[General] MinScore=85 MinTargetScore=0 IsAffineEnabled=1 AlignPointsNum=10 PreprocessTargetImage=1 ForceToGMF=0 [Point_0","-630543"
"C:\job\VCAM EBRScan10.0\300mm\Recipes\Recipe1\AlignRtp.ini",".ini","2895","2025-03-18 11:44","2026-05-17 11:15","[DIE Alignment] Die__MinModelSize=32 Die__MinScore=85 Die__ExtraScanLength_um=0.000000 Die__ExtraScanLength_X_um=0.00000","-611971"
"C:\job\VCAM EBRScan10.0\300mm\Recipes\Recipe1\CcsLocalMeas.ini",".ini","209","2025-03-05 13:54","2026-05-17 11:15","[ScanParams] MarginX=0 MarginY=0 ScanStepX=0 ScanStepY=0 ResultsToRevisit= ScanDefects_Enabled=0 ScanDefects_SizeX=0 Sca","-630561"
"C:\job\VCAM EBRScan10.0\300mm\Recipes\Recipe1\CleanReferenceFinalParams.ini",".ini","985","2025-03-05 14:08","2026-05-17 11:15","[General] Version=2 [CleanRefParams] SizeX=2048 SizeY=2048 minCriteria=-2 maxCriteria=-1 minCreateMul=2 maxCreateMul=2 m","-630547"
"C:\job\VCAM EBRScan10.0\300mm\Recipes\Recipe1\CreateReference3dOptions.ini",".ini","322","2025-03-05 13:54","2026-05-17 11:15","[General] Version=0 Debug=0 [Registration] ReferenceRegBy=4 BigBlockRowsNumber=1000 YPartitionsNumber=3 MaxErrorPix=3 PS","-630561"
"C:\job\VCAM EBRScan10.0\300mm\Recipes\Recipe1\DefaultWafer2Table.ini",".ini","1290","2025-03-05 14:07","2026-05-17 11:15","[WAFER ALIGNMENT] Wafer2Table_X=          0.9999839313        -0.0012335757   -150885.5966633707 Wafer2Table_Y=         ","-630548"
"C:\job\VCAM EBRScan10.0\300mm\Recipes\Recipe1\DieMapRegPos.txt",".txt","350","2025-03-05 14:07","2026-05-17 11:15","ScaleX =    1.0000000000; ScaleY =    1.0000000000   RefID       X        Y  Zone Count      Shape Data       1    266.0","-630548"
"C:\job\VCAM EBRScan10.0\300mm\Recipes\Recipe1\EBRInspectionParameters.xml",".xml","813","2025-03-05 14:13","2026-05-17 11:15","<SurfaceInspectionParameters>   <WaferLevelMasker Enable=""True"">     <Mask Type=""FillMasker"" Name=""0"" Priority=""0"">     ","-630542"
"C:\job\VCAM EBRScan10.0\300mm\Recipes\Recipe1\ExternalCoordSystems.ini",".ini","33","2025-03-05 13:54","2026-05-17 11:15","[ExternalCoordSystems] Count=0 ","-630561"
"C:\job\VCAM EBRScan10.0\300mm\Recipes\Recipe1\GlobalRTP.ini",".ini","2925","2025-03-05 14:18","2026-05-17 11:15","[GLOBAL_RTP] LSL_Height=100.000000 USL_Height=140.000000 NominalHeight=120.000000 BumpType=1 CCS_Step=3.000000 CCS_Step_","-630538"
"C:\job\VCAM EBRScan10.0\300mm\Recipes\Recipe1\ImageProcessing.log",".log","37","2025-03-05 14:03","2026-05-17 11:15","_previouseAlignmentDataExists = 0 ","-630552"
"C:\job\VCAM EBRScan10.0\300mm\Recipes\Recipe1\ManualMasking.xml",".xml","133","2025-03-05 14:13","2026-05-17 11:15","﻿<ManualMaskingConfiguration VersionNumber=""0.0"">   <IsActive>false</IsActive>   <ManualMasking /> </ManualMaskingConfig","-630542"
"C:\job\VCAM EBRScan10.0\300mm\Recipes\Recipe1\Metadata.ini",".ini","77","2025-03-05 13:54","2026-05-17 11:15","[General] name=Recipe1 Id=b13f9271-c4bc-44eb-acf0-33dc08bb7f01 Version=0 ","-630561"
"C:\job\VCAM EBRScan10.0\300mm\Recipes\Recipe1\OpticPreset.ini",".ini","778","2025-03-05 14:02","2026-05-17 11:15","[General] Signature=1 [Scan2d] Id=173a0b21-b5d9-4283-9749-e6eaa3e24e00 FocusPosAboveChuck=777.099999397049 Mag=5 Mode=-1","-630553"
"C:\job\VCAM EBRScan10.0\300mm\Recipes\Recipe1\OpticToVCamStorage.json",".json","360","2025-03-18 11:45","2026-05-17 11:15","[   {     ""OpticId"": ""173a0b21-b5d9-4283-9749-e6eaa3e24e00"",     ""Scenario"": ""Scan"",     ""IsAutoFocus"": false,     ""Stor","-611970"
"C:\job\VCAM EBRScan10.0\300mm\Recipes\Recipe1\OverlayScan.ini",".ini","52","2025-03-05 13:54","2026-05-17 11:15","[General] Id=7dc04558-8edf-d4e4-94ed-9e2705e7a65c ","-630561"
"C:\job\VCAM EBRScan10.0\300mm\Recipes\Recipe1\Params_AlignRTP.ini",".ini","2892","2025-03-05 14:03","2026-05-17 11:15","[DIE Alignment] Die__MinModelSize=32 Die__MinScore=85 Die__ExtraScanLength_um=0.000000 Die__ExtraScanLength_X_um=0.00000","-630552"
"C:\job\VCAM EBRScan10.0\300mm\Recipes\Recipe1\Params_SystemInfo.ini",".ini","2363","2025-03-05 14:03","2026-05-17 11:15","[SystemParams] Gain=0 GainFx=0 Offset=0 Distortion=0 SizeX=2048 SizeY=2048 OffsetX=0 OffsetY=0 CameraType=3 ImageSizeInB","-630552"
"C:\job\VCAM EBRScan10.0\300mm\Recipes\Recipe1\Params_WaferInfo.ini",".ini","1968","2025-03-05 14:03","2026-05-17 11:15","[Path] SetupPath=c:\job\TNE 10.0\300mm\Recipes\Recipe1\ RecipeName=Recipe1 RecipePath=c:\job\TNE 10.0\300mm\Recipes\Reci","-630552"
"C:\job\VCAM EBRScan10.0\300mm\Recipes\Recipe1\ProductInfo.ini",".ini","2676","2025-03-18 11:44","2026-05-17 11:15","[AutoFocus] SearchUseDefault=1 ScanDelta=0 OnLimitViolationAction=0 FocusVAriationLimit=0 LimitFocusVariation=0 RetriesC","-611972"
"C:\job\VCAM EBRScan10.0\300mm\Recipes\Recipe1\Recipe.ini",".ini","3796","2025-03-05 13:55","2026-05-17 11:15","[AutoCycle] AutoFocusEvery=1 ; None CleanReferenceEvery=1 ; None UnloadToAnotherCassette=0 ; Move wafers from Loadport B","-630560"
"C:\job\VCAM EBRScan10.0\300mm\Recipes\Recipe1\RTP.txt",".txt","11896","2025-03-05 14:18","2026-05-17 11:15","[PostProcess]   ; Zone name Alg = Warp_Direction_Calculation Inner_Radius_[Microns] = 1 ;  ( Radius of the inner circle,","-630538"
"C:\job\VCAM EBRScan10.0\300mm\Recipes\Recipe1\SamplingMetrology.ini",".ini","73","2025-03-05 13:54","2026-05-17 11:15","[General] Version=0 Id=2f7ce695-68e2-4fab-091d-edade3ebdd64 UseCSV=0 ","-630561"
"C:\job\VCAM EBRScan10.0\300mm\Recipes\Recipe1\ScanOverlapLog.txt",".txt","450","2025-03-18 11:44","2026-05-17 11:15","Scan 2d Overlap [px], [um]; Pixel size = 1.693, 1.69 Minimum             :    32,   32,   54,   54 Detection           :","-611971"
"C:\job\VCAM EBRScan10.0\300mm\Recipes\Recipe1\ScenariosMetadatas.ini",".ini","1471","2025-03-05 14:04","2026-05-17 11:15","[General] Version=1 [Scan2d] Id=e4527a4f-e222-4b3d-ba77-2c09df84db95 OpticsId=173a0b21-b5d9-4283-9749-e6eaa3e24e00 Refer","-630552"
"C:\job\VCAM EBRScan10.0\300mm\Recipes\Recipe1\UniqueArea.ini",".ini","20","2025-03-05 13:54","2026-05-17 11:15","[General] Count=0 ","-630561"
"C:\job\VCAM EBRScan10.0\300mm\Recipes\Recipe1\Wafer2Table.ini",".ini","1290","2025-03-18 11:43","2026-05-17 11:15","[WAFER ALIGNMENT] Wafer2Table_X=          0.9999888879        -0.0007900306   -151002.8737119593 Wafer2Table_Y=         ","-611972"
"C:\job\VCAM EBRScan10.0\300mm\Recipes\Recipe1\WaferDataReadSettings.xml",".xml","195","2025-03-05 13:54","2026-05-17 11:15","<?xml version=""1.0""?> <WaferDataReadSettings xmlns:xsi=""http://www.w3.org/2001/XMLSchema-instance"" xmlns:xsd=""http://www","-630561"
"C:\job\VCAM EBRScan10.0\300mm\Recipes\Recipe1\Waferinfo.ini",".ini","219","2025-03-18 11:43","2026-05-17 11:15","[Robot] Rotation=0 SideUp=1 [General] hd_robot=False InkBinList= LimitNumberOfInkedDice=0 hd_cmm=False key_minarea=2500 ","-611972"
"C:\job\VCAM EBRScan10.0\300mm\Recipes\Recipe1\WaferMapRecipe.ini",".ini","833","2025-03-05 13:54","2026-05-17 11:15","[GENERAL] SettingsPolicy=0 FiducialBin=-1 [Input_Update] Enable=0 FileMask= ImportDirectory= UpdateDirectory= AutoMatchE","-630561"
"C:\job\VCAM EBRScan10.0\300mm\Recipes\Recipe1\zones.ini",".ini","347","2025-03-05 14:13","2026-05-17 11:15","[General] Version=11 [ALGName] 255=PostProcess 0=Scan Area 3=EBR2 2=EBR1 1=edge [ALG] 255=PostProcess 0=Surface 3=Surfac","-630542"
"C:\job\VCAM EBRScan10.0\300mm\Recipes\Recipe1\zones.txt",".txt","170","2025-03-05 14:09","2026-05-17 11:15","ScaleX =    1.0000000000; ScaleY =    1.0000000000   RefID       X        Y  Zone Count      Shape Data       1    592.5","-630546"
"C:\job\VCAM EBRScan10.0\300mm\Recipes\Recipe1\ZoomLevels.ini",".ini","164","2025-03-05 14:05","2026-05-17 11:15","[ZOOM_LEVELS] LEVEL_1=1 SaveCompressed=0 LEVEL_2=1 [LEVEL_1] SizeX=1185 SizeY=1181 [LEVEL_2] SizeX=592 SizeY=590 [DIE] S","-630550"
"C:\job\VCAM EBRScan10.0\300mm\Recipes\Recipe1\.dc_cache\TransactionsHistory.ini",".ini","120","2025-03-05 14:08","2026-05-17 11:15","[DeprecatedInV0] Namespace.RuntimeEntities.RecipePartsCollection_Runtime|RecipePartsCollection|CleanReferenceParams=1 ","-630547"
"C:\job\VCAM EBRScan10.0\300mm\Recipes\Recipe1\OpticLightMetadata\config.ini",".ini","1195","2025-03-18 11:44","2026-05-17 11:15","[General] NominalDelta=0.000000000 Exist=0 targetPos_X=97974746428945157690423403110018083982989615162031983516982691360","-611972"
"C:\job\VCAM EBRScan10.0\300mm\Recipes\Recipe1\ReferenceBackup\ZoomLevels.ini",".ini","176","2025-03-05 14:05","2026-05-17 11:15","[ZOOM_LEVELS] LEVEL_1=1 SaveCompressed=0 LEVEL_2=1 [LEVEL_1] SizeX=1185 SizeY=1181 [LEVEL_2] SizeX=592 SizeY=590 [DIE] S","-630550"
"C:\job\VCAM EBRScan10.0\300mm\Recipes\Recipe1\SW_QA-4\OpticsPreset.ini",".ini","109","2025-03-05 14:04","2026-05-17 11:15","[RobotSetup] Name=106463_Bare_12.cfg [Chuck] CenterX=158151.296875 CenterY=140564.40625 CenterZ=-389.4 ","-630552"
"C:\job\VCAM EBRScan10.0\300mm\Recipes\Recipe1\TrainData\Die.ini",".ini","1183","2025-03-05 14:05","2026-05-17 11:15","[DIE] PixelSize_X=1.69342956440773 PixelSize_Y=1.69342956440773 FrameSizeX=2048 FrameSizeY=2048 Step_X=2100 Step_Y=2102 ","-630550"
"C:\job\VCAM EBRScan10.0\300mm\Recipes\Recipe1\TrainData\DieRefToTrain.txt",".txt","277","2025-03-05 14:03","2026-05-17 11:15","[DieRefToTrainImage] DR_2_TI_X=0.999999662439277 -0.000821657673733359 1080.28937424161 DR_2_TI_Y=0.000821657673733359 0","-630552"
"C:\job\VCAM EBRScan10.0\300mm\Recipes\Recipe1\TrainData\FrameToChuck.ini",".ini","160","2025-03-05 14:03","2026-05-17 11:15","[FrameToChuck] F2C_X=          1.6934295287         0.0003475749     -1734.4277541655 F2C_Y=         -0.0003475749      ","-630552"
"C:\job\VCAM EBRScan10.0\300mm\Recipes\Recipe1\TrainData\ZonesVectorInfo.csv",".csv","46","2025-03-05 14:09","2026-05-17 11:15","ID,zone,X,Y,SizeX,SizeY,ShapeType,Angle,Is3d ","-630546"
"C:\job\VCAM EBRScan10.0\300mm\Recipes\Recipe1\TrainData\DieImage\DieImageToTable.ini",".ini","251","2025-03-05 14:03","2026-05-17 11:15","[DieImageToTable] I2T_X=1.69342945685646 -0.000603540371947919 -1706.43660435844 I2T_Y=0.000603540371947919 1.6934294568","-630552"
"C:\job\VCAM EBRScan10.0\300mm\Recipes\Recipe1\TrainData\DieImage\ZoomLevels.ini",".ini","79","2025-03-05 14:03","2026-05-17 11:15","[ZOOM_LEVELS] LEVEL_1=1 SaveCompressed=0 [LEVEL_1] SizeX=3817 SizeY=3819 ","-630552"
"C:\job\VCAM EBRScan10.0\300mm\Recipes\Recipe1\TrainData\ReferenceBackup\ZoomLevels.ini",".ini","79","2025-03-05 14:03","2026-05-17 11:15","[ZOOM_LEVELS] LEVEL_1=1 SaveCompressed=0 [LEVEL_1] SizeX=3817 SizeY=3819 ","-630552"
"C:\job\VCAM EBRScan10.0\300mm\Recipes\Recipe1\WaferAlignData\Alignment_PatFindRtp.txt",".txt","485","2025-03-18 11:43","2026-05-17 11:15"," [11:43:59 03/18/25] Minimum Score           :  85    Minimum Start        :  90    Reduce Delta         :  10 Minimum T","-611972"
"C:\job\VCAM EBRScan10.0\300mm\Recipes\Recipe1\WaferAlignData\Alignment_PatRes.txt",".txt","1683","2025-03-18 11:43","2026-05-17 11:15"," [11:43:59 03/18/25] ==========================================================================================  #    Co","-611972"
"C:\job\VCAM EBRScan10.0\300mm\Recipes\Recipe1\WaferAlignData\Alignment_Stat.txt",".txt","1574","2025-03-18 11:43","2026-05-17 11:15","  [11:43:59 03/18/25] ==================================================================================================","-611972"
"C:\job\VCAM EBRScan10.0\300mm\Recipes\Recipe1\WaferAlignData\AlignmentData.ini",".ini","32","2025-03-18 11:44","2026-05-17 11:15","[General] AlignmentTime=12426 ","-611972"
"C:\job\VCAM EBRScan10.0\300mm\Recipes\Recipe1\WaferAlignData\AlignmentStatisticsTime.txt",".txt","169","2025-03-18 11:43","2026-05-17 11:15","Alignment Statistics Grabbing Counter=10 Total=3657 Average=365.700012 Moving Counter=10 Total=4450 Average=445.000000 M","-611972"
"C:\job\VCAM EBRScan10.0\300mm\Recipes\Recipe1\Zones\EBR1.ini",".ini","5669","2025-03-05 14:18","2026-05-17 11:15","[General] ZoneName=EBR1 ZoneID=2 TypeName=Surface AutoTH=0 AutoProbe=0 [Surface] Enable=1 AlgorithmName=Surface Classify","-630538"
"C:\job\VCAM EBRScan10.0\300mm\Recipes\Recipe1\Zones\EBR2.ini",".ini","5667","2025-03-05 14:18","2026-05-17 11:15","[General] ZoneName=EBR2 ZoneID=3 TypeName=Surface AutoTH=0 AutoProbe=0 [Surface] Enable=1 AlgorithmName=Surface Classify","-630538"
"C:\job\VCAM EBRScan10.0\300mm\Recipes\Recipe1\Zones\edge.ini",".ini","5664","2025-03-05 14:18","2026-05-17 11:15","[General] ZoneName=edge ZoneID=1 TypeName=Surface AutoTH=0 AutoProbe=0 [Surface] Enable=0 AlgorithmName=Surface Classify","-630538"
"C:\job\VCAM EBRScan10.0\300mm\Recipes\Recipe1\Zones\PostProcess.ini",".ini","2190","2025-03-05 14:18","2026-05-17 11:15","[General] ZoneName=PostProcess ZoneID=255 TypeName=PostProcess AutoTH=0 AutoProbe=0 [Warp Direction Calculation] Enable=","-630538"
"C:\job\VCAM EBRScan10.0\300mm\Recipes\Recipe1\Zones\Scan Area.ini",".ini","5674","2025-03-05 14:18","2026-05-17 11:15","[General] ZoneName=Scan Area ZoneID=63 TypeName=Surface AutoTH=0 AutoProbe=0 [Surface] Enable=1 AlgorithmName=Surface Cl","-630538"
"C:\job\VCAM GrabColor\Metadata.ini",".ini","93","2025-03-05 16:08","2026-05-17 11:15","[General] name=VCAM GrabColor Id=fb440f3d-bcfd-4a16-a2b7-748b199b3d0f Version=1 JobTag= ","-630427"
"C:\job\VCAM GrabColor\VcamInstallerGuid.txt",".txt","36","2025-03-18 12:04","2026-05-17 11:15","a768aa22-3050-46d9-b4fc-0521e28c1ac6","-611951"
"C:\job\VCAM GrabColor\.audit\manifest.json",".json","407","2026-05-17 11:16","2026-05-17 11:16","{   ""jobName"": ""VCAM GrabColor"",   ""auditDbVersion"": ""1"",   ""created"": {     ""machine"": ""AMITA1"",     ""at"": ""2026-05-17T","0"
"C:\job\VCAM GrabColor\Setup1\CTWRepeatabilityReport.xml",".xml","457","2020-12-21 12:18","2026-05-17 11:15","<?xml version=""1.0"" encoding=""utf-8""?> <Config xmlns:xsd=""http://www.w3.org/2001/XMLSchema"" xmlns:xsi=""http://www.w3.org","-2841058"
"C:\job\VCAM GrabColor\Setup1\DefectsClustering.ini",".ini","236","2022-05-22 16:32","2026-05-17 11:15","[General] Distance=0 SelectedFirstSortingList=Priority SelectedSecondSortingList=Area SelectedFirstSortingListOrder=Asce","-2096323"
"C:\job\VCAM GrabColor\Setup1\DieAlignment.dat_block.ini",".ini","117","2025-03-18 11:42","2026-05-17 11:15","[General] IsMultiIndex=0 DieCount=1 [Die_0] Row=0 Col=0 PosX=0.000 PosY=0.000 SizeX=957.000 SizeY=1191.000 ","-611973"
"C:\job\VCAM GrabColor\Setup1\Metadata.ini",".ini","108","2025-03-05 16:04","2026-05-17 11:15","[General] name=Setup1 Id=b1e358b8-f095-44c9-9561-e71c8f80a1a5 Version=1 LastActiveRecipe=Repeatability ","-630431"
"C:\job\VCAM GrabColor\Setup1\MultiRecipe.ini",".ini","232","2024-02-25 09:56","2026-05-17 11:15","[Scan] Recipes=0,2, recipe_1=,Repeatability,,,,,1 recipe_2=,TPT,,,,,2 SamplingCount=0 SamplingYield=0 MergingThreadCount","-1169359"
"C:\job\VCAM GrabColor\Setup1\ProductionInfo.ini",".ini","133","2024-02-25 09:56","2026-05-17 11:15","[General] WaferDefectsCount=0 WaferDefectDiceRatio=0.000 BatchPassWafersCount=0 WaferDefectClassId=0 WaferDefectClassIdC","-1169359"
"C:\job\VCAM GrabColor\Setup1\Scripts.ini",".ini","78","2020-12-09 14:26","2026-05-17 11:15","[General] ScriptAfterWaferPath = C:\CamtekProduction\Data\ScriptAfterScan.cmd","-2858209"
"C:\job\VCAM GrabColor\Setup1\Recipes\Repeatability\Alignment.ini",".ini","53","2025-03-05 16:06","2026-05-17 11:15","[WAFER ALIGNMENT] CoarseAlignDone=1 Rotate  w2t=0 ","-630429"
"C:\job\VCAM GrabColor\Setup1\Recipes\Repeatability\AlignmentData.ini",".ini","731","2022-05-22 16:32","2026-05-17 11:15","[General] MinScore=97 MinTargetScore=0 AlignPointsNum=10 ForceToGMF=0 IsAffineEnabled=1 [Point_0] X=159654.700193 Y=1512","-2096323"
"C:\job\VCAM GrabColor\Setup1\Recipes\Repeatability\AlignRTP.ini",".ini","2896","2025-03-18 11:42","2026-05-17 11:15","[DIE_MAPPING] ROI_Size=128 ROI_Offset=0 WaferMap_MinScore=50 _04_DIE_MAPPING=0 [306a7e84-3bae-4443-bedf-ea9321f61841] 30","-611973"
"C:\job\VCAM GrabColor\Setup1\Recipes\Repeatability\CleanReferenceFinalParams.ini",".ini","980","2024-02-04 20:03","2026-05-17 11:15","[FramePerSecond] Value=140 [General] Version=2 [CleanRefParams] SizeX=2048 SizeY=2048 minCriteria=-2 maxCriteria=-1 minC","-1198992"
"C:\job\VCAM GrabColor\Setup1\Recipes\Repeatability\CreateReference3dOptions.ini",".ini","307","2022-05-22 16:31","2026-05-17 11:15","[General] Version=0 Debug=0 [Registration] ReferenceRegBy=0 BigBlockRowsNumber=1000 YPartitionsNumber=3 MaxErrorPix=5 PS","-2096324"
"C:\job\VCAM GrabColor\Setup1\Recipes\Repeatability\DefaultWafer2Table.ini",".ini","1021","2024-02-25 09:26","2026-05-17 11:15","[WAFER ALIGNMENT] Wafer2Table_X=          0.9999577350         0.0053674849   -153582.0178077489 Wafer2Table_Y=         ","-1169389"
"C:\job\VCAM GrabColor\Setup1\Recipes\Repeatability\DieAlignment.dat_block.ini",".ini","129","2017-07-24 16:51","2026-05-17 11:15","[General] IsMultiIndex=0 DieCount=1 [Die_0] Row=0 Col=0 PosX=0.000000 PosY=0.000000 SizeX=957.000000 SizeY=1191.000000 ","-4635024"
"C:\job\VCAM GrabColor\Setup1\Recipes\Repeatability\ExternalCoordSystems.ini",".ini","33","2017-07-24 17:26","2026-05-17 11:15","[ExternalCoordSystems] Count=0 ","-4634989"
"C:\job\VCAM GrabColor\Setup1\Recipes\Repeatability\GlobalRTP.ini",".ini","2749","2022-05-22 17:19","2026-05-17 11:15","[GLOBAL_RTP] AdaptiveHistogram=0 AdaptiveHistogramByDieSegments=1 AdaptiveHistogramMinPixelCount=32 AreaForReduceFaults=","-2096276"
"C:\job\VCAM GrabColor\Setup1\Recipes\Repeatability\Job.dat",".dat","1864","2017-12-03 22:33","2026-05-17 11:15","  =*[��G��#�>��� Repeatability 3�2Surface0���������8 (C y $1c1ab1fa-0699-45d5-bdeb-0552261bd443Q�$  ","-4444602"
"C:\job\VCAM GrabColor\Setup1\Recipes\Repeatability\JobIllumLimits.ini",".ini","182","2018-12-10 22:30","2026-05-17 11:15","[EAGLET_106249] IllumCalibDate=2018-03-18 14:37:27 ForcedSkipToDate=2018-03-20 15:12:21 [EAGLET_106384] IllumCalibDate=2","-3908925"
"C:\job\VCAM GrabColor\Setup1\Recipes\Repeatability\Metadata.ini",".ini","158","2024-02-25 09:30","2026-05-17 11:15","[General] name=Repeatability Id=8b34fbba-c33b-4d14-86cf-09690b26a992 Version=0 [GeneralOnlineVerificationParams] UseSetG","-1169385"
"C:\job\VCAM GrabColor\Setup1\Recipes\Repeatability\OpticPreset.ini",".ini","3288","2024-02-25 09:30","2026-05-17 11:15","[General] Signature=1 [Scan2d] Id=2b77bbc9-77c1-4019-bddd-5a13dbb33ef4 FocusPosAboveChuck=809.988337887835 Mag=5 CameraN","-1169385"
"C:\job\VCAM GrabColor\Setup1\Recipes\Repeatability\OpticToVCamStorage.json",".json","360","2025-03-18 11:43","2026-05-17 11:15","[   {     ""OpticId"": ""3259d894-0b5e-4b4c-9d2c-09a857ca8b81"",     ""Scenario"": ""Scan"",     ""IsAutoFocus"": false,     ""Stor","-611972"
"C:\job\VCAM GrabColor\Setup1\Recipes\Repeatability\ProductInfo.ini",".ini","3251","2025-03-18 11:42","2026-05-17 11:15","[General] GainOffsetMode=0 Reference_EdgeUncert=0 WaferTypeId=Patterned OCRWaferIDMask=II OCRWaferIDCtrlCharsMask= OCRCh","-611973"
"C:\job\VCAM GrabColor\Setup1\Recipes\Repeatability\Recipe.ini",".ini","2544","2025-03-18 11:43","2026-05-17 11:15","[AutoCycle] AutoFocusEvery=1 ; None CleanReferenceEvery=1 ; None UnloadToAnotherCassette=0 ; Move wafers from Loadport A","-611972"
"C:\job\VCAM GrabColor\Setup1\Recipes\Repeatability\RTP.txt",".txt","18342","2022-05-22 17:19","2026-05-17 11:15","[PostProcess]   ; Zone name Alg = Volume Shape_Violation_USL = 90000 ;  ( The Max bump volume allowed. )  Shape_Violatio","-2096276"
"C:\job\VCAM GrabColor\Setup1\Recipes\Repeatability\ScanOverlapLog.txt",".txt","450","2025-03-18 11:42","2026-05-17 11:15","Scan 2d Overlap [px], [um]; Pixel size = 1.693, 1.69 Minimum             :    32,   32,   54,   54 Detection           :","-611973"
"C:\job\VCAM GrabColor\Setup1\Recipes\Repeatability\ScenarioMetadataGrab.xml",".xml","1117","2024-02-25 09:30","2026-05-17 11:15","<MultiOpticsScenarioGrabConfiguration VersionNumber=""2.0"">   <ScenarioGrab Id=""ec72be0a-8d27-4e9a-9c2d-17dc8334987e"" Nam","-1169385"
"C:\job\VCAM GrabColor\Setup1\Recipes\Repeatability\ScenariosMetadatas.ini",".ini","1106","2024-02-25 09:25","2026-05-17 11:15","[General] Version=1 [Scan2d] Id=4b00a21d-d12b-46ac-88e7-085ba3c125ec OpticsId=3259d894-0b5e-4b4c-9d2c-09a857ca8b81 Refer","-1169390"
"C:\job\VCAM GrabColor\Setup1\Recipes\Repeatability\UniqueArea.ini",".ini","20","2017-07-24 16:49","2026-05-17 11:15","[General] Count=0 ","-4635026"
"C:\job\VCAM GrabColor\Setup1\Recipes\Repeatability\Wafer2Table_LastKnown.ini",".ini","1120","2017-08-16 10:58","2026-05-17 11:15","[WAFER ALIGNMENT] Wafer2Table_X=          1.0000000000         0.0000000000   -156935.0399285386 Wafer2Table_Y=         ","-4602257"
"C:\job\VCAM GrabColor\Setup1\Recipes\Repeatability\Wafer2Table.ini",".ini","1289","2025-03-18 11:42","2026-05-17 11:15","[WAFER ALIGNMENT] Wafer2Table_X=          1.0000134922        -0.0007887928   -152711.2842105871 Wafer2Table_Y=         ","-611973"
"C:\job\VCAM GrabColor\Setup1\Recipes\Repeatability\WaferDataReadSettings.xml",".xml","195","2022-07-06 20:43","2026-05-17 11:15","<?xml version=""1.0""?> <WaferDataReadSettings xmlns:xsi=""http://www.w3.org/2001/XMLSchema-instance"" xmlns:xsd=""http://www","-2031272"
"C:\job\VCAM GrabColor\Setup1\Recipes\Repeatability\Waferinfo.ini",".ini","484","2025-03-18 11:42","2026-05-17 11:15","[General] hd_cmm=False hd_alignment=True hd_scan=True hd_robot=False hd_verification=True key_userobot=False key_auto=Tr","-611974"
"C:\job\VCAM GrabColor\Setup1\Recipes\Repeatability\WaferMapRecipe.ini",".ini","1264","2025-03-05 16:10","2026-05-17 11:15","[GENERAL] SettingsPolicy=0 FiducialBin=-1 ImportSubPath= UpdateSubPath= ExportInAutoCycle=0 ExportInManualScan=0 AfterEx","-630425"
"C:\job\VCAM GrabColor\Setup1\Recipes\Repeatability\zones.ini",".ini","513","2024-02-25 09:27","2026-05-17 11:15","[General] Version=11 [ALGName] 255=PostProcess 0=Scan Area 1=Dark-3_5um 2=Bright-3_5um 3=Dark-5um 4=Bright-5um 5=Dark-10","-1169388"
"C:\job\VCAM GrabColor\Setup1\Recipes\Repeatability\zones.txt",".txt","530","2024-02-25 09:27","2026-05-17 11:15","ScaleX =    1.0000000000; ScaleY =    1.0000000000   RefID       X        Y  Zone Count      Shape Data       1    478.5","-1169388"
"C:\job\VCAM GrabColor\Setup1\Recipes\Repeatability\ZoneVerifyOptics.ini",".ini","51","2017-07-25 11:44","2026-05-17 11:15","[General] Version=1 UseSetGrabForOnlineVerify=0 ","-4633891"
"C:\job\VCAM GrabColor\Setup1\Recipes\Repeatability\ZoomLevels.ini",".ini","179","2017-07-25 11:44","2026-05-17 11:15","[DIE] Step_X=1247.52066988039 Step_Y=1247.68386561697 [ZOOM_LEVELS] LEVEL_1=1 SaveCompressed=0 LEVEL_2=1 [LEVEL_1] SizeX","-4633891"
"C:\job\VCAM GrabColor\Setup1\Recipes\Repeatability\.dc_cache\TransactionsHistory.ini",".ini","366","2024-02-25 09:30","2026-05-17 11:15","[DeprecatedInV0] Namespace.RuntimeEntities.RecipePartsCollection_Runtime|RecipePartsCollection|CleanReferenceParams=1 Na","-1169385"
"C:\job\VCAM GrabColor\Setup1\Recipes\Repeatability\EAGLET_106160\OpticsPreset.ini",".ini","500","2017-07-25 11:44","2026-05-17 11:15","[RobotSetup] Name=106160_12inch_sens.cfg [General] Signature=0 Scan2d-Id=36d0b0c9-e250-4577-b197-ac9c8bbdd436 Scan2d-ZPo","-4633891"
"C:\job\VCAM GrabColor\Setup1\Recipes\Repeatability\FocusMapping\FocusMapping.ini",".ini","2027","2025-03-05 16:06","2026-05-17 11:15","[Mode] AutoFocusRange=100 CreateSurfaceScore=Good MinMatchModelScore=Good DurationOfOneSite=3 NumOfDiceToScan=15 Resolut","-630429"
"C:\job\VCAM GrabColor\Setup1\Recipes\Repeatability\OpticLightMetadata\config.ini",".ini","292","2025-03-18 11:42","2026-05-17 11:15","[General] NominalDelta=0.000000000 Exist=0 targetPos_X=0.000000000 targetPos_Y=0.000000000 minY=0.000000000 minX=0.00000","-611973"
"C:\job\VCAM GrabColor\Setup1\Recipes\Repeatability\ReferenceBackup\ZoomLevels.ini",".ini","179","2017-07-25 11:44","2026-05-17 11:15","[DIE] Step_X=1247.52066988039 Step_Y=1247.68386561697 [ZOOM_LEVELS] LEVEL_1=1 SaveCompressed=0 LEVEL_2=1 [LEVEL_1] SizeX","-4633891"
"C:\job\VCAM GrabColor\Setup1\Recipes\Repeatability\TrainData\Die.ini",".ini","1029","2024-02-04 20:03","2026-05-17 11:15","[UNIQUE_PATTERN] Exists=0 [DIE] TrainFileExists=0 Frames_Format=1 Step_X=2107.000000 Step_Y=2096.000000 PixelSize_X=1.68","-1198992"
"C:\job\VCAM GrabColor\Setup1\Recipes\Repeatability\TrainData\DieRefToTrain.txt",".txt","277","2017-07-25 11:44","2026-05-17 11:15","[DieRefToTrainImage] DR_2_TI_X=0.999999994567987 -0.000104230638998617 1251.15701246877 DR_2_TI_Y=0.000104230638998617 0","-4633891"
"C:\job\VCAM GrabColor\Setup1\Recipes\Repeatability\TrainData\FrameToChuck.ini",".ini","160","2017-07-25 11:44","2026-05-17 11:15","[FrameToChuck] F2C_X=          1.6841197289         0.0001321961     -1293.5054783618 F2C_Y=         -0.0001321961      ","-4633891"
"C:\job\VCAM GrabColor\Setup1\Recipes\Repeatability\TrainData\ZonesVectorInfo.csv",".csv","464","2024-02-25 09:27","2026-05-17 11:15","ID,zone,X,Y,SizeX,SizeY,ShapeType,Angle,Is3d 15,Dark-3_5um,707.19138,727.31952,13.4703119999999,13.46888,1,0,0 1,Bright-","-1169388"
"C:\job\VCAM GrabColor\Setup1\Recipes\Repeatability\TrainData\DieImage\DieImageToTable.ini",".ini","302","2017-07-25 11:44","2026-05-17 11:15","[DieImageToTable] I2T_X=1.68378898091718 0.000253474275405115 -1174.61785998963 I2T_Y=-0.000253501224577012 1.6836099809","-4633891"
"C:\job\VCAM GrabColor\Setup1\Recipes\Repeatability\TrainData\DieImage\ZoomLevels.ini",".ini","169","2017-07-25 11:44","2026-05-17 11:15","[ZOOM_LEVELS] LEVEL_1=1 SaveCompressed=0 LEVEL_2=1 LEVEL_4=1 [LEVEL_1] SizeX=3905 SizeY=3824 [LEVEL_2] SizeX=1952 SizeY=","-4633891"
"C:\job\VCAM GrabColor\Setup1\Recipes\Repeatability\WaferAlignData\Alignment_PatFindRtp.txt",".txt","485","2025-03-18 11:42","2026-05-17 11:15"," [11:42:19 03/18/25] Minimum Score           :  97    Minimum Start        :  90    Reduce Delta         :  10 Minimum T","-611973"
"C:\job\VCAM GrabColor\Setup1\Recipes\Repeatability\WaferAlignData\Alignment_PatRes.txt",".txt","2243","2025-03-18 11:42","2026-05-17 11:15"," [11:42:19 03/18/25] ==========================================================================================  #    Co","-611973"
"C:\job\VCAM GrabColor\Setup1\Recipes\Repeatability\WaferAlignData\Alignment_Stat.txt",".txt","1574","2025-03-18 11:42","2026-05-17 11:15","  [11:42:19 03/18/25] ==================================================================================================","-611973"
"C:\job\VCAM GrabColor\Setup1\Recipes\Repeatability\WaferAlignData\AlignmentData.ini",".ini","32","2025-03-18 11:42","2026-05-17 11:15","[General] AlignmentTime=18344 ","-611973"
"C:\job\VCAM GrabColor\Setup1\Recipes\Repeatability\WaferAlignData\AlignmentStatisticsTime.txt",".txt","169","2025-03-18 11:42","2026-05-17 11:15","Alignment Statistics Grabbing Counter=14 Total=4061 Average=290.071442 Moving Counter=14 Total=4843 Average=345.928558 M","-611973"
"C:\job\VCAM GrabColor\Setup1\Recipes\Repeatability\Zones\Bright-10um.ini",".ini","5687","2025-02-11 11:03","2026-05-17 11:15","[General] ZoneName=Bright-10um ZoneID=6 TypeName=Surface AutoTH=0 AutoProbe=0 [Surface] Enable=1 AlgorithmName=Surface C","-662412"
"C:\job\VCAM GrabColor\Setup1\Recipes\Repeatability\Zones\Bright-3_5um.ini",".ini","5689","2025-02-11 11:03","2026-05-17 11:15","[General] ZoneName=Bright-3_5um ZoneID=2 TypeName=Surface AutoTH=0 AutoProbe=0 [Surface] Enable=1 AlgorithmName=Surface ","-662412"
"C:\job\VCAM GrabColor\Setup1\Recipes\Repeatability\Zones\Bright-5um.ini",".ini","5686","2025-02-11 11:03","2026-05-17 11:15","[General] ZoneName=Bright-5um ZoneID=4 TypeName=Surface AutoTH=0 AutoProbe=0 [Surface] Enable=1 AlgorithmName=Surface Cl","-662412"
"C:\job\VCAM GrabColor\Setup1\Recipes\Repeatability\Zones\Dark-10um.ini",".ini","5682","2025-02-11 11:03","2026-05-17 11:15","[General] ZoneName=Dark-10um ZoneID=5 TypeName=Surface AutoTH=0 AutoProbe=0 [Surface] Enable=1 AlgorithmName=Surface Cla","-662412"
"C:\job\VCAM GrabColor\Setup1\Recipes\Repeatability\Zones\Dark-3_5um.ini",".ini","5684","2025-02-11 11:03","2026-05-17 11:15","[General] ZoneName=Dark-3_5um ZoneID=1 TypeName=Surface AutoTH=0 AutoProbe=0 [Surface] Enable=1 AlgorithmName=Surface Cl","-662412"
"C:\job\VCAM GrabColor\Setup1\Recipes\Repeatability\Zones\Dark-5um.ini",".ini","5684","2025-02-11 11:03","2026-05-17 11:15","[General] ZoneName=Dark-5um ZoneID=3 TypeName=Surface AutoTH=0 AutoProbe=0 [Surface] Enable=1 AlgorithmName=Surface Clas","-662412"
"C:\job\VCAM GrabColor\Setup1\Recipes\Repeatability\Zones\PostProcess.ini",".ini","1813","2025-02-11 11:03","2026-05-17 11:15","[General] ZoneName=PostProcess ZoneID=255 TypeName=PostProcess AutoTH=0 AutoProbe=0 [Volume] Enable=0 AlgorithmName=Volu","-662412"
"C:\job\VCAM GrabColor\Setup1\Recipes\Repeatability\Zones\Scan Area.ini",".ini","5670","2025-02-11 11:03","2026-05-17 11:15","[General] ZoneName=Scan Area ZoneID=63 TypeName=Surface AutoTH=0 AutoProbe=0 [Surface] Enable=0 AlgorithmName=Surface Cl","-662412"
"C:\job\VCAM GrabColor\Setup1\Recipes\Repeatability DIMA\Alignment.ini",".ini","53","2024-02-25 09:24","2026-05-17 11:15","[WAFER ALIGNMENT] CoarseAlignDone=0 Rotate  w2t=0 ","-1169391"
"C:\job\VCAM GrabColor\Setup1\Recipes\Repeatability DIMA\AlignmentData.ini",".ini","731","2022-05-22 16:32","2026-05-17 11:15","[General] MinScore=97 MinTargetScore=0 AlignPointsNum=10 ForceToGMF=0 IsAffineEnabled=1 [Point_0] X=159654.700193 Y=1512","-2096323"
"C:\job\VCAM GrabColor\Setup1\Recipes\Repeatability DIMA\AlignRTP.ini",".ini","2822","2024-02-25 10:00","2026-05-17 11:15","[DIE_MAPPING] ROI_Size=128 ROI_Offset=0 WaferMap_MinScore=50 _04_DIE_MAPPING=0 [306a7e84-3bae-4443-bedf-ea9321f61841] 30","-1169355"
"C:\job\VCAM GrabColor\Setup1\Recipes\Repeatability DIMA\CleanReferenceFinalParams.ini",".ini","980","2024-02-04 20:03","2026-05-17 11:15","[FramePerSecond] Value=140 [General] Version=2 [CleanRefParams] SizeX=2048 SizeY=2048 minCriteria=-2 maxCriteria=-1 minC","-1198992"
"C:\job\VCAM GrabColor\Setup1\Recipes\Repeatability DIMA\CreateReference3dOptions.ini",".ini","307","2022-05-22 16:31","2026-05-17 11:15","[General] Version=0 Debug=0 [Registration] ReferenceRegBy=0 BigBlockRowsNumber=1000 YPartitionsNumber=3 MaxErrorPix=5 PS","-2096324"
"C:\job\VCAM GrabColor\Setup1\Recipes\Repeatability DIMA\DefaultWafer2Table.ini",".ini","1021","2024-02-25 09:26","2026-05-17 11:15","[WAFER ALIGNMENT] Wafer2Table_X=          0.9999577350         0.0053674849   -153582.0178077489 Wafer2Table_Y=         ","-1169389"
"C:\job\VCAM GrabColor\Setup1\Recipes\Repeatability DIMA\DieAlignment.dat_block.ini",".ini","129","2017-07-24 16:51","2026-05-17 11:15","[General] IsMultiIndex=0 DieCount=1 [Die_0] Row=0 Col=0 PosX=0.000000 PosY=0.000000 SizeX=957.000000 SizeY=1191.000000 ","-4635024"
"C:\job\VCAM GrabColor\Setup1\Recipes\Repeatability DIMA\ExternalCoordSystems.ini",".ini","33","2017-07-24 17:26","2026-05-17 11:15","[ExternalCoordSystems] Count=0 ","-4634989"
"C:\job\VCAM GrabColor\Setup1\Recipes\Repeatability DIMA\GlobalRTP.ini",".ini","3051","2024-02-25 09:57","2026-05-17 11:15","[GLOBAL_RTP] AdaptiveHistogram=0 AdaptiveHistogramByDieSegments=1 AdaptiveHistogramMinPixelCount=32 AreaForReduceFaults=","-1169358"
"C:\job\VCAM GrabColor\Setup1\Recipes\Repeatability DIMA\Job.dat",".dat","1864","2017-12-03 22:33","2026-05-17 11:15","  =*[��G��#�>��� Repeatability 3�2Surface0���������8 (C y $1c1ab1fa-0699-45d5-bdeb-0552261bd443Q�$  ","-4444602"
"C:\job\VCAM GrabColor\Setup1\Recipes\Repeatability DIMA\JobIllumLimits.ini",".ini","182","2018-12-10 22:30","2026-05-17 11:15","[EAGLET_106249] IllumCalibDate=2018-03-18 14:37:27 ForcedSkipToDate=2018-03-20 15:12:21 [EAGLET_106384] IllumCalibDate=2","-3908925"
"C:\job\VCAM GrabColor\Setup1\Recipes\Repeatability DIMA\Metadata.ini",".ini","158","2024-02-25 09:30","2026-05-17 11:15","[General] name=Repeatability Id=8b34fbba-c33b-4d14-86cf-09690b26a992 Version=0 [GeneralOnlineVerificationParams] UseSetG","-1169385"
"C:\job\VCAM GrabColor\Setup1\Recipes\Repeatability DIMA\OpticPreset.ini",".ini","3288","2024-02-25 09:30","2026-05-17 11:15","[General] Signature=1 [Scan2d] Id=2b77bbc9-77c1-4019-bddd-5a13dbb33ef4 FocusPosAboveChuck=809.988337887835 Mag=5 CameraN","-1169385"
"C:\job\VCAM GrabColor\Setup1\Recipes\Repeatability DIMA\ProductInfo.ini",".ini","3204","2024-03-05 14:18","2026-05-17 11:15","[General] GainOffsetMode=0 Reference_EdgeUncert=0 WaferTypeId=Patterned OCRWaferIDMask=II OCRWaferIDCtrlCharsMask= OCRCh","-1156137"
"C:\job\VCAM GrabColor\Setup1\Recipes\Repeatability DIMA\Recipe.ini",".ini","3976","2024-02-25 10:00","2026-05-17 11:15","[AutoCycle] AutoFocusEvery=1 ; None CleanReferenceEvery=1 ; None UnloadToAnotherCassette=0 ; Move wafers from Loadport A","-1169355"
"C:\job\VCAM GrabColor\Setup1\Recipes\Repeatability DIMA\RTP.txt",".txt","11460","2024-02-25 09:57","2026-05-17 11:15","[PostProcess]   ; Zone name Alg = Volume Shape_Violation_USL = 90000 ;  ( The Max bump volume allowed. )  Shape_Violatio","-1169358"
"C:\job\VCAM GrabColor\Setup1\Recipes\Repeatability DIMA\ScanOverlapLog.txt",".txt","450","2024-02-25 10:00","2026-05-17 11:15","Scan 2d Overlap [px], [um]; Pixel size = 1.693, 1.69 Minimum             :    32,   32,   54,   54 Detection           :","-1169355"
"C:\job\VCAM GrabColor\Setup1\Recipes\Repeatability DIMA\ScenarioMetadataGrab.xml",".xml","1117","2024-02-25 09:30","2026-05-17 11:15","<MultiOpticsScenarioGrabConfiguration VersionNumber=""2.0"">   <ScenarioGrab Id=""ec72be0a-8d27-4e9a-9c2d-17dc8334987e"" Nam","-1169385"
"C:\job\VCAM GrabColor\Setup1\Recipes\Repeatability DIMA\ScenariosMetadatas.ini",".ini","1106","2024-02-25 09:25","2026-05-17 11:15","[General] Version=1 [Scan2d] Id=4b00a21d-d12b-46ac-88e7-085ba3c125ec OpticsId=3259d894-0b5e-4b4c-9d2c-09a857ca8b81 Refer","-1169390"
"C:\job\VCAM GrabColor\Setup1\Recipes\Repeatability DIMA\UniqueArea.ini",".ini","20","2017-07-24 16:49","2026-05-17 11:15","[General] Count=0 ","-4635026"
"C:\job\VCAM GrabColor\Setup1\Recipes\Repeatability DIMA\Wafer2Table_LastKnown.ini",".ini","1120","2017-08-16 10:58","2026-05-17 11:15","[WAFER ALIGNMENT] Wafer2Table_X=          1.0000000000         0.0000000000   -156935.0399285386 Wafer2Table_Y=         ","-4602257"
"C:\job\VCAM GrabColor\Setup1\Recipes\Repeatability DIMA\Wafer2Table.ini",".ini","1021","2024-02-25 09:26","2026-05-17 11:15","[WAFER ALIGNMENT] Wafer2Table_X=          0.9999577350         0.0053674849   -153582.0178077489 Wafer2Table_Y=         ","-1169390"
"C:\job\VCAM GrabColor\Setup1\Recipes\Repeatability DIMA\WaferDataReadSettings.xml",".xml","195","2022-07-06 20:43","2026-05-17 11:15","<?xml version=""1.0""?> <WaferDataReadSettings xmlns:xsi=""http://www.w3.org/2001/XMLSchema-instance"" xmlns:xsd=""http://www","-2031272"
"C:\job\VCAM GrabColor\Setup1\Recipes\Repeatability DIMA\Waferinfo.ini",".ini","459","2024-02-25 10:00","2026-05-17 11:15","[General] hd_cmm=False hd_alignment=True hd_scan=True hd_robot=False hd_verification=True key_userobot=False key_auto=Tr","-1169356"
"C:\job\VCAM GrabColor\Setup1\Recipes\Repeatability DIMA\WaferMapRecipe.ini",".ini","1260","2025-02-11 11:02","2026-05-17 11:15","[GENERAL] SettingsPolicy=1 FiducialBin=-1 ImportSubPath= UpdateSubPath= ExportInAutoCycle=0 ExportInManualScan=0 AfterEx","-662413"
"C:\job\VCAM GrabColor\Setup1\Recipes\Repeatability DIMA\zones.ini",".ini","361","2024-02-25 09:57","2026-05-17 11:15","[General] Version=11 [ALGName] 255=PostProcess 0=Scan Area 1=Dark-3_5um 2=Bright-3_5um 3=Dark-5um [ALG] 255=PostProcess ","-1169358"
"C:\job\VCAM GrabColor\Setup1\Recipes\Repeatability DIMA\zones.txt",".txt","350","2024-02-25 09:57","2026-05-17 11:15","ScaleX =    1.0000000000; ScaleY =    1.0000000000   RefID       X        Y  Zone Count      Shape Data       1    478.5","-1169358"
"C:\job\VCAM GrabColor\Setup1\Recipes\Repeatability DIMA\ZoneVerifyOptics.ini",".ini","51","2024-02-25 09:57","2026-05-17 11:15","[General] Version=1 UseSetGrabForOnlineVerify=0 ","-1169358"
"C:\job\VCAM GrabColor\Setup1\Recipes\Repeatability DIMA\ZoomLevels.ini",".ini","179","2017-07-25 11:44","2026-05-17 11:15","[DIE] Step_X=1247.52066988039 Step_Y=1247.68386561697 [ZOOM_LEVELS] LEVEL_1=1 SaveCompressed=0 LEVEL_2=1 [LEVEL_1] SizeX","-4633891"
"C:\job\VCAM GrabColor\Setup1\Recipes\Repeatability DIMA\.dc_cache\TransactionsHistory.ini",".ini","366","2024-02-25 09:30","2026-05-17 11:15","[DeprecatedInV0] Namespace.RuntimeEntities.RecipePartsCollection_Runtime|RecipePartsCollection|CleanReferenceParams=1 Na","-1169385"
"C:\job\VCAM GrabColor\Setup1\Recipes\Repeatability DIMA\EAGLET_106160\OpticsPreset.ini",".ini","500","2017-07-25 11:44","2026-05-17 11:15","[RobotSetup] Name=106160_12inch_sens.cfg [General] Signature=0 Scan2d-Id=36d0b0c9-e250-4577-b197-ac9c8bbdd436 Scan2d-ZPo","-4633891"
"C:\job\VCAM GrabColor\Setup1\Recipes\Repeatability DIMA\FocusMapping\FocusMapping.ini",".ini","1928","2024-02-25 09:31","2026-05-17 11:15","[Mode] AutoFocusRange=100 CreateSurfaceScore=Good MinMatchModelScore=Good DurationOfOneSite=3 NumOfDiceToScan=15 Resolut","-1169385"
"C:\job\VCAM GrabColor\Setup1\Recipes\Repeatability DIMA\OpticLightMetadata\config.ini",".ini","259","2024-02-25 10:00","2026-05-17 11:15","[General] NominalDelta=0.000000 Exist=0 targetPos_X=0.000000 targetPos_Y=0.000000 minY=0.000000 minX=0.000000 maxY=0.000","-1169356"
"C:\job\VCAM GrabColor\Setup1\Recipes\Repeatability DIMA\ReferenceBackup\ZoomLevels.ini",".ini","179","2017-07-25 11:44","2026-05-17 11:15","[DIE] Step_X=1247.52066988039 Step_Y=1247.68386561697 [ZOOM_LEVELS] LEVEL_1=1 SaveCompressed=0 LEVEL_2=1 [LEVEL_1] SizeX","-4633891"
"C:\job\VCAM GrabColor\Setup1\Recipes\Repeatability DIMA\TrainData\Die.ini",".ini","1029","2024-02-04 20:03","2026-05-17 11:15","[UNIQUE_PATTERN] Exists=0 [DIE] TrainFileExists=0 Frames_Format=1 Step_X=2107.000000 Step_Y=2096.000000 PixelSize_X=1.68","-1198992"
"C:\job\VCAM GrabColor\Setup1\Recipes\Repeatability DIMA\TrainData\DieRefToTrain.txt",".txt","277","2017-07-25 11:44","2026-05-17 11:15","[DieRefToTrainImage] DR_2_TI_X=0.999999994567987 -0.000104230638998617 1251.15701246877 DR_2_TI_Y=0.000104230638998617 0","-4633891"
"C:\job\VCAM GrabColor\Setup1\Recipes\Repeatability DIMA\TrainData\FrameToChuck.ini",".ini","160","2017-07-25 11:44","2026-05-17 11:15","[FrameToChuck] F2C_X=          1.6841197289         0.0001321961     -1293.5054783618 F2C_Y=         -0.0001321961      ","-4633891"
"C:\job\VCAM GrabColor\Setup1\Recipes\Repeatability DIMA\TrainData\ZonesVectorInfo.csv",".csv","252","2024-02-25 09:57","2026-05-17 11:15","ID,zone,X,Y,SizeX,SizeY,ShapeType,Angle,Is3d 15,Dark-3_5um,707.19138,727.31952,13.4703119999999,13.46888,1,0,0 1,Bright-","-1169358"
"C:\job\VCAM GrabColor\Setup1\Recipes\Repeatability DIMA\TrainData\DieImage\DieImageToTable.ini",".ini","302","2017-07-25 11:44","2026-05-17 11:15","[DieImageToTable] I2T_X=1.68378898091718 0.000253474275405115 -1174.61785998963 I2T_Y=-0.000253501224577012 1.6836099809","-4633891"
"C:\job\VCAM GrabColor\Setup1\Recipes\Repeatability DIMA\TrainData\DieImage\ZoomLevels.ini",".ini","169","2017-07-25 11:44","2026-05-17 11:15","[ZOOM_LEVELS] LEVEL_1=1 SaveCompressed=0 LEVEL_2=1 LEVEL_4=1 [LEVEL_1] SizeX=3905 SizeY=3824 [LEVEL_2] SizeX=1952 SizeY=","-4633891"
"C:\job\VCAM GrabColor\Setup1\Recipes\Repeatability DIMA\WaferAlignData\Alignment_PatFindRtp.txt",".txt","485","2024-02-25 09:25","2026-05-17 11:15"," [09:25:25 02/25/24] Minimum Score           :  97    Minimum Start        :  90    Reduce Delta         :  10 Minimum T","-1169390"
"C:\job\VCAM GrabColor\Setup1\Recipes\Repeatability DIMA\WaferAlignData\Alignment_PatRes.txt",".txt","1813","2024-02-25 09:25","2026-05-17 11:15"," [09:25:25 02/25/24] ==========================================================================================  #    Co","-1169390"
"C:\job\VCAM GrabColor\Setup1\Recipes\Repeatability DIMA\WaferAlignData\Alignment_Stat.txt",".txt","426","2024-02-25 09:25","2026-05-17 11:15","  [09:25:25 02/25/24] ==================================================================================================","-1169390"
"C:\job\VCAM GrabColor\Setup1\Recipes\Repeatability DIMA\WaferAlignData\AlignmentStatisticsTime.txt",".txt","171","2024-02-25 09:25","2026-05-17 11:15","Alignment Statistics Grabbing Counter=10 Total=1984 Average=198.399994 Moving Counter=10 Total=2795 Average=279.500000 M","-1169390"
"C:\job\VCAM GrabColor\Setup1\Recipes\Repeatability DIMA\WaferAlignData\WaferManualAlign_PatFindRtp.txt",".txt","485","2024-02-25 09:26","2026-05-17 11:15"," [09:26:01 02/25/24] Minimum Score           :  97    Minimum Start        :  90    Reduce Delta         :  10 Minimum T","-1169390"
"C:\job\VCAM GrabColor\Setup1\Recipes\Repeatability DIMA\WaferAlignData\WaferManualAlign_PatRes.txt",".txt","1302","2024-02-25 09:26","2026-05-17 11:15"," [09:26:01 02/25/24] ==========================================================================================  #    Co","-1169390"
"C:\job\VCAM GrabColor\Setup1\Recipes\Repeatability DIMA\WaferAlignData\WaferManualAlign_Stat.txt",".txt","1274","2024-02-25 09:26","2026-05-17 11:15","  [09:26:01 02/25/24] ==================================================================================================","-1169390"
"C:\job\VCAM GrabColor\Setup1\Recipes\Repeatability DIMA\Zones\Bright-3_5um.ini",".ini","5689","2025-02-11 11:03","2026-05-17 11:15","[General] ZoneName=Bright-3_5um ZoneID=2 TypeName=Surface AutoTH=0 AutoProbe=0 [Surface] Enable=0 AlgorithmName=Surface ","-662412"
"C:\job\VCAM GrabColor\Setup1\Recipes\Repeatability DIMA\Zones\Dark-3_5um.ini",".ini","5684","2025-02-11 11:03","2026-05-17 11:15","[General] ZoneName=Dark-3_5um ZoneID=1 TypeName=Surface AutoTH=0 AutoProbe=0 [Surface] Enable=0 AlgorithmName=Surface Cl","-662412"
"C:\job\VCAM GrabColor\Setup1\Recipes\Repeatability DIMA\Zones\Dark-5um.ini",".ini","5684","2025-02-11 11:03","2026-05-17 11:15","[General] ZoneName=Dark-5um ZoneID=3 TypeName=Surface AutoTH=0 AutoProbe=0 [Surface] Enable=1 AlgorithmName=Surface Clas","-662412"
"C:\job\VCAM GrabColor\Setup1\Recipes\Repeatability DIMA\Zones\PostProcess.ini",".ini","1813","2025-02-11 11:03","2026-05-17 11:15","[General] ZoneName=PostProcess ZoneID=255 TypeName=PostProcess AutoTH=0 AutoProbe=0 [Volume] Enable=0 AlgorithmName=Volu","-662412"
"C:\job\VCAM GrabColor\Setup1\Recipes\Repeatability DIMA\Zones\Scan Area.ini",".ini","5670","2025-02-11 11:03","2026-05-17 11:15","[General] ZoneName=Scan Area ZoneID=63 TypeName=Surface AutoTH=0 AutoProbe=0 [Surface] Enable=0 AlgorithmName=Surface Cl","-662412"
"C:\job\VCAM GrabColor\Setup1\Recipes\TPT\Alignment.ini",".ini","38","2017-07-25 10:06","2026-05-17 11:15","[WAFER ALIGNMENT] CoarseAlignDone=1 ","-4633989"
"C:\job\VCAM GrabColor\Setup1\Recipes\TPT\AlignmentData.ini",".ini","730","2025-02-11 11:03","2026-05-17 11:15","[General] MinScore=97 MinTargetScore=0 AlignPointsNum=10 ForceToGMF=0 IsAffineEnabled=1 [Point_0] X=153832.077324 Y=1515","-662412"
"C:\job\VCAM GrabColor\Setup1\Recipes\TPT\AlignRTP.ini",".ini","2896","2025-02-11 11:10","2026-05-17 11:15","[DIE_MAPPING] ROI_Size=128 ROI_Offset=0 WaferMap_MinScore=50 _04_DIE_MAPPING=0 [DIE Alignment] Die__MinModelSize=32 Die_","-662406"
"C:\job\VCAM GrabColor\Setup1\Recipes\TPT\AQL.ini",".ini","491","2023-10-30 15:58","2026-05-17 11:15","[General] ckWaferAql2=0 optRandom-1=False optRandom-0=False ckWaferAql=0 fpRandomDice=1.0 fpWaferYield-2=1.0 optWafersSe","-1338917"
"C:\job\VCAM GrabColor\Setup1\Recipes\TPT\CleanReferenceFinalParams.ini",".ini","950","2023-03-20 19:13","2026-05-17 11:15","[General] Version=2 [CleanRefParams] SizeX=2048 SizeY=2048 minCriteria=-2 maxCriteria=-1 minCreateMul=2 maxCreateMul=2 m","-1661282"
"C:\job\VCAM GrabColor\Setup1\Recipes\TPT\CreateReference3dOptions.ini",".ini","324","2022-07-06 20:43","2026-05-17 11:15","[General] Version=0 Debug=0 [Registration] ReferenceRegBy=0 BigBlockRowsNumber=1000 YPartitionsNumber=3 MaxErrorPix=5 PS","-2031272"
"C:\job\VCAM GrabColor\Setup1\Recipes\TPT\DefaultWafer2Table.ini",".ini","1125","2017-07-25 10:06","2026-05-17 11:15","[WAFER ALIGNMENT] Wafer2Table_X=          0.9999990729         0.0002908860   -154934.3400690717 Wafer2Table_Y=         ","-4633990"
"C:\job\VCAM GrabColor\Setup1\Recipes\TPT\DieAlignment.dat_block.ini",".ini","129","2017-07-24 16:51","2026-05-17 11:15","[General] IsMultiIndex=0 DieCount=1 [Die_0] Row=0 Col=0 PosX=0.000000 PosY=0.000000 SizeX=957.000000 SizeY=1191.000000 ","-4635024"
"C:\job\VCAM GrabColor\Setup1\Recipes\TPT\ExternalCoordSystems.ini",".ini","33","2017-07-24 17:26","2026-05-17 11:15","[ExternalCoordSystems] Count=0 ","-4634989"
"C:\job\VCAM GrabColor\Setup1\Recipes\TPT\GlobalRTP.ini",".ini","3035","2025-02-11 11:03","2026-05-17 11:15","[GLOBAL_RTP] AdaptiveHistogram=0 AdaptiveHistogramByDieSegments=1 AdaptiveHistogramMinPixelCount=32 AreaForReduceFaults=","-662412"
"C:\job\VCAM GrabColor\Setup1\Recipes\TPT\Job.dat",".dat","1852","2017-07-25 10:11","2026-05-17 11:15","  ���{��N��R\���X�% Surface Scan Area_0�     ��@!     �@:$02a178a1-8f95-400d-9e07-021d42909e65Default ","-4633984"
"C:\job\VCAM GrabColor\Setup1\Recipes\TPT\JobIllumLimits.ini",".ini","85","2025-02-11 11:03","2026-05-17 11:15","[SW_QA-4] IllumCalibDate=2024-08-14 16:35:32 ForcedSkipToDate=2025-03-13 11:03:08 ","-662412"
"C:\job\VCAM GrabColor\Setup1\Recipes\TPT\Metadata.ini",".ini","73","2017-07-25 11:44","2026-05-17 11:15","[General] name=TPT Id=90d06b30-79f6-48ae-b87b-95756ee5f122 Version=0 ","-4633891"
"C:\job\VCAM GrabColor\Setup1\Recipes\TPT\OpticPreset.ini",".ini","979","2018-12-11 11:15","2026-05-17 11:15","[General] Signature=1 [Scan2d] Id=6d8c76f0-ce9d-40d7-8119-0b7a12067bc7 FocusPosAboveChuck=777.499863794052 Mag=5 CameraN","-3908161"
"C:\job\VCAM GrabColor\Setup1\Recipes\TPT\ProductInfo.ini",".ini","2787","2025-03-05 16:04","2026-05-17 11:15","[General] GainOffsetMode=0 Reference_EdgeUncert=0 WaferTypeId=Patterned OCRWaferIDMask=II OCRWaferIDCtrlCharsMask= OCRCh","-630432"
"C:\job\VCAM GrabColor\Setup1\Recipes\TPT\Recipe.ini",".ini","2444","2025-02-11 11:04","2026-05-17 11:15","[AutoCycle] AutoFocusEvery=1 ; None CleanReferenceEvery=1 ; None UnloadToAnotherCassette=0 ; Move wafers from Loadport A","-662411"
"C:\job\VCAM GrabColor\Setup1\Recipes\TPT\RTP.txt",".txt","18355","2025-02-11 11:03","2026-05-17 11:15","[PostProcess]   ; Zone name Alg = Volume Shape_Violation_USL = 90000 ;  ( The Max bump volume allowed. )  Shape_Violatio","-662412"
"C:\job\VCAM GrabColor\Setup1\Recipes\TPT\ScanOverlapLog.txt",".txt","450","2025-02-11 11:10","2026-05-17 11:15","Scan 2d Overlap [px], [um]; Pixel size = 1.693, 1.69 Minimum             :    32,   32,   54,   54 Detection           :","-662406"
"C:\job\VCAM GrabColor\Setup1\Recipes\TPT\ScenariosMetadatas.ini",".ini","985","2018-12-11 11:14","2026-05-17 11:15","[General] Version=1 [Scan2d] Id=c3334313-e949-490d-bb88-d72c6d33d968 OpticsId=74a1dbb4-ddd8-46f7-ba71-bf5d6fc29602 Refer","-3908161"
"C:\job\VCAM GrabColor\Setup1\Recipes\TPT\UniqueArea.ini",".ini","20","2017-07-24 16:49","2026-05-17 11:15","[General] Count=0 ","-4635026"
"C:\job\VCAM GrabColor\Setup1\Recipes\TPT\Wafer2Table_LastKnown.ini",".ini","1122","2017-07-24 16:49","2026-05-17 11:15","[WAFER ALIGNMENT] Wafer2Table_X=          0.9999295194         0.0001177025   -150296.4001458308 Wafer2Table_Y=         ","-4635027"
"C:\job\VCAM GrabColor\Setup1\Recipes\TPT\Wafer2Table.ini",".ini","1283","2025-02-11 11:03","2026-05-17 11:15","[WAFER ALIGNMENT] Wafer2Table_X=          0.9999929318        -0.0005088435   -154827.9432705407 Wafer2Table_Y=         ","-662412"
"C:\job\VCAM GrabColor\Setup1\Recipes\TPT\WaferDataReadSettings.xml",".xml","195","2022-07-25 10:59","2026-05-17 11:15","<?xml version=""1.0""?> <WaferDataReadSettings xmlns:xsi=""http://www.w3.org/2001/XMLSchema-instance"" xmlns:xsd=""http://www","-2004496"
"C:\job\VCAM GrabColor\Setup1\Recipes\TPT\Waferinfo.ini",".ini","393","2025-02-11 11:10","2026-05-17 11:15","[General] hd_cmm=False hd_alignment=True hd_scan=True hd_robot=False hd_verification=True key_userobot=False key_auto=Tr","-662406"
"C:\job\VCAM GrabColor\Setup1\Recipes\TPT\WaferMapRecipe.ini",".ini","1260","2025-02-11 11:02","2026-05-17 11:15","[GENERAL] SettingsPolicy=1 FiducialBin=-1 ImportSubPath= UpdateSubPath= ExportInAutoCycle=0 ExportInManualScan=0 AfterEx","-662413"
"C:\job\VCAM GrabColor\Setup1\Recipes\TPT\zones.ini",".ini","445","2017-07-25 10:11","2026-05-17 11:15","[General] Version=11 [ALGName] 255=PostProcess 0=Scan Area 1=Dark-3_5um 2=Bright-3_5um 3=Dark-5um 4=Bright-5um 5=Dark-10","-4633984"
"C:\job\VCAM GrabColor\Setup1\Recipes\TPT\zones.txt",".txt","530","2017-07-25 10:11","2026-05-17 11:15","ScaleX =    1.0000000000; ScaleY =    1.0000000000   RefID       X        Y  Zone Count      Shape Data       1    478.5","-4633984"
"C:\job\VCAM GrabColor\Setup1\Recipes\TPT\ZoneVerifyOptics.ini",".ini","51","2017-07-25 11:44","2026-05-17 11:15","[General] Version=1 UseSetGrabForOnlineVerify=0 ","-4633891"
"C:\job\VCAM GrabColor\Setup1\Recipes\TPT\ZoomLevels.ini",".ini","179","2017-07-24 16:48","2026-05-17 11:15","[DIE] Step_X=1247.52066988039 Step_Y=1247.68386561697 [ZOOM_LEVELS] LEVEL_1=1 SaveCompressed=0 LEVEL_2=1 [LEVEL_1] SizeX","-4635027"
"C:\job\VCAM GrabColor\Setup1\Recipes\TPT\.dc_cache\TransactionsHistory.ini",".ini","120","2023-03-20 19:13","2026-05-17 11:15","[DeprecatedInV0] Namespace.RuntimeEntities.RecipePartsCollection_Runtime|RecipePartsCollection|CleanReferenceParams=1 ","-1661282"
"C:\job\VCAM GrabColor\Setup1\Recipes\TPT\EAGLET_106160\OpticsPreset.ini",".ini","500","2017-07-25 11:44","2026-05-17 11:15","[RobotSetup] Name=106160_12inch_sens.cfg [General] Signature=0 Scan2d-Id=b36d8485-c876-4785-8f70-b9773ca86130 Scan2d-ZPo","-4633891"
"C:\job\VCAM GrabColor\Setup1\Recipes\TPT\OpticLightMetadata\config.ini",".ini","1131","2025-02-11 11:10","2026-05-17 11:15","[General] NominalDelta=0.000000000 Exist=0 targetPos_X=10592885482300052375351495947893948261085519603070163260109980132","-662406"
"C:\job\VCAM GrabColor\Setup1\Recipes\TPT\ReferenceBackup\ZoomLevels.ini",".ini","179","2017-07-25 11:44","2026-05-17 11:15","[DIE] Step_X=1247.52066988039 Step_Y=1247.68386561697 [ZOOM_LEVELS] LEVEL_1=1 SaveCompressed=0 LEVEL_2=1 [LEVEL_1] SizeX","-4633891"
"C:\job\VCAM GrabColor\Setup1\Recipes\TPT\SW_QA-4\OpticsPreset.ini",".ini","68","2023-03-20 19:13","2026-05-17 11:15","[Chuck] CenterX=158610.875 CenterY=138176.140625 CenterZ=-419.6 ","-1661283"
"C:\job\VCAM GrabColor\Setup1\Recipes\TPT\TrainData\Die.ini",".ini","1000","2017-07-25 11:44","2026-05-17 11:15","[UNIQUE_PATTERN] Exists=0 [DIE] TrainFileExists=0 Frames_Format=1 Step_X=2107.000000 Step_Y=2096.000000 PixelSize_X=1.68","-4633891"
"C:\job\VCAM GrabColor\Setup1\Recipes\TPT\TrainData\DieRefToTrain.txt",".txt","277","2017-07-25 11:44","2026-05-17 11:15","[DieRefToTrainImage] DR_2_TI_X=0.999999994567987 -0.000104230638998617 1251.15701246877 DR_2_TI_Y=0.000104230638998617 0","-4633891"
"C:\job\VCAM GrabColor\Setup1\Recipes\TPT\TrainData\FrameToChuck.ini",".ini","160","2017-07-25 11:44","2026-05-17 11:15","[FrameToChuck] F2C_X=          1.6841197289         0.0001321961     -1293.5054783618 F2C_Y=         -0.0001321961      ","-4633891"
"C:\job\VCAM GrabColor\Setup1\Recipes\TPT\TrainData\DieImage\DieImageToTable.ini",".ini","302","2017-07-25 11:44","2026-05-17 11:15","[DieImageToTable] I2T_X=1.68378898091718 0.000253474275405115 -1174.61785998963 I2T_Y=-0.000253501224577012 1.6836099809","-4633891"
"C:\job\VCAM GrabColor\Setup1\Recipes\TPT\TrainData\DieImage\ZoomLevels.ini",".ini","169","2017-07-25 11:44","2026-05-17 11:15","[ZOOM_LEVELS] LEVEL_1=1 SaveCompressed=0 LEVEL_2=1 LEVEL_4=1 [LEVEL_1] SizeX=3905 SizeY=3824 [LEVEL_2] SizeX=1952 SizeY=","-4633891"
"C:\job\VCAM GrabColor\Setup1\Recipes\TPT\WaferAlignData\Alignment_PatFindRtp.txt",".txt","485","2025-02-11 11:03","2026-05-17 11:15"," [11:03:27 02/11/25] Minimum Score           :  97    Minimum Start        :  90    Reduce Delta         :  10 Minimum T","-662412"
"C:\job\VCAM GrabColor\Setup1\Recipes\TPT\WaferAlignData\Alignment_PatRes.txt",".txt","2243","2025-02-11 11:03","2026-05-17 11:15"," [11:03:27 02/11/25] ==========================================================================================  #    Co","-662412"
"C:\job\VCAM GrabColor\Setup1\Recipes\TPT\WaferAlignData\Alignment_Stat.txt",".txt","1574","2025-02-11 11:03","2026-05-17 11:15","  [11:03:27 02/11/25] ==================================================================================================","-662412"
"C:\job\VCAM GrabColor\Setup1\Recipes\TPT\WaferAlignData\AlignmentData.ini",".ini","32","2025-02-11 11:03","2026-05-17 11:15","[General] AlignmentTime=18742 ","-662412"
"C:\job\VCAM GrabColor\Setup1\Recipes\TPT\WaferAlignData\AlignmentNotFound_rtp.txt",".txt","485","2025-02-06 15:51","2026-05-17 11:15"," [15:51:29 02/06/25] Minimum Score           :  85    Minimum Start        :  90    Reduce Delta         :  10 Minimum T","-669324"
"C:\job\VCAM GrabColor\Setup1\Recipes\TPT\WaferAlignData\AlignmentStatisticsTime.txt",".txt","169","2025-02-11 11:03","2026-05-17 11:15","Alignment Statistics Grabbing Counter=14 Total=4768 Average=340.571442 Moving Counter=14 Total=5482 Average=391.571442 M","-662412"
"C:\job\VCAM GrabColor\Setup1\Recipes\TPT\Zones\Bright-10um.ini",".ini","5795","2025-02-11 11:11","2026-05-17 11:15","[General] ZoneName=Bright-10um ZoneID=6 TypeName=Surface AutoTH=0 AutoProbe=0 [Surface] Enable=0 AlgorithmName=Surface C","-662405"
"C:\job\VCAM GrabColor\Setup1\Recipes\TPT\Zones\Bright-3_5um.ini",".ini","5797","2025-02-11 11:11","2026-05-17 11:15","[General] ZoneName=Bright-3_5um ZoneID=2 TypeName=Surface AutoTH=0 AutoProbe=0 [Surface] Enable=0 AlgorithmName=Surface ","-662405"
"C:\job\VCAM GrabColor\Setup1\Recipes\TPT\Zones\Bright-5um.ini",".ini","5794","2025-02-11 11:11","2026-05-17 11:15","[General] ZoneName=Bright-5um ZoneID=4 TypeName=Surface AutoTH=0 AutoProbe=0 [Surface] Enable=0 AlgorithmName=Surface Cl","-662405"
"C:\job\VCAM GrabColor\Setup1\Recipes\TPT\Zones\Dark-10um.ini",".ini","5790","2025-02-11 11:11","2026-05-17 11:15","[General] ZoneName=Dark-10um ZoneID=5 TypeName=Surface AutoTH=0 AutoProbe=0 [Surface] Enable=0 AlgorithmName=Surface Cla","-662405"
"C:\job\VCAM GrabColor\Setup1\Recipes\TPT\Zones\Dark-3_5um.ini",".ini","5792","2025-02-11 11:11","2026-05-17 11:15","[General] ZoneName=Dark-3_5um ZoneID=1 TypeName=Surface AutoTH=0 AutoProbe=0 [Surface] Enable=0 AlgorithmName=Surface Cl","-662405"
"C:\job\VCAM GrabColor\Setup1\Recipes\TPT\Zones\Dark-5um.ini",".ini","5792","2025-02-11 11:11","2026-05-17 11:15","[General] ZoneName=Dark-5um ZoneID=3 TypeName=Surface AutoTH=0 AutoProbe=0 [Surface] Enable=0 AlgorithmName=Surface Clas","-662405"
"C:\job\VCAM GrabColor\Setup1\Recipes\TPT\Zones\PostProcess.ini",".ini","1525","2025-02-11 11:11","2026-05-17 11:15","[General] ZoneName=PostProcess ZoneID=255 TypeName=PostProcess AutoTH=0 AutoProbe=0 [Volume] Enable=0 AlgorithmName=Volu","-662405"
"C:\job\VCAM GrabColor\Setup1\Recipes\TPT\Zones\Scan Area.ini",".ini","5793","2025-02-11 11:11","2026-05-17 11:15","[General] ZoneName=Scan Area ZoneID=63 TypeName=Surface AutoTH=0 AutoProbe=0 [Surface] Enable=1 AlgorithmName=Surface Cl","-662405"
"C:\job\VCAM GrabDefectiveDie\Metadata.ini",".ini","100","2025-03-05 16:14","2026-05-17 11:15","[General] name=VCAM GrabDefectiveDie Id=fb440f3d-bcfd-4a16-a2b7-748b199b3d0f Version=1 JobTag= ","-630421"
"C:\job\VCAM GrabDefectiveDie\VcamInstallerGuid.txt",".txt","36","2025-03-18 12:04","2026-05-17 11:15","a768aa22-3050-46d9-b4fc-0521e28c1ac6","-611951"
"C:\job\VCAM GrabDefectiveDie\.audit\manifest.json",".json","413","2026-05-17 11:16","2026-05-17 11:16","{   ""jobName"": ""VCAM GrabDefectiveDie"",   ""auditDbVersion"": ""1"",   ""created"": {     ""machine"": ""AMITA1"",     ""at"": ""2026","0"
"C:\job\VCAM GrabDefectiveDie\Setup1\CTWRepeatabilityReport.xml",".xml","457","2020-12-21 12:18","2026-05-17 11:15","<?xml version=""1.0"" encoding=""utf-8""?> <Config xmlns:xsd=""http://www.w3.org/2001/XMLSchema"" xmlns:xsi=""http://www.w3.org","-2841058"
"C:\job\VCAM GrabDefectiveDie\Setup1\DefectsClustering.ini",".ini","236","2022-05-22 16:32","2026-05-17 11:15","[General] Distance=0 SelectedFirstSortingList=Priority SelectedSecondSortingList=Area SelectedFirstSortingListOrder=Asce","-2096323"
"C:\job\VCAM GrabDefectiveDie\Setup1\DieAlignment.dat_block.ini",".ini","117","2025-03-18 11:59","2026-05-17 11:15","[General] IsMultiIndex=0 DieCount=1 [Die_0] Row=0 Col=0 PosX=0.000 PosY=0.000 SizeX=957.000 SizeY=1191.000 ","-611956"
"C:\job\VCAM GrabDefectiveDie\Setup1\Metadata.ini",".ini","108","2025-03-05 16:04","2026-05-17 11:15","[General] name=Setup1 Id=b1e358b8-f095-44c9-9561-e71c8f80a1a5 Version=1 LastActiveRecipe=Repeatability ","-630432"
"C:\job\VCAM GrabDefectiveDie\Setup1\MultiRecipe.ini",".ini","232","2024-02-25 09:56","2026-05-17 11:15","[Scan] Recipes=0,2, recipe_1=,Repeatability,,,,,1 recipe_2=,TPT,,,,,2 SamplingCount=0 SamplingYield=0 MergingThreadCount","-1169360"
"C:\job\VCAM GrabDefectiveDie\Setup1\ProductionInfo.ini",".ini","133","2024-02-25 09:56","2026-05-17 11:15","[General] WaferDefectsCount=0 WaferDefectDiceRatio=0.000 BatchPassWafersCount=0 WaferDefectClassId=0 WaferDefectClassIdC","-1169360"
"C:\job\VCAM GrabDefectiveDie\Setup1\Scripts.ini",".ini","78","2020-12-09 14:26","2026-05-17 11:15","[General] ScriptAfterWaferPath = C:\CamtekProduction\Data\ScriptAfterScan.cmd","-2858209"
"C:\job\VCAM GrabDefectiveDie\Setup1\Recipes\Repeatability\Alignment.ini",".ini","53","2025-03-18 11:59","2026-05-17 11:15","[WAFER ALIGNMENT] CoarseAlignDone=1 Rotate  w2t=0 ","-611957"
"C:\job\VCAM GrabDefectiveDie\Setup1\Recipes\Repeatability\AlignmentData.ini",".ini","731","2022-05-22 16:32","2026-05-17 11:15","[General] MinScore=97 MinTargetScore=0 AlignPointsNum=10 ForceToGMF=0 IsAffineEnabled=1 [Point_0] X=159654.700193 Y=1512","-2096323"
"C:\job\VCAM GrabDefectiveDie\Setup1\Recipes\Repeatability\AlignRTP.ini",".ini","2896","2025-03-18 11:59","2026-05-17 11:15","[DIE_MAPPING] ROI_Size=128 ROI_Offset=0 WaferMap_MinScore=50 _04_DIE_MAPPING=0 [306a7e84-3bae-4443-bedf-ea9321f61841] 30","-611957"
"C:\job\VCAM GrabDefectiveDie\Setup1\Recipes\Repeatability\CleanReferenceFinalParams.ini",".ini","980","2024-02-04 20:03","2026-05-17 11:15","[FramePerSecond] Value=140 [General] Version=2 [CleanRefParams] SizeX=2048 SizeY=2048 minCriteria=-2 maxCriteria=-1 minC","-1198993"
"C:\job\VCAM GrabDefectiveDie\Setup1\Recipes\Repeatability\CreateReference3dOptions.ini",".ini","307","2022-05-22 16:31","2026-05-17 11:15","[General] Version=0 Debug=0 [Registration] ReferenceRegBy=0 BigBlockRowsNumber=1000 YPartitionsNumber=3 MaxErrorPix=5 PS","-2096325"
"C:\job\VCAM GrabDefectiveDie\Setup1\Recipes\Repeatability\DefaultWafer2Table.ini",".ini","1021","2024-02-25 09:26","2026-05-17 11:15","[WAFER ALIGNMENT] Wafer2Table_X=          0.9999577350         0.0053674849   -153582.0178077489 Wafer2Table_Y=         ","-1169389"
"C:\job\VCAM GrabDefectiveDie\Setup1\Recipes\Repeatability\DieAlignment.dat_block.ini",".ini","129","2017-07-24 16:51","2026-05-17 11:15","[General] IsMultiIndex=0 DieCount=1 [Die_0] Row=0 Col=0 PosX=0.000000 PosY=0.000000 SizeX=957.000000 SizeY=1191.000000 ","-4635024"
"C:\job\VCAM GrabDefectiveDie\Setup1\Recipes\Repeatability\ExternalCoordSystems.ini",".ini","33","2017-07-24 17:26","2026-05-17 11:15","[ExternalCoordSystems] Count=0 ","-4634989"
"C:\job\VCAM GrabDefectiveDie\Setup1\Recipes\Repeatability\GlobalRTP.ini",".ini","2749","2022-05-22 17:19","2026-05-17 11:15","[GLOBAL_RTP] AdaptiveHistogram=0 AdaptiveHistogramByDieSegments=1 AdaptiveHistogramMinPixelCount=32 AreaForReduceFaults=","-2096276"
"C:\job\VCAM GrabDefectiveDie\Setup1\Recipes\Repeatability\Job.dat",".dat","1864","2017-12-03 22:33","2026-05-17 11:15","  =*[��G��#�>��� Repeatability 3�2Surface0���������8 (C y $1c1ab1fa-0699-45d5-bdeb-0552261bd443Q�$  ","-4444602"
"C:\job\VCAM GrabDefectiveDie\Setup1\Recipes\Repeatability\JobIllumLimits.ini",".ini","182","2018-12-10 22:30","2026-05-17 11:15","[EAGLET_106249] IllumCalibDate=2018-03-18 14:37:27 ForcedSkipToDate=2018-03-20 15:12:21 [EAGLET_106384] IllumCalibDate=2","-3908925"
"C:\job\VCAM GrabDefectiveDie\Setup1\Recipes\Repeatability\Metadata.ini",".ini","158","2024-02-25 09:30","2026-05-17 11:15","[General] name=Repeatability Id=8b34fbba-c33b-4d14-86cf-09690b26a992 Version=0 [GeneralOnlineVerificationParams] UseSetG","-1169385"
"C:\job\VCAM GrabDefectiveDie\Setup1\Recipes\Repeatability\OpticPreset.ini",".ini","3288","2024-02-25 09:30","2026-05-17 11:15","[General] Signature=1 [Scan2d] Id=2b77bbc9-77c1-4019-bddd-5a13dbb33ef4 FocusPosAboveChuck=809.988337887835 Mag=5 CameraN","-1169385"
"C:\job\VCAM GrabDefectiveDie\Setup1\Recipes\Repeatability\OpticToVCamStorage.json",".json","360","2025-03-18 11:59","2026-05-17 11:15","[   {     ""OpticId"": ""3259d894-0b5e-4b4c-9d2c-09a857ca8b81"",     ""Scenario"": ""Scan"",     ""IsAutoFocus"": false,     ""Stor","-611956"
"C:\job\VCAM GrabDefectiveDie\Setup1\Recipes\Repeatability\ProductInfo.ini",".ini","3258","2025-03-18 11:59","2026-05-17 11:15","[General] GainOffsetMode=0 Reference_EdgeUncert=0 WaferTypeId=Patterned OCRWaferIDMask=II OCRWaferIDCtrlCharsMask= OCRCh","-611957"
"C:\job\VCAM GrabDefectiveDie\Setup1\Recipes\Repeatability\Recipe.ini",".ini","2544","2025-03-05 16:15","2026-05-17 11:15","[AutoCycle] AutoFocusEvery=1 ; None CleanReferenceEvery=1 ; None UnloadToAnotherCassette=0 ; Move wafers from Loadport A","-630420"
"C:\job\VCAM GrabDefectiveDie\Setup1\Recipes\Repeatability\RTP.txt",".txt","18342","2022-05-22 17:19","2026-05-17 11:15","[PostProcess]   ; Zone name Alg = Volume Shape_Violation_USL = 90000 ;  ( The Max bump volume allowed. )  Shape_Violatio","-2096276"
"C:\job\VCAM GrabDefectiveDie\Setup1\Recipes\Repeatability\ScanOverlapLog.txt",".txt","450","2025-03-18 11:59","2026-05-17 11:15","Scan 2d Overlap [px], [um]; Pixel size = 1.693, 1.69 Minimum             :    32,   32,   54,   54 Detection           :","-611957"
"C:\job\VCAM GrabDefectiveDie\Setup1\Recipes\Repeatability\ScenarioMetadataGrab.xml",".xml","1117","2024-02-25 09:30","2026-05-17 11:15","<MultiOpticsScenarioGrabConfiguration VersionNumber=""2.0"">   <ScenarioGrab Id=""ec72be0a-8d27-4e9a-9c2d-17dc8334987e"" Nam","-1169385"
"C:\job\VCAM GrabDefectiveDie\Setup1\Recipes\Repeatability\ScenariosMetadatas.ini",".ini","1106","2024-02-25 09:25","2026-05-17 11:15","[General] Version=1 [Scan2d] Id=4b00a21d-d12b-46ac-88e7-085ba3c125ec OpticsId=3259d894-0b5e-4b4c-9d2c-09a857ca8b81 Refer","-1169390"
"C:\job\VCAM GrabDefectiveDie\Setup1\Recipes\Repeatability\UniqueArea.ini",".ini","20","2017-07-24 16:49","2026-05-17 11:15","[General] Count=0 ","-4635026"
"C:\job\VCAM GrabDefectiveDie\Setup1\Recipes\Repeatability\Wafer2Table_LastKnown.ini",".ini","1120","2017-08-16 10:58","2026-05-17 11:15","[WAFER ALIGNMENT] Wafer2Table_X=          1.0000000000         0.0000000000   -156935.0399285386 Wafer2Table_Y=         ","-4602257"
"C:\job\VCAM GrabDefectiveDie\Setup1\Recipes\Repeatability\Wafer2Table.ini",".ini","1289","2025-03-18 11:59","2026-05-17 11:15","[WAFER ALIGNMENT] Wafer2Table_X=          1.0000130403        -0.0007890974   -152711.0112474108 Wafer2Table_Y=         ","-611957"
"C:\job\VCAM GrabDefectiveDie\Setup1\Recipes\Repeatability\WaferDataReadSettings.xml",".xml","195","2022-07-06 20:43","2026-05-17 11:15","<?xml version=""1.0""?> <WaferDataReadSettings xmlns:xsi=""http://www.w3.org/2001/XMLSchema-instance"" xmlns:xsd=""http://www","-2031273"
"C:\job\VCAM GrabDefectiveDie\Setup1\Recipes\Repeatability\Waferinfo.ini",".ini","484","2025-03-18 11:58","2026-05-17 11:15","[General] hd_cmm=False hd_alignment=True hd_scan=True hd_robot=False hd_verification=True key_userobot=False key_auto=Tr","-611957"
"C:\job\VCAM GrabDefectiveDie\Setup1\Recipes\Repeatability\WaferMapRecipe.ini",".ini","1264","2025-03-05 16:10","2026-05-17 11:15","[GENERAL] SettingsPolicy=0 FiducialBin=-1 ImportSubPath= UpdateSubPath= ExportInAutoCycle=0 ExportInManualScan=0 AfterEx","-630425"
"C:\job\VCAM GrabDefectiveDie\Setup1\Recipes\Repeatability\zones.ini",".ini","513","2024-02-25 09:27","2026-05-17 11:15","[General] Version=11 [ALGName] 255=PostProcess 0=Scan Area 1=Dark-3_5um 2=Bright-3_5um 3=Dark-5um 4=Bright-5um 5=Dark-10","-1169388"
"C:\job\VCAM GrabDefectiveDie\Setup1\Recipes\Repeatability\zones.txt",".txt","530","2024-02-25 09:27","2026-05-17 11:15","ScaleX =    1.0000000000; ScaleY =    1.0000000000   RefID       X        Y  Zone Count      Shape Data       1    478.5","-1169388"
"C:\job\VCAM GrabDefectiveDie\Setup1\Recipes\Repeatability\ZoneVerifyOptics.ini",".ini","51","2017-07-25 11:44","2026-05-17 11:15","[General] Version=1 UseSetGrabForOnlineVerify=0 ","-4633891"
"C:\job\VCAM GrabDefectiveDie\Setup1\Recipes\Repeatability\ZoomLevels.ini",".ini","179","2017-07-25 11:44","2026-05-17 11:15","[DIE] Step_X=1247.52066988039 Step_Y=1247.68386561697 [ZOOM_LEVELS] LEVEL_1=1 SaveCompressed=0 LEVEL_2=1 [LEVEL_1] SizeX","-4633891"
"C:\job\VCAM GrabDefectiveDie\Setup1\Recipes\Repeatability\.dc_cache\TransactionsHistory.ini",".ini","366","2024-02-25 09:30","2026-05-17 11:15","[DeprecatedInV0] Namespace.RuntimeEntities.RecipePartsCollection_Runtime|RecipePartsCollection|CleanReferenceParams=1 Na","-1169385"
"C:\job\VCAM GrabDefectiveDie\Setup1\Recipes\Repeatability\EAGLET_106160\OpticsPreset.ini",".ini","500","2017-07-25 11:44","2026-05-17 11:15","[RobotSetup] Name=106160_12inch_sens.cfg [General] Signature=0 Scan2d-Id=36d0b0c9-e250-4577-b197-ac9c8bbdd436 Scan2d-ZPo","-4633891"
"C:\job\VCAM GrabDefectiveDie\Setup1\Recipes\Repeatability\FocusMapping\FocusMapping.ini",".ini","2027","2025-03-05 16:06","2026-05-17 11:15","[Mode] AutoFocusRange=100 CreateSurfaceScore=Good MinMatchModelScore=Good DurationOfOneSite=3 NumOfDiceToScan=15 Resolut","-630429"
"C:\job\VCAM GrabDefectiveDie\Setup1\Recipes\Repeatability\OpticLightMetadata\config.ini",".ini","292","2025-03-18 11:59","2026-05-17 11:15","[General] NominalDelta=0.000000000 Exist=0 targetPos_X=0.000000000 targetPos_Y=0.000000000 minY=0.000000000 minX=0.00000","-611957"
"C:\job\VCAM GrabDefectiveDie\Setup1\Recipes\Repeatability\ReferenceBackup\ZoomLevels.ini",".ini","179","2017-07-25 11:44","2026-05-17 11:15","[DIE] Step_X=1247.52066988039 Step_Y=1247.68386561697 [ZOOM_LEVELS] LEVEL_1=1 SaveCompressed=0 LEVEL_2=1 [LEVEL_1] SizeX","-4633891"
"C:\job\VCAM GrabDefectiveDie\Setup1\Recipes\Repeatability\TrainData\Die.ini",".ini","1029","2024-02-04 20:03","2026-05-17 11:15","[UNIQUE_PATTERN] Exists=0 [DIE] TrainFileExists=0 Frames_Format=1 Step_X=2107.000000 Step_Y=2096.000000 PixelSize_X=1.68","-1198992"
"C:\job\VCAM GrabDefectiveDie\Setup1\Recipes\Repeatability\TrainData\DieRefToTrain.txt",".txt","277","2017-07-25 11:44","2026-05-17 11:15","[DieRefToTrainImage] DR_2_TI_X=0.999999994567987 -0.000104230638998617 1251.15701246877 DR_2_TI_Y=0.000104230638998617 0","-4633891"
"C:\job\VCAM GrabDefectiveDie\Setup1\Recipes\Repeatability\TrainData\FrameToChuck.ini",".ini","160","2017-07-25 11:44","2026-05-17 11:15","[FrameToChuck] F2C_X=          1.6841197289         0.0001321961     -1293.5054783618 F2C_Y=         -0.0001321961      ","-4633891"
"C:\job\VCAM GrabDefectiveDie\Setup1\Recipes\Repeatability\TrainData\ZonesVectorInfo.csv",".csv","464","2024-02-25 09:27","2026-05-17 11:15","ID,zone,X,Y,SizeX,SizeY,ShapeType,Angle,Is3d 15,Dark-3_5um,707.19138,727.31952,13.4703119999999,13.46888,1,0,0 1,Bright-","-1169388"
"C:\job\VCAM GrabDefectiveDie\Setup1\Recipes\Repeatability\TrainData\DieImage\DieImageToTable.ini",".ini","302","2017-07-25 11:44","2026-05-17 11:15","[DieImageToTable] I2T_X=1.68378898091718 0.000253474275405115 -1174.61785998963 I2T_Y=-0.000253501224577012 1.6836099809","-4633891"
"C:\job\VCAM GrabDefectiveDie\Setup1\Recipes\Repeatability\TrainData\DieImage\ZoomLevels.ini",".ini","169","2017-07-25 11:44","2026-05-17 11:15","[ZOOM_LEVELS] LEVEL_1=1 SaveCompressed=0 LEVEL_2=1 LEVEL_4=1 [LEVEL_1] SizeX=3905 SizeY=3824 [LEVEL_2] SizeX=1952 SizeY=","-4633891"
"C:\job\VCAM GrabDefectiveDie\Setup1\Recipes\Repeatability\WaferAlignData\Alignment_PatFindRtp.txt",".txt","485","2025-03-18 11:59","2026-05-17 11:15"," [11:59:01 03/18/25] Minimum Score           :  97    Minimum Start        :  90    Reduce Delta         :  10 Minimum T","-611957"
"C:\job\VCAM GrabDefectiveDie\Setup1\Recipes\Repeatability\WaferAlignData\Alignment_PatRes.txt",".txt","2243","2025-03-18 11:59","2026-05-17 11:15"," [11:59:01 03/18/25] ==========================================================================================  #    Co","-611957"
"C:\job\VCAM GrabDefectiveDie\Setup1\Recipes\Repeatability\WaferAlignData\Alignment_Stat.txt",".txt","1574","2025-03-18 11:59","2026-05-17 11:15","  [11:59:01 03/18/25] ==================================================================================================","-611957"
"C:\job\VCAM GrabDefectiveDie\Setup1\Recipes\Repeatability\WaferAlignData\AlignmentData.ini",".ini","32","2025-03-18 11:59","2026-05-17 11:15","[General] AlignmentTime=12428 ","-611957"
"C:\job\VCAM GrabDefectiveDie\Setup1\Recipes\Repeatability\WaferAlignData\AlignmentStatisticsTime.txt",".txt","169","2025-03-18 11:59","2026-05-17 11:15","Alignment Statistics Grabbing Counter=14 Total=4356 Average=311.142853 Moving Counter=14 Total=5174 Average=369.571442 M","-611957"
"C:\job\VCAM GrabDefectiveDie\Setup1\Recipes\Repeatability\Zones\Bright-10um.ini",".ini","5687","2025-02-11 11:03","2026-05-17 11:15","[General] ZoneName=Bright-10um ZoneID=6 TypeName=Surface AutoTH=0 AutoProbe=0 [Surface] Enable=1 AlgorithmName=Surface C","-662412"
"C:\job\VCAM GrabDefectiveDie\Setup1\Recipes\Repeatability\Zones\Bright-3_5um.ini",".ini","5689","2025-02-11 11:03","2026-05-17 11:15","[General] ZoneName=Bright-3_5um ZoneID=2 TypeName=Surface AutoTH=0 AutoProbe=0 [Surface] Enable=1 AlgorithmName=Surface ","-662412"
"C:\job\VCAM GrabDefectiveDie\Setup1\Recipes\Repeatability\Zones\Bright-5um.ini",".ini","5686","2025-02-11 11:03","2026-05-17 11:15","[General] ZoneName=Bright-5um ZoneID=4 TypeName=Surface AutoTH=0 AutoProbe=0 [Surface] Enable=1 AlgorithmName=Surface Cl","-662412"
"C:\job\VCAM GrabDefectiveDie\Setup1\Recipes\Repeatability\Zones\Dark-10um.ini",".ini","5682","2025-02-11 11:03","2026-05-17 11:15","[General] ZoneName=Dark-10um ZoneID=5 TypeName=Surface AutoTH=0 AutoProbe=0 [Surface] Enable=1 AlgorithmName=Surface Cla","-662412"
"C:\job\VCAM GrabDefectiveDie\Setup1\Recipes\Repeatability\Zones\Dark-3_5um.ini",".ini","5684","2025-02-11 11:03","2026-05-17 11:15","[General] ZoneName=Dark-3_5um ZoneID=1 TypeName=Surface AutoTH=0 AutoProbe=0 [Surface] Enable=1 AlgorithmName=Surface Cl","-662412"
"C:\job\VCAM GrabDefectiveDie\Setup1\Recipes\Repeatability\Zones\Dark-5um.ini",".ini","5684","2025-02-11 11:03","2026-05-17 11:15","[General] ZoneName=Dark-5um ZoneID=3 TypeName=Surface AutoTH=0 AutoProbe=0 [Surface] Enable=1 AlgorithmName=Surface Clas","-662412"
"C:\job\VCAM GrabDefectiveDie\Setup1\Recipes\Repeatability\Zones\PostProcess.ini",".ini","1813","2025-02-11 11:03","2026-05-17 11:15","[General] ZoneName=PostProcess ZoneID=255 TypeName=PostProcess AutoTH=0 AutoProbe=0 [Volume] Enable=0 AlgorithmName=Volu","-662412"
"C:\job\VCAM GrabDefectiveDie\Setup1\Recipes\Repeatability\Zones\Scan Area.ini",".ini","5670","2025-02-11 11:03","2026-05-17 11:15","[General] ZoneName=Scan Area ZoneID=63 TypeName=Surface AutoTH=0 AutoProbe=0 [Surface] Enable=0 AlgorithmName=Surface Cl","-662412"
"C:\job\VCAM GrabDefectiveDie\Setup1\Recipes\Repeatability DIMA\Alignment.ini",".ini","53","2024-02-25 09:24","2026-05-17 11:15","[WAFER ALIGNMENT] CoarseAlignDone=0 Rotate  w2t=0 ","-1169391"
"C:\job\VCAM GrabDefectiveDie\Setup1\Recipes\Repeatability DIMA\AlignmentData.ini",".ini","731","2022-05-22 16:32","2026-05-17 11:15","[General] MinScore=97 MinTargetScore=0 AlignPointsNum=10 ForceToGMF=0 IsAffineEnabled=1 [Point_0] X=159654.700193 Y=1512","-2096323"
"C:\job\VCAM GrabDefectiveDie\Setup1\Recipes\Repeatability DIMA\AlignRTP.ini",".ini","2822","2024-02-25 10:00","2026-05-17 11:15","[DIE_MAPPING] ROI_Size=128 ROI_Offset=0 WaferMap_MinScore=50 _04_DIE_MAPPING=0 [306a7e84-3bae-4443-bedf-ea9321f61841] 30","-1169356"
"C:\job\VCAM GrabDefectiveDie\Setup1\Recipes\Repeatability DIMA\CleanReferenceFinalParams.ini",".ini","980","2024-02-04 20:03","2026-05-17 11:15","[FramePerSecond] Value=140 [General] Version=2 [CleanRefParams] SizeX=2048 SizeY=2048 minCriteria=-2 maxCriteria=-1 minC","-1198993"
"C:\job\VCAM GrabDefectiveDie\Setup1\Recipes\Repeatability DIMA\CreateReference3dOptions.ini",".ini","307","2022-05-22 16:31","2026-05-17 11:15","[General] Version=0 Debug=0 [Registration] ReferenceRegBy=0 BigBlockRowsNumber=1000 YPartitionsNumber=3 MaxErrorPix=5 PS","-2096325"
"C:\job\VCAM GrabDefectiveDie\Setup1\Recipes\Repeatability DIMA\DefaultWafer2Table.ini",".ini","1021","2024-02-25 09:26","2026-05-17 11:15","[WAFER ALIGNMENT] Wafer2Table_X=          0.9999577350         0.0053674849   -153582.0178077489 Wafer2Table_Y=         ","-1169389"
"C:\job\VCAM GrabDefectiveDie\Setup1\Recipes\Repeatability DIMA\DieAlignment.dat_block.ini",".ini","129","2017-07-24 16:51","2026-05-17 11:15","[General] IsMultiIndex=0 DieCount=1 [Die_0] Row=0 Col=0 PosX=0.000000 PosY=0.000000 SizeX=957.000000 SizeY=1191.000000 ","-4635024"
"C:\job\VCAM GrabDefectiveDie\Setup1\Recipes\Repeatability DIMA\ExternalCoordSystems.ini",".ini","33","2017-07-24 17:26","2026-05-17 11:15","[ExternalCoordSystems] Count=0 ","-4634989"
"C:\job\VCAM GrabDefectiveDie\Setup1\Recipes\Repeatability DIMA\GlobalRTP.ini",".ini","3051","2024-02-25 09:57","2026-05-17 11:15","[GLOBAL_RTP] AdaptiveHistogram=0 AdaptiveHistogramByDieSegments=1 AdaptiveHistogramMinPixelCount=32 AreaForReduceFaults=","-1169358"
"C:\job\VCAM GrabDefectiveDie\Setup1\Recipes\Repeatability DIMA\Job.dat",".dat","1864","2017-12-03 22:33","2026-05-17 11:15","  =*[��G��#�>��� Repeatability 3�2Surface0���������8 (C y $1c1ab1fa-0699-45d5-bdeb-0552261bd443Q�$  ","-4444602"
"C:\job\VCAM GrabDefectiveDie\Setup1\Recipes\Repeatability DIMA\JobIllumLimits.ini",".ini","182","2018-12-10 22:30","2026-05-17 11:15","[EAGLET_106249] IllumCalibDate=2018-03-18 14:37:27 ForcedSkipToDate=2018-03-20 15:12:21 [EAGLET_106384] IllumCalibDate=2","-3908925"
"C:\job\VCAM GrabDefectiveDie\Setup1\Recipes\Repeatability DIMA\Metadata.ini",".ini","158","2024-02-25 09:30","2026-05-17 11:15","[General] name=Repeatability Id=8b34fbba-c33b-4d14-86cf-09690b26a992 Version=0 [GeneralOnlineVerificationParams] UseSetG","-1169385"
"C:\job\VCAM GrabDefectiveDie\Setup1\Recipes\Repeatability DIMA\OpticPreset.ini",".ini","3288","2024-02-25 09:30","2026-05-17 11:15","[General] Signature=1 [Scan2d] Id=2b77bbc9-77c1-4019-bddd-5a13dbb33ef4 FocusPosAboveChuck=809.988337887835 Mag=5 CameraN","-1169385"
"C:\job\VCAM GrabDefectiveDie\Setup1\Recipes\Repeatability DIMA\ProductInfo.ini",".ini","3204","2024-03-05 14:18","2026-05-17 11:15","[General] GainOffsetMode=0 Reference_EdgeUncert=0 WaferTypeId=Patterned OCRWaferIDMask=II OCRWaferIDCtrlCharsMask= OCRCh","-1156137"
"C:\job\VCAM GrabDefectiveDie\Setup1\Recipes\Repeatability DIMA\Recipe.ini",".ini","3976","2024-02-25 10:00","2026-05-17 11:15","[AutoCycle] AutoFocusEvery=1 ; None CleanReferenceEvery=1 ; None UnloadToAnotherCassette=0 ; Move wafers from Loadport A","-1169355"
"C:\job\VCAM GrabDefectiveDie\Setup1\Recipes\Repeatability DIMA\RTP.txt",".txt","11460","2024-02-25 09:57","2026-05-17 11:15","[PostProcess]   ; Zone name Alg = Volume Shape_Violation_USL = 90000 ;  ( The Max bump volume allowed. )  Shape_Violatio","-1169358"
"C:\job\VCAM GrabDefectiveDie\Setup1\Recipes\Repeatability DIMA\ScanOverlapLog.txt",".txt","450","2024-02-25 10:00","2026-05-17 11:15","Scan 2d Overlap [px], [um]; Pixel size = 1.693, 1.69 Minimum             :    32,   32,   54,   54 Detection           :","-1169356"
"C:\job\VCAM GrabDefectiveDie\Setup1\Recipes\Repeatability DIMA\ScenarioMetadataGrab.xml",".xml","1117","2024-02-25 09:30","2026-05-17 11:15","<MultiOpticsScenarioGrabConfiguration VersionNumber=""2.0"">   <ScenarioGrab Id=""ec72be0a-8d27-4e9a-9c2d-17dc8334987e"" Nam","-1169385"
"C:\job\VCAM GrabDefectiveDie\Setup1\Recipes\Repeatability DIMA\ScenariosMetadatas.ini",".ini","1106","2024-02-25 09:25","2026-05-17 11:15","[General] Version=1 [Scan2d] Id=4b00a21d-d12b-46ac-88e7-085ba3c125ec OpticsId=3259d894-0b5e-4b4c-9d2c-09a857ca8b81 Refer","-1169390"
"C:\job\VCAM GrabDefectiveDie\Setup1\Recipes\Repeatability DIMA\UniqueArea.ini",".ini","20","2017-07-24 16:49","2026-05-17 11:15","[General] Count=0 ","-4635026"
"C:\job\VCAM GrabDefectiveDie\Setup1\Recipes\Repeatability DIMA\Wafer2Table_LastKnown.ini",".ini","1120","2017-08-16 10:58","2026-05-17 11:15","[WAFER ALIGNMENT] Wafer2Table_X=          1.0000000000         0.0000000000   -156935.0399285386 Wafer2Table_Y=         ","-4602257"
"C:\job\VCAM GrabDefectiveDie\Setup1\Recipes\Repeatability DIMA\Wafer2Table.ini",".ini","1021","2024-02-25 09:26","2026-05-17 11:15","[WAFER ALIGNMENT] Wafer2Table_X=          0.9999577350         0.0053674849   -153582.0178077489 Wafer2Table_Y=         ","-1169390"
"C:\job\VCAM GrabDefectiveDie\Setup1\Recipes\Repeatability DIMA\WaferDataReadSettings.xml",".xml","195","2022-07-06 20:43","2026-05-17 11:15","<?xml version=""1.0""?> <WaferDataReadSettings xmlns:xsi=""http://www.w3.org/2001/XMLSchema-instance"" xmlns:xsd=""http://www","-2031273"
"C:\job\VCAM GrabDefectiveDie\Setup1\Recipes\Repeatability DIMA\Waferinfo.ini",".ini","459","2024-02-25 10:00","2026-05-17 11:15","[General] hd_cmm=False hd_alignment=True hd_scan=True hd_robot=False hd_verification=True key_userobot=False key_auto=Tr","-1169356"
"C:\job\VCAM GrabDefectiveDie\Setup1\Recipes\Repeatability DIMA\WaferMapRecipe.ini",".ini","1260","2025-02-11 11:02","2026-05-17 11:15","[GENERAL] SettingsPolicy=1 FiducialBin=-1 ImportSubPath= UpdateSubPath= ExportInAutoCycle=0 ExportInManualScan=0 AfterEx","-662413"
"C:\job\VCAM GrabDefectiveDie\Setup1\Recipes\Repeatability DIMA\zones.ini",".ini","361","2024-02-25 09:57","2026-05-17 11:15","[General] Version=11 [ALGName] 255=PostProcess 0=Scan Area 1=Dark-3_5um 2=Bright-3_5um 3=Dark-5um [ALG] 255=PostProcess ","-1169358"
"C:\job\VCAM GrabDefectiveDie\Setup1\Recipes\Repeatability DIMA\zones.txt",".txt","350","2024-02-25 09:57","2026-05-17 11:15","ScaleX =    1.0000000000; ScaleY =    1.0000000000   RefID       X        Y  Zone Count      Shape Data       1    478.5","-1169358"
"C:\job\VCAM GrabDefectiveDie\Setup1\Recipes\Repeatability DIMA\ZoneVerifyOptics.ini",".ini","51","2024-02-25 09:57","2026-05-17 11:15","[General] Version=1 UseSetGrabForOnlineVerify=0 ","-1169358"
"C:\job\VCAM GrabDefectiveDie\Setup1\Recipes\Repeatability DIMA\ZoomLevels.ini",".ini","179","2017-07-25 11:44","2026-05-17 11:15","[DIE] Step_X=1247.52066988039 Step_Y=1247.68386561697 [ZOOM_LEVELS] LEVEL_1=1 SaveCompressed=0 LEVEL_2=1 [LEVEL_1] SizeX","-4633891"
"C:\job\VCAM GrabDefectiveDie\Setup1\Recipes\Repeatability DIMA\.dc_cache\TransactionsHistory.ini",".ini","366","2024-02-25 09:30","2026-05-17 11:15","[DeprecatedInV0] Namespace.RuntimeEntities.RecipePartsCollection_Runtime|RecipePartsCollection|CleanReferenceParams=1 Na","-1169385"
"C:\job\VCAM GrabDefectiveDie\Setup1\Recipes\Repeatability DIMA\EAGLET_106160\OpticsPreset.ini",".ini","500","2017-07-25 11:44","2026-05-17 11:15","[RobotSetup] Name=106160_12inch_sens.cfg [General] Signature=0 Scan2d-Id=36d0b0c9-e250-4577-b197-ac9c8bbdd436 Scan2d-ZPo","-4633891"
"C:\job\VCAM GrabDefectiveDie\Setup1\Recipes\Repeatability DIMA\FocusMapping\FocusMapping.ini",".ini","1928","2024-02-25 09:31","2026-05-17 11:15","[Mode] AutoFocusRange=100 CreateSurfaceScore=Good MinMatchModelScore=Good DurationOfOneSite=3 NumOfDiceToScan=15 Resolut","-1169385"
"C:\job\VCAM GrabDefectiveDie\Setup1\Recipes\Repeatability DIMA\OpticLightMetadata\config.ini",".ini","259","2024-02-25 10:00","2026-05-17 11:15","[General] NominalDelta=0.000000 Exist=0 targetPos_X=0.000000 targetPos_Y=0.000000 minY=0.000000 minX=0.000000 maxY=0.000","-1169356"
"C:\job\VCAM GrabDefectiveDie\Setup1\Recipes\Repeatability DIMA\ReferenceBackup\ZoomLevels.ini",".ini","179","2017-07-25 11:44","2026-05-17 11:15","[DIE] Step_X=1247.52066988039 Step_Y=1247.68386561697 [ZOOM_LEVELS] LEVEL_1=1 SaveCompressed=0 LEVEL_2=1 [LEVEL_1] SizeX","-4633891"
"C:\job\VCAM GrabDefectiveDie\Setup1\Recipes\Repeatability DIMA\TrainData\Die.ini",".ini","1029","2024-02-04 20:03","2026-05-17 11:15","[UNIQUE_PATTERN] Exists=0 [DIE] TrainFileExists=0 Frames_Format=1 Step_X=2107.000000 Step_Y=2096.000000 PixelSize_X=1.68","-1198992"
"C:\job\VCAM GrabDefectiveDie\Setup1\Recipes\Repeatability DIMA\TrainData\DieRefToTrain.txt",".txt","277","2017-07-25 11:44","2026-05-17 11:15","[DieRefToTrainImage] DR_2_TI_X=0.999999994567987 -0.000104230638998617 1251.15701246877 DR_2_TI_Y=0.000104230638998617 0","-4633891"
"C:\job\VCAM GrabDefectiveDie\Setup1\Recipes\Repeatability DIMA\TrainData\FrameToChuck.ini",".ini","160","2017-07-25 11:44","2026-05-17 11:15","[FrameToChuck] F2C_X=          1.6841197289         0.0001321961     -1293.5054783618 F2C_Y=         -0.0001321961      ","-4633891"
"C:\job\VCAM GrabDefectiveDie\Setup1\Recipes\Repeatability DIMA\TrainData\ZonesVectorInfo.csv",".csv","252","2024-02-25 09:57","2026-05-17 11:15","ID,zone,X,Y,SizeX,SizeY,ShapeType,Angle,Is3d 15,Dark-3_5um,707.19138,727.31952,13.4703119999999,13.46888,1,0,0 1,Bright-","-1169358"
"C:\job\VCAM GrabDefectiveDie\Setup1\Recipes\Repeatability DIMA\TrainData\DieImage\DieImageToTable.ini",".ini","302","2017-07-25 11:44","2026-05-17 11:15","[DieImageToTable] I2T_X=1.68378898091718 0.000253474275405115 -1174.61785998963 I2T_Y=-0.000253501224577012 1.6836099809","-4633891"
"C:\job\VCAM GrabDefectiveDie\Setup1\Recipes\Repeatability DIMA\TrainData\DieImage\ZoomLevels.ini",".ini","169","2017-07-25 11:44","2026-05-17 11:15","[ZOOM_LEVELS] LEVEL_1=1 SaveCompressed=0 LEVEL_2=1 LEVEL_4=1 [LEVEL_1] SizeX=3905 SizeY=3824 [LEVEL_2] SizeX=1952 SizeY=","-4633891"
"C:\job\VCAM GrabDefectiveDie\Setup1\Recipes\Repeatability DIMA\WaferAlignData\Alignment_PatFindRtp.txt",".txt","485","2024-02-25 09:25","2026-05-17 11:15"," [09:25:25 02/25/24] Minimum Score           :  97    Minimum Start        :  90    Reduce Delta         :  10 Minimum T","-1169390"
"C:\job\VCAM GrabDefectiveDie\Setup1\Recipes\Repeatability DIMA\WaferAlignData\Alignment_PatRes.txt",".txt","1813","2024-02-25 09:25","2026-05-17 11:15"," [09:25:25 02/25/24] ==========================================================================================  #    Co","-1169390"
"C:\job\VCAM GrabDefectiveDie\Setup1\Recipes\Repeatability DIMA\WaferAlignData\Alignment_Stat.txt",".txt","426","2024-02-25 09:25","2026-05-17 11:15","  [09:25:25 02/25/24] ==================================================================================================","-1169390"
"C:\job\VCAM GrabDefectiveDie\Setup1\Recipes\Repeatability DIMA\WaferAlignData\AlignmentStatisticsTime.txt",".txt","171","2024-02-25 09:25","2026-05-17 11:15","Alignment Statistics Grabbing Counter=10 Total=1984 Average=198.399994 Moving Counter=10 Total=2795 Average=279.500000 M","-1169390"
"C:\job\VCAM GrabDefectiveDie\Setup1\Recipes\Repeatability DIMA\WaferAlignData\WaferManualAlign_PatFindRtp.txt",".txt","485","2024-02-25 09:26","2026-05-17 11:15"," [09:26:01 02/25/24] Minimum Score           :  97    Minimum Start        :  90    Reduce Delta         :  10 Minimum T","-1169390"
"C:\job\VCAM GrabDefectiveDie\Setup1\Recipes\Repeatability DIMA\WaferAlignData\WaferManualAlign_PatRes.txt",".txt","1302","2024-02-25 09:26","2026-05-17 11:15"," [09:26:01 02/25/24] ==========================================================================================  #    Co","-1169390"
"C:\job\VCAM GrabDefectiveDie\Setup1\Recipes\Repeatability DIMA\WaferAlignData\WaferManualAlign_Stat.txt",".txt","1274","2024-02-25 09:26","2026-05-17 11:15","  [09:26:01 02/25/24] ==================================================================================================","-1169390"
"C:\job\VCAM GrabDefectiveDie\Setup1\Recipes\Repeatability DIMA\Zones\Bright-3_5um.ini",".ini","5689","2025-02-11 11:03","2026-05-17 11:15","[General] ZoneName=Bright-3_5um ZoneID=2 TypeName=Surface AutoTH=0 AutoProbe=0 [Surface] Enable=0 AlgorithmName=Surface ","-662412"
"C:\job\VCAM GrabDefectiveDie\Setup1\Recipes\Repeatability DIMA\Zones\Dark-3_5um.ini",".ini","5684","2025-02-11 11:03","2026-05-17 11:15","[General] ZoneName=Dark-3_5um ZoneID=1 TypeName=Surface AutoTH=0 AutoProbe=0 [Surface] Enable=0 AlgorithmName=Surface Cl","-662412"
"C:\job\VCAM GrabDefectiveDie\Setup1\Recipes\Repeatability DIMA\Zones\Dark-5um.ini",".ini","5684","2025-02-11 11:03","2026-05-17 11:15","[General] ZoneName=Dark-5um ZoneID=3 TypeName=Surface AutoTH=0 AutoProbe=0 [Surface] Enable=1 AlgorithmName=Surface Clas","-662412"
"C:\job\VCAM GrabDefectiveDie\Setup1\Recipes\Repeatability DIMA\Zones\PostProcess.ini",".ini","1813","2025-02-11 11:03","2026-05-17 11:15","[General] ZoneName=PostProcess ZoneID=255 TypeName=PostProcess AutoTH=0 AutoProbe=0 [Volume] Enable=0 AlgorithmName=Volu","-662412"
"C:\job\VCAM GrabDefectiveDie\Setup1\Recipes\Repeatability DIMA\Zones\Scan Area.ini",".ini","5670","2025-02-11 11:03","2026-05-17 11:15","[General] ZoneName=Scan Area ZoneID=63 TypeName=Surface AutoTH=0 AutoProbe=0 [Surface] Enable=0 AlgorithmName=Surface Cl","-662412"
"C:\job\VCAM GrabDefectiveDie\Setup1\Recipes\TPT\Alignment.ini",".ini","38","2017-07-25 10:06","2026-05-17 11:15","[WAFER ALIGNMENT] CoarseAlignDone=1 ","-4633989"
"C:\job\VCAM GrabDefectiveDie\Setup1\Recipes\TPT\AlignmentData.ini",".ini","730","2025-02-11 11:03","2026-05-17 11:15","[General] MinScore=97 MinTargetScore=0 AlignPointsNum=10 ForceToGMF=0 IsAffineEnabled=1 [Point_0] X=153832.077324 Y=1515","-662412"
"C:\job\VCAM GrabDefectiveDie\Setup1\Recipes\TPT\AlignRTP.ini",".ini","2896","2025-02-11 11:10","2026-05-17 11:15","[DIE_MAPPING] ROI_Size=128 ROI_Offset=0 WaferMap_MinScore=50 _04_DIE_MAPPING=0 [DIE Alignment] Die__MinModelSize=32 Die_","-662406"
"C:\job\VCAM GrabDefectiveDie\Setup1\Recipes\TPT\AQL.ini",".ini","491","2023-10-30 15:58","2026-05-17 11:15","[General] ckWaferAql2=0 optRandom-1=False optRandom-0=False ckWaferAql=0 fpRandomDice=1.0 fpWaferYield-2=1.0 optWafersSe","-1338917"
"C:\job\VCAM GrabDefectiveDie\Setup1\Recipes\TPT\CleanReferenceFinalParams.ini",".ini","950","2023-03-20 19:13","2026-05-17 11:15","[General] Version=2 [CleanRefParams] SizeX=2048 SizeY=2048 minCriteria=-2 maxCriteria=-1 minCreateMul=2 maxCreateMul=2 m","-1661282"
"C:\job\VCAM GrabDefectiveDie\Setup1\Recipes\TPT\CreateReference3dOptions.ini",".ini","324","2022-07-06 20:43","2026-05-17 11:15","[General] Version=0 Debug=0 [Registration] ReferenceRegBy=0 BigBlockRowsNumber=1000 YPartitionsNumber=3 MaxErrorPix=5 PS","-2031273"
"C:\job\VCAM GrabDefectiveDie\Setup1\Recipes\TPT\DefaultWafer2Table.ini",".ini","1125","2017-07-25 10:06","2026-05-17 11:15","[WAFER ALIGNMENT] Wafer2Table_X=          0.9999990729         0.0002908860   -154934.3400690717 Wafer2Table_Y=         ","-4633990"
"C:\job\VCAM GrabDefectiveDie\Setup1\Recipes\TPT\DieAlignment.dat_block.ini",".ini","129","2017-07-24 16:51","2026-05-17 11:15","[General] IsMultiIndex=0 DieCount=1 [Die_0] Row=0 Col=0 PosX=0.000000 PosY=0.000000 SizeX=957.000000 SizeY=1191.000000 ","-4635024"
"C:\job\VCAM GrabDefectiveDie\Setup1\Recipes\TPT\ExternalCoordSystems.ini",".ini","33","2017-07-24 17:26","2026-05-17 11:15","[ExternalCoordSystems] Count=0 ","-4634989"
"C:\job\VCAM GrabDefectiveDie\Setup1\Recipes\TPT\GlobalRTP.ini",".ini","3035","2025-02-11 11:03","2026-05-17 11:15","[GLOBAL_RTP] AdaptiveHistogram=0 AdaptiveHistogramByDieSegments=1 AdaptiveHistogramMinPixelCount=32 AreaForReduceFaults=","-662412"
"C:\job\VCAM GrabDefectiveDie\Setup1\Recipes\TPT\Job.dat",".dat","1852","2017-07-25 10:11","2026-05-17 11:15","  ���{��N��R\���X�% Surface Scan Area_0�     ��@!     �@:$02a178a1-8f95-400d-9e07-021d42909e65Default ","-4633984"
"C:\job\VCAM GrabDefectiveDie\Setup1\Recipes\TPT\JobIllumLimits.ini",".ini","85","2025-02-11 11:03","2026-05-17 11:15","[SW_QA-4] IllumCalibDate=2024-08-14 16:35:32 ForcedSkipToDate=2025-03-13 11:03:08 ","-662413"
"C:\job\VCAM GrabDefectiveDie\Setup1\Recipes\TPT\Metadata.ini",".ini","73","2017-07-25 11:44","2026-05-17 11:15","[General] name=TPT Id=90d06b30-79f6-48ae-b87b-95756ee5f122 Version=0 ","-4633891"
"C:\job\VCAM GrabDefectiveDie\Setup1\Recipes\TPT\OpticPreset.ini",".ini","979","2018-12-11 11:15","2026-05-17 11:15","[General] Signature=1 [Scan2d] Id=6d8c76f0-ce9d-40d7-8119-0b7a12067bc7 FocusPosAboveChuck=777.499863794052 Mag=5 CameraN","-3908161"
"C:\job\VCAM GrabDefectiveDie\Setup1\Recipes\TPT\ProductInfo.ini",".ini","2787","2025-03-05 16:04","2026-05-17 11:15","[General] GainOffsetMode=0 Reference_EdgeUncert=0 WaferTypeId=Patterned OCRWaferIDMask=II OCRWaferIDCtrlCharsMask= OCRCh","-630432"
"C:\job\VCAM GrabDefectiveDie\Setup1\Recipes\TPT\Recipe.ini",".ini","2444","2025-02-11 11:04","2026-05-17 11:15","[AutoCycle] AutoFocusEvery=1 ; None CleanReferenceEvery=1 ; None UnloadToAnotherCassette=0 ; Move wafers from Loadport A","-662411"
"C:\job\VCAM GrabDefectiveDie\Setup1\Recipes\TPT\RTP.txt",".txt","18355","2025-02-11 11:03","2026-05-17 11:15","[PostProcess]   ; Zone name Alg = Volume Shape_Violation_USL = 90000 ;  ( The Max bump volume allowed. )  Shape_Violatio","-662412"
"C:\job\VCAM GrabDefectiveDie\Setup1\Recipes\TPT\ScanOverlapLog.txt",".txt","450","2025-02-11 11:10","2026-05-17 11:15","Scan 2d Overlap [px], [um]; Pixel size = 1.693, 1.69 Minimum             :    32,   32,   54,   54 Detection           :","-662406"
"C:\job\VCAM GrabDefectiveDie\Setup1\Recipes\TPT\ScenariosMetadatas.ini",".ini","985","2018-12-11 11:14","2026-05-17 11:15","[General] Version=1 [Scan2d] Id=c3334313-e949-490d-bb88-d72c6d33d968 OpticsId=74a1dbb4-ddd8-46f7-ba71-bf5d6fc29602 Refer","-3908161"
"C:\job\VCAM GrabDefectiveDie\Setup1\Recipes\TPT\UniqueArea.ini",".ini","20","2017-07-24 16:49","2026-05-17 11:15","[General] Count=0 ","-4635026"
"C:\job\VCAM GrabDefectiveDie\Setup1\Recipes\TPT\Wafer2Table_LastKnown.ini",".ini","1122","2017-07-24 16:49","2026-05-17 11:15","[WAFER ALIGNMENT] Wafer2Table_X=          0.9999295194         0.0001177025   -150296.4001458308 Wafer2Table_Y=         ","-4635027"
"C:\job\VCAM GrabDefectiveDie\Setup1\Recipes\TPT\Wafer2Table.ini",".ini","1283","2025-02-11 11:03","2026-05-17 11:15","[WAFER ALIGNMENT] Wafer2Table_X=          0.9999929318        -0.0005088435   -154827.9432705407 Wafer2Table_Y=         ","-662412"
"C:\job\VCAM GrabDefectiveDie\Setup1\Recipes\TPT\WaferDataReadSettings.xml",".xml","195","2022-07-25 10:59","2026-05-17 11:15","<?xml version=""1.0""?> <WaferDataReadSettings xmlns:xsi=""http://www.w3.org/2001/XMLSchema-instance"" xmlns:xsd=""http://www","-2004496"
"C:\job\VCAM GrabDefectiveDie\Setup1\Recipes\TPT\Waferinfo.ini",".ini","393","2025-02-11 11:10","2026-05-17 11:15","[General] hd_cmm=False hd_alignment=True hd_scan=True hd_robot=False hd_verification=True key_userobot=False key_auto=Tr","-662406"
"C:\job\VCAM GrabDefectiveDie\Setup1\Recipes\TPT\WaferMapRecipe.ini",".ini","1260","2025-02-11 11:02","2026-05-17 11:15","[GENERAL] SettingsPolicy=1 FiducialBin=-1 ImportSubPath= UpdateSubPath= ExportInAutoCycle=0 ExportInManualScan=0 AfterEx","-662413"
"C:\job\VCAM GrabDefectiveDie\Setup1\Recipes\TPT\zones.ini",".ini","445","2017-07-25 10:11","2026-05-17 11:15","[General] Version=11 [ALGName] 255=PostProcess 0=Scan Area 1=Dark-3_5um 2=Bright-3_5um 3=Dark-5um 4=Bright-5um 5=Dark-10","-4633984"
"C:\job\VCAM GrabDefectiveDie\Setup1\Recipes\TPT\zones.txt",".txt","530","2017-07-25 10:11","2026-05-17 11:15","ScaleX =    1.0000000000; ScaleY =    1.0000000000   RefID       X        Y  Zone Count      Shape Data       1    478.5","-4633984"
"C:\job\VCAM GrabDefectiveDie\Setup1\Recipes\TPT\ZoneVerifyOptics.ini",".ini","51","2017-07-25 11:44","2026-05-17 11:15","[General] Version=1 UseSetGrabForOnlineVerify=0 ","-4633891"
"C:\job\VCAM GrabDefectiveDie\Setup1\Recipes\TPT\ZoomLevels.ini",".ini","179","2017-07-24 16:48","2026-05-17 11:15","[DIE] Step_X=1247.52066988039 Step_Y=1247.68386561697 [ZOOM_LEVELS] LEVEL_1=1 SaveCompressed=0 LEVEL_2=1 [LEVEL_1] SizeX","-4635027"
"C:\job\VCAM GrabDefectiveDie\Setup1\Recipes\TPT\.dc_cache\TransactionsHistory.ini",".ini","120","2023-03-20 19:13","2026-05-17 11:15","[DeprecatedInV0] Namespace.RuntimeEntities.RecipePartsCollection_Runtime|RecipePartsCollection|CleanReferenceParams=1 ","-1661282"
"C:\job\VCAM GrabDefectiveDie\Setup1\Recipes\TPT\EAGLET_106160\OpticsPreset.ini",".ini","500","2017-07-25 11:44","2026-05-17 11:15","[RobotSetup] Name=106160_12inch_sens.cfg [General] Signature=0 Scan2d-Id=b36d8485-c876-4785-8f70-b9773ca86130 Scan2d-ZPo","-4633891"
"C:\job\VCAM GrabDefectiveDie\Setup1\Recipes\TPT\OpticLightMetadata\config.ini",".ini","1131","2025-02-11 11:10","2026-05-17 11:15","[General] NominalDelta=0.000000000 Exist=0 targetPos_X=10592885482300052375351495947893948261085519603070163260109980132","-662406"
"C:\job\VCAM GrabDefectiveDie\Setup1\Recipes\TPT\ReferenceBackup\ZoomLevels.ini",".ini","179","2017-07-25 11:44","2026-05-17 11:15","[DIE] Step_X=1247.52066988039 Step_Y=1247.68386561697 [ZOOM_LEVELS] LEVEL_1=1 SaveCompressed=0 LEVEL_2=1 [LEVEL_1] SizeX","-4633891"
"C:\job\VCAM GrabDefectiveDie\Setup1\Recipes\TPT\SW_QA-4\OpticsPreset.ini",".ini","68","2023-03-20 19:13","2026-05-17 11:15","[Chuck] CenterX=158610.875 CenterY=138176.140625 CenterZ=-419.6 ","-1661283"
"C:\job\VCAM GrabDefectiveDie\Setup1\Recipes\TPT\TrainData\Die.ini",".ini","1000","2017-07-25 11:44","2026-05-17 11:15","[UNIQUE_PATTERN] Exists=0 [DIE] TrainFileExists=0 Frames_Format=1 Step_X=2107.000000 Step_Y=2096.000000 PixelSize_X=1.68","-4633891"
"C:\job\VCAM GrabDefectiveDie\Setup1\Recipes\TPT\TrainData\DieRefToTrain.txt",".txt","277","2017-07-25 11:44","2026-05-17 11:15","[DieRefToTrainImage] DR_2_TI_X=0.999999994567987 -0.000104230638998617 1251.15701246877 DR_2_TI_Y=0.000104230638998617 0","-4633891"
"C:\job\VCAM GrabDefectiveDie\Setup1\Recipes\TPT\TrainData\FrameToChuck.ini",".ini","160","2017-07-25 11:44","2026-05-17 11:15","[FrameToChuck] F2C_X=          1.6841197289         0.0001321961     -1293.5054783618 F2C_Y=         -0.0001321961      ","-4633891"
"C:\job\VCAM GrabDefectiveDie\Setup1\Recipes\TPT\TrainData\DieImage\DieImageToTable.ini",".ini","302","2017-07-25 11:44","2026-05-17 11:15","[DieImageToTable] I2T_X=1.68378898091718 0.000253474275405115 -1174.61785998963 I2T_Y=-0.000253501224577012 1.6836099809","-4633891"
"C:\job\VCAM GrabDefectiveDie\Setup1\Recipes\TPT\TrainData\DieImage\ZoomLevels.ini",".ini","169","2017-07-25 11:44","2026-05-17 11:15","[ZOOM_LEVELS] LEVEL_1=1 SaveCompressed=0 LEVEL_2=1 LEVEL_4=1 [LEVEL_1] SizeX=3905 SizeY=3824 [LEVEL_2] SizeX=1952 SizeY=","-4633891"
"C:\job\VCAM GrabDefectiveDie\Setup1\Recipes\TPT\WaferAlignData\Alignment_PatFindRtp.txt",".txt","485","2025-02-11 11:03","2026-05-17 11:15"," [11:03:27 02/11/25] Minimum Score           :  97    Minimum Start        :  90    Reduce Delta         :  10 Minimum T","-662412"
"C:\job\VCAM GrabDefectiveDie\Setup1\Recipes\TPT\WaferAlignData\Alignment_PatRes.txt",".txt","2243","2025-02-11 11:03","2026-05-17 11:15"," [11:03:27 02/11/25] ==========================================================================================  #    Co","-662412"
"C:\job\VCAM GrabDefectiveDie\Setup1\Recipes\TPT\WaferAlignData\Alignment_Stat.txt",".txt","1574","2025-02-11 11:03","2026-05-17 11:15","  [11:03:27 02/11/25] ==================================================================================================","-662412"
"C:\job\VCAM GrabDefectiveDie\Setup1\Recipes\TPT\WaferAlignData\AlignmentData.ini",".ini","32","2025-02-11 11:03","2026-05-17 11:15","[General] AlignmentTime=18742 ","-662412"
"C:\job\VCAM GrabDefectiveDie\Setup1\Recipes\TPT\WaferAlignData\AlignmentNotFound_rtp.txt",".txt","485","2025-02-06 15:51","2026-05-17 11:15"," [15:51:29 02/06/25] Minimum Score           :  85    Minimum Start        :  90    Reduce Delta         :  10 Minimum T","-669324"
"C:\job\VCAM GrabDefectiveDie\Setup1\Recipes\TPT\WaferAlignData\AlignmentStatisticsTime.txt",".txt","169","2025-02-11 11:03","2026-05-17 11:15","Alignment Statistics Grabbing Counter=14 Total=4768 Average=340.571442 Moving Counter=14 Total=5482 Average=391.571442 M","-662412"
"C:\job\VCAM GrabDefectiveDie\Setup1\Recipes\TPT\Zones\Bright-10um.ini",".ini","5795","2025-02-11 11:11","2026-05-17 11:15","[General] ZoneName=Bright-10um ZoneID=6 TypeName=Surface AutoTH=0 AutoProbe=0 [Surface] Enable=0 AlgorithmName=Surface C","-662405"
"C:\job\VCAM GrabDefectiveDie\Setup1\Recipes\TPT\Zones\Bright-3_5um.ini",".ini","5797","2025-02-11 11:11","2026-05-17 11:15","[General] ZoneName=Bright-3_5um ZoneID=2 TypeName=Surface AutoTH=0 AutoProbe=0 [Surface] Enable=0 AlgorithmName=Surface ","-662405"
"C:\job\VCAM GrabDefectiveDie\Setup1\Recipes\TPT\Zones\Bright-5um.ini",".ini","5794","2025-02-11 11:11","2026-05-17 11:15","[General] ZoneName=Bright-5um ZoneID=4 TypeName=Surface AutoTH=0 AutoProbe=0 [Surface] Enable=0 AlgorithmName=Surface Cl","-662405"
"C:\job\VCAM GrabDefectiveDie\Setup1\Recipes\TPT\Zones\Dark-10um.ini",".ini","5790","2025-02-11 11:11","2026-05-17 11:15","[General] ZoneName=Dark-10um ZoneID=5 TypeName=Surface AutoTH=0 AutoProbe=0 [Surface] Enable=0 AlgorithmName=Surface Cla","-662405"
"C:\job\VCAM GrabDefectiveDie\Setup1\Recipes\TPT\Zones\Dark-3_5um.ini",".ini","5792","2025-02-11 11:11","2026-05-17 11:15","[General] ZoneName=Dark-3_5um ZoneID=1 TypeName=Surface AutoTH=0 AutoProbe=0 [Surface] Enable=0 AlgorithmName=Surface Cl","-662405"
"C:\job\VCAM GrabDefectiveDie\Setup1\Recipes\TPT\Zones\Dark-5um.ini",".ini","5792","2025-02-11 11:11","2026-05-17 11:15","[General] ZoneName=Dark-5um ZoneID=3 TypeName=Surface AutoTH=0 AutoProbe=0 [Surface] Enable=0 AlgorithmName=Surface Clas","-662405"
"C:\job\VCAM GrabDefectiveDie\Setup1\Recipes\TPT\Zones\PostProcess.ini",".ini","1525","2025-02-11 11:11","2026-05-17 11:15","[General] ZoneName=PostProcess ZoneID=255 TypeName=PostProcess AutoTH=0 AutoProbe=0 [Volume] Enable=0 AlgorithmName=Volu","-662405"
"C:\job\VCAM GrabDefectiveDie\Setup1\Recipes\TPT\Zones\Scan Area.ini",".ini","5793","2025-02-11 11:11","2026-05-17 11:15","[General] ZoneName=Scan Area ZoneID=63 TypeName=Surface AutoTH=0 AutoProbe=0 [Surface] Enable=1 AlgorithmName=Surface Cl","-662405"
"C:\job\VCAM MPW_x5\MetaData.ini",".ini","67","2025-02-17 08:53","2026-05-17 11:15","[General] JobStructureVersion=0.3 JobTag=Arie Name=VCAM MPW_x5 ","-653902"
"C:\job\VCAM MPW_x5\VcamInstallerGuid.txt",".txt","36","2025-03-18 12:04","2026-05-17 11:15","a768aa22-3050-46d9-b4fc-0521e28c1ac6","-611951"
"C:\job\VCAM MPW_x5\.audit\manifest.json",".json","405","2026-05-17 11:17","2026-05-17 11:15","{   ""jobName"": ""VCAM MPW_x5"",   ""auditDbVersion"": ""1"",   ""created"": {     ""machine"": ""AMITA1"",     ""at"": ""2026-05-17T08:","1"
"C:\job\VCAM MPW_x5\Setup\DefaultWafer2Table.ini",".ini","1139","2025-06-08 15:29","2026-05-17 11:15","[WAFER ALIGNMENT] Wafer2Table_X=          0.9999693554         0.0080931762    171386.1438587506 Wafer2Table_Y=         ","-493666"
"C:\job\VCAM MPW_x5\Setup\DefectsClustering.ini",".ini","236","2024-06-30 22:58","2026-05-17 11:15","[General] Enabled=0 ClusteringAfterMerge=0 Distance=0 SelectedFirstSortingList=Priority SelectedSecondSortingList=Area S","-987138"
"C:\job\VCAM MPW_x5\Setup\DieAlignment.dat_block.ini",".ini","6942","2025-06-10 13:50","2026-05-17 11:15","[General] IsMultiIndex=0 DieCount=81 [Die_0] Row=0 Col=0 PosX=0.000 PosY=0.000 SizeX=1241.000 SizeY=1241.000 [Die_1] Row","-490885"
"C:\job\VCAM MPW_x5\Setup\MetaData.ini",".ini","32","2025-06-10 13:50","2026-05-17 11:15","[General] LastActiveRecipe=R1 ","-490885"
"C:\job\VCAM MPW_x5\Setup\MultiRecipe.ini",".ini","305","2025-06-08 15:28","2026-05-17 11:15","[Scan] recipe_1=-1,R1,-1,0,0,0,100,1 MergingThreadCount=0 doSeparateRecipe=0 DoGrabAfterMerge=0 Recipes=0,1, recipe_2=-1","-493667"
"C:\job\VCAM MPW_x5\Setup\ProductionInfo.ini",".ini","134","2025-06-08 15:28","2026-05-17 11:15","[General] WaferDefectsCount=0 WaferDefectDiceRatio=0.0000 WaferDefectClassId=0 WaferDefectClassIdCount=0 BatchPassWafers","-493668"
"C:\job\VCAM MPW_x5\Setup\ScanCondition.ini",".ini","23","2025-06-08 15:28","2026-05-17 11:15","[General] IsActive=0 ","-493667"
"C:\job\VCAM MPW_x5\Setup\Wafer2Table.ini",".ini","1147","2025-06-10 13:49","2026-05-17 11:15","[WAFER ALIGNMENT] Wafer2Table_X=          1.0000117314         0.0007916836    170071.6792469169 Wafer2Table_Y=         ","-490886"
"C:\job\VCAM MPW_x5\Setup\Recipes\R1\Alignment.ini",".ini","38","2024-06-30 22:58","2026-05-17 11:15","[WAFER ALIGNMENT] CoarseAlignDone=1 ","-987137"
"C:\job\VCAM MPW_x5\Setup\Recipes\R1\AlignmentData.ini",".ini","824","2024-06-30 22:58","2026-05-17 11:15","[General] MinScore=85 MinTargetScore=0 AlignPointsNum=8 IsAffineEnabled=1 ForceToGMF=0 [Point_0] X=170343.849337329 Y=17","-987137"
"C:\job\VCAM MPW_x5\Setup\Recipes\R1\AlignRTP.ini",".ini","2929","2025-06-10 13:49","2026-05-17 11:15","[DIE Alignment] Die__MinModelSize=32 Die__MinScore=85 Die__ExtraScanLength_um=0.000000 Die__ExtraScanLength_X_um=0.00000","-490886"
"C:\job\VCAM MPW_x5\Setup\Recipes\R1\CleanReferenceFinalParams.ini",".ini","984","2024-06-30 23:07","2026-05-17 11:15","[General] Version=2 [CleanRefParams] SizeX=2048 SizeY=2048 minCriteria=-2 maxCriteria=-1 minCreateMul=2 maxCreateMul=2 m","-987128"
"C:\job\VCAM MPW_x5\Setup\Recipes\R1\CreateReference3dOptions.ini",".ini","324","2024-06-30 22:45","2026-05-17 11:15","[General] Version=0 Debug=0 [Registration] ReferenceRegBy=0 BigBlockRowsNumber=1000 YPartitionsNumber=3 MaxErrorPix=5 PS","-987150"
"C:\job\VCAM MPW_x5\Setup\Recipes\R1\DefaultWafer2Table.ini",".ini","1094","2024-06-30 22:49","2026-05-17 11:15","[WAFER ALIGNMENT] Wafer2Table_X=          0.9999568277         0.0065097101   -171077.5033420033 Wafer2Table_Y=         ","-987146"
"C:\job\VCAM MPW_x5\Setup\Recipes\R1\DiceInstances.xml",".xml","18261","2024-06-30 22:44","2026-05-17 11:15","<?xml version=""1.0""?> <DiceInstancesInBlock xmlns:xsd=""http://www.w3.org/2001/XMLSchema"" xmlns:xsi=""http://www.w3.org/20","-987151"
"C:\job\VCAM MPW_x5\Setup\Recipes\R1\ExternalCoordSystems.ini",".ini","33","2024-06-30 22:45","2026-05-17 11:15","[ExternalCoordSystems] Count=0 ","-987150"
"C:\job\VCAM MPW_x5\Setup\Recipes\R1\GlobalRTP.ini",".ini","2925","2024-06-30 23:02","2026-05-17 11:15","[GLOBAL_RTP] LSL_Height=100.000000 USL_Height=140.000000 NominalHeight=120.000000 BumpType=1 CCS_Step=3.000000 CCS_Step_","-987133"
"C:\job\VCAM MPW_x5\Setup\Recipes\R1\JobIllumLimits.ini",".ini","86","2025-05-26 10:37","2026-05-17 11:15","[RNDTEST4] IllumCalibDate=2024-08-14 16:35:32 ForcedSkipToDate=2025-06-25 10:37:25 ","-512678"
"C:\job\VCAM MPW_x5\Setup\Recipes\R1\OpticPreset.ini",".ini","781","2025-05-26 10:36","2026-05-17 11:15","[General] Signature=1 [Scan2d] Id=4fd99cae-3aab-4943-859a-441b1405ef81 FocusPosAboveChuck=775.499999399665 Mag=5 Mode=-1","-512679"
"C:\job\VCAM MPW_x5\Setup\Recipes\R1\OpticToVCamStorage.json",".json","360","2025-03-18 11:37","2026-05-17 11:15","[   {     ""OpticId"": ""4fd99cae-3aab-4943-859a-441b1405ef81"",     ""Scenario"": ""Scan"",     ""IsAutoFocus"": false,     ""Stor","-611978"
"C:\job\VCAM MPW_x5\Setup\Recipes\R1\ProductInfo.ini",".ini","5574","2025-06-10 13:51","2026-05-17 11:15","[GENERAL] ExportFlatPos=0 Mag=5.000000 InkDotMag=-1.000000 TNERegistrationScanMag=1.000000 CleanRefX=128.000000 CleanRef","-490884"
"C:\job\VCAM MPW_x5\Setup\Recipes\R1\Recipe.ini",".ini","3742","2024-06-30 23:00","2026-05-17 11:15","[AutoCycle] AutoFocusEvery=1 ; None CleanReferenceEvery=1 ; None UnloadToAnotherCassette=0 ; Move wafers from ??? to Loa","-987136"
"C:\job\VCAM MPW_x5\Setup\Recipes\R1\RTP.txt",".txt","5062","2024-06-30 23:02","2026-05-17 11:15","[PostProcess]   ; Zone name Alg = Warp_Direction_Calculation Inner_Radius_[Microns] = 1 ;  ( Radius of the inner circle,","-987133"
"C:\job\VCAM MPW_x5\Setup\Recipes\R1\ScanOverlapLog.txt",".txt","450","2025-06-10 13:49","2026-05-17 11:15","Scan 2d Overlap [px], [um]; Pixel size = 1.693, 1.69 Minimum             :    32,   32,   54,   54 Detection           :","-490886"
"C:\job\VCAM MPW_x5\Setup\Recipes\R1\ScenariosMetadatas.ini",".ini","261","2024-06-30 22:51","2026-05-17 11:15","[General] Version=1 [Scan2d] Id=0cfc4635-7ed8-736a-e7fa-98f0f8122de5 OpticsId=4fd99cae-3aab-4943-859a-441b1405ef81 Refer","-987145"
"C:\job\VCAM MPW_x5\Setup\Recipes\R1\UniqueArea.ini",".ini","20","2024-06-30 22:45","2026-05-17 11:15","[General] Count=0 ","-987150"
"C:\job\VCAM MPW_x5\Setup\Recipes\R1\Wafer2Table.ini",".ini","1131","2025-06-10 13:51","2026-05-17 11:15","[WAFER ALIGNMENT] Wafer2Table_X=          0.9999876421        -0.0007916645   -169935.7993149389 Wafer2Table_Y=         ","-490885"
"C:\job\VCAM MPW_x5\Setup\Recipes\R1\WaferDataReadSettings.xml",".xml","195","2024-06-30 22:45","2026-05-17 11:15","<?xml version=""1.0""?> <WaferDataReadSettings xmlns:xsi=""http://www.w3.org/2001/XMLSchema-instance"" xmlns:xsd=""http://www","-987150"
"C:\job\VCAM MPW_x5\Setup\Recipes\R1\Waferinfo.ini",".ini","350","2025-06-10 13:50","2026-05-17 11:15","[Robot] Rotation=0 SideUp=1 [General] hd_robot=False InkBinList= LimitNumberOfInkedDice=0 hd_cmm=False key_minarea=2500 ","-490885"
"C:\job\VCAM MPW_x5\Setup\Recipes\R1\WaferMapRecipe.ini",".ini","933","2025-06-10 13:49","2026-05-17 11:15","[GENERAL] SettingsPolicy=0 ImportSubPath= ExportInAutoCycle=1 FiducialBin=-1 UpdateSubPath= ExportInManualScan=1 AfterEx","-490886"
"C:\job\VCAM MPW_x5\Setup\Recipes\R1\WaferToRefWafer.ini",".ini","171","2025-06-08 15:29","2026-05-17 11:15","[WaferToRefWafer] RW_2_SW_X=          0.9999746575        -0.0015833095   -339735.6154305550 RW_2_SW_Y=          0.00158","-493666"
"C:\job\VCAM MPW_x5\Setup\Recipes\R1\Zones.ini",".ini","244","2024-06-30 22:54","2026-05-17 11:15","[ALGName] 255=PostProcess 0=ScanArea [ALG] 255=PostProcess 0=Surface [BinCodes] 255=-1 0=-1 [Color Name] 255=#FFFFFF 0= ","-987142"
"C:\job\VCAM MPW_x5\Setup\Recipes\R1\ZoomLevels.ini",".ini","338","2024-06-30 22:45","2026-05-17 11:15","[DIE] Step_X=11160.990 Step_Y=11160.990 [ZOOM_LEVELS] LEVEL_1=1 SaveCompressed=0 LEVEL_2=1 LEVEL_4=1 LEVEL_8=1 LEVEL_16=","-987151"
"C:\job\VCAM MPW_x5\Setup\Recipes\R1\.dc_cache\TransactionsHistory.ini",".ini","120","2024-06-30 22:50","2026-05-17 11:15","[DeprecatedInV0] Namespace.RuntimeEntities.RecipePartsCollection_Runtime|RecipePartsCollection|CleanReferenceParams=1 ","-987145"
"C:\job\VCAM MPW_x5\Setup\Recipes\R1\Die_1\DieRegPos.txt",".txt","110","2024-06-30 22:45","2026-05-17 11:15","ScaleX =    1.0000000000; ScaleY =    1.0000000000   RefID       X        Y  Zone Count      Shape Data ","-987151"
"C:\job\VCAM MPW_x5\Setup\Recipes\R1\Die_1\Zones.ini",".ini","23","2024-06-30 22:54","2026-05-17 11:15","[General] Version=11 ","-987142"
"C:\job\VCAM MPW_x5\Setup\Recipes\R1\Die_1\zones.txt",".txt","170","2024-06-30 22:54","2026-05-17 11:15","ScaleX =    1.0000000000; ScaleY =    1.0000000000   RefID       X        Y  Zone Count      Shape Data       1    620.0","-987142"
"C:\job\VCAM MPW_x5\Setup\Recipes\R1\Die_1\ZoomLevels.ini",".ini","123","2024-06-30 22:45","2026-05-17 11:15","[ZOOM_LEVELS] LEVEL_1=1 SaveCompressed=0 LEVEL_2=1 [LEVEL_1] SizeX=1240 SizeY=1240 [LEVEL_2] SizeX=620 SizeY=620 ","-987151"
"C:\job\VCAM MPW_x5\Setup\Recipes\R1\Die_1\ReferenceBackup\ZoomLevels.ini",".ini","79","2024-06-30 22:45","2026-05-17 11:15","[ZOOM_LEVELS] LEVEL_1=1 SaveCompressed=0 [LEVEL_1] SizeX=1240 SizeY=1240 ","-987151"
"C:\job\VCAM MPW_x5\Setup\Recipes\R1\Die_10\DieRegPos.txt",".txt","110","2024-06-30 22:45","2026-05-17 11:15","ScaleX =    1.0000000000; ScaleY =    1.0000000000   RefID       X        Y  Zone Count      Shape Data ","-987151"
"C:\job\VCAM MPW_x5\Setup\Recipes\R1\Die_10\Zones.ini",".ini","23","2024-06-30 22:53","2026-05-17 11:15","[General] Version=11 ","-987142"
"C:\job\VCAM MPW_x5\Setup\Recipes\R1\Die_10\zones.txt",".txt","170","2024-06-30 22:53","2026-05-17 11:15","ScaleX =    1.0000000000; ScaleY =    1.0000000000   RefID       X        Y  Zone Count      Shape Data       1    620.0","-987142"
"C:\job\VCAM MPW_x5\Setup\Recipes\R1\Die_10\ZoomLevels.ini",".ini","123","2024-06-30 22:45","2026-05-17 11:15","[ZOOM_LEVELS] LEVEL_1=1 SaveCompressed=0 LEVEL_2=1 [LEVEL_1] SizeX=1240 SizeY=1240 [LEVEL_2] SizeX=620 SizeY=620 ","-987151"
"C:\job\VCAM MPW_x5\Setup\Recipes\R1\Die_10\ReferenceBackup\ZoomLevels.ini",".ini","79","2024-06-30 22:45","2026-05-17 11:15","[ZOOM_LEVELS] LEVEL_1=1 SaveCompressed=0 [LEVEL_1] SizeX=1240 SizeY=1240 ","-987151"
"C:\job\VCAM MPW_x5\Setup\Recipes\R1\Die_11\DieRegPos.txt",".txt","110","2024-06-30 22:45","2026-05-17 11:15","ScaleX =    1.0000000000; ScaleY =    1.0000000000   RefID       X        Y  Zone Count      Shape Data ","-987151"
"C:\job\VCAM MPW_x5\Setup\Recipes\R1\Die_11\Zones.ini",".ini","23","2024-06-30 22:53","2026-05-17 11:15","[General] Version=11 ","-987142"
"C:\job\VCAM MPW_x5\Setup\Recipes\R1\Die_11\zones.txt",".txt","170","2024-06-30 22:53","2026-05-17 11:15","ScaleX =    1.0000000000; ScaleY =    1.0000000000   RefID       X        Y  Zone Count      Shape Data       1    620.0","-987142"
"C:\job\VCAM MPW_x5\Setup\Recipes\R1\Die_11\ZoomLevels.ini",".ini","123","2024-06-30 22:45","2026-05-17 11:15","[ZOOM_LEVELS] LEVEL_1=1 SaveCompressed=0 LEVEL_2=1 [LEVEL_1] SizeX=1240 SizeY=1240 [LEVEL_2] SizeX=620 SizeY=620 ","-987151"
"C:\job\VCAM MPW_x5\Setup\Recipes\R1\Die_11\ReferenceBackup\ZoomLevels.ini",".ini","79","2024-06-30 22:45","2026-05-17 11:15","[ZOOM_LEVELS] LEVEL_1=1 SaveCompressed=0 [LEVEL_1] SizeX=1240 SizeY=1240 ","-987151"
"C:\job\VCAM MPW_x5\Setup\Recipes\R1\Die_12\DieRegPos.txt",".txt","110","2024-06-30 22:45","2026-05-17 11:15","ScaleX =    1.0000000000; ScaleY =    1.0000000000   RefID       X        Y  Zone Count      Shape Data ","-987151"
"C:\job\VCAM MPW_x5\Setup\Recipes\R1\Die_12\Zones.ini",".ini","23","2024-06-30 22:53","2026-05-17 11:15","[General] Version=11 ","-987142"
"C:\job\VCAM MPW_x5\Setup\Recipes\R1\Die_12\zones.txt",".txt","170","2024-06-30 22:53","2026-05-17 11:15","ScaleX =    1.0000000000; ScaleY =    1.0000000000   RefID       X        Y  Zone Count      Shape Data       1    620.0","-987142"
"C:\job\VCAM MPW_x5\Setup\Recipes\R1\Die_12\ZoomLevels.ini",".ini","123","2024-06-30 22:45","2026-05-17 11:15","[ZOOM_LEVELS] LEVEL_1=1 SaveCompressed=0 LEVEL_2=1 [LEVEL_1] SizeX=1240 SizeY=1240 [LEVEL_2] SizeX=620 SizeY=620 ","-987151"
"C:\job\VCAM MPW_x5\Setup\Recipes\R1\Die_12\ReferenceBackup\ZoomLevels.ini",".ini","79","2024-06-30 22:45","2026-05-17 11:15","[ZOOM_LEVELS] LEVEL_1=1 SaveCompressed=0 [LEVEL_1] SizeX=1240 SizeY=1240 ","-987151"
"C:\job\VCAM MPW_x5\Setup\Recipes\R1\Die_13\DieRegPos.txt",".txt","110","2024-06-30 22:45","2026-05-17 11:15","ScaleX =    1.0000000000; ScaleY =    1.0000000000   RefID       X        Y  Zone Count      Shape Data ","-987151"
"C:\job\VCAM MPW_x5\Setup\Recipes\R1\Die_13\Zones.ini",".ini","23","2024-06-30 22:53","2026-05-17 11:15","[General] Version=11 ","-987142"
"C:\job\VCAM MPW_x5\Setup\Recipes\R1\Die_13\zones.txt",".txt","170","2024-06-30 22:53","2026-05-17 11:15","ScaleX =    1.0000000000; ScaleY =    1.0000000000   RefID       X        Y  Zone Count      Shape Data       1    620.0","-987142"
"C:\job\VCAM MPW_x5\Setup\Recipes\R1\Die_13\ZoomLevels.ini",".ini","123","2024-06-30 22:45","2026-05-17 11:15","[ZOOM_LEVELS] LEVEL_1=1 SaveCompressed=0 LEVEL_2=1 [LEVEL_1] SizeX=1240 SizeY=1240 [LEVEL_2] SizeX=620 SizeY=620 ","-987151"
"C:\job\VCAM MPW_x5\Setup\Recipes\R1\Die_13\ReferenceBackup\ZoomLevels.ini",".ini","79","2024-06-30 22:45","2026-05-17 11:15","[ZOOM_LEVELS] LEVEL_1=1 SaveCompressed=0 [LEVEL_1] SizeX=1240 SizeY=1240 ","-987151"
"C:\job\VCAM MPW_x5\Setup\Recipes\R1\Die_14\DieRegPos.txt",".txt","110","2024-06-30 22:45","2026-05-17 11:15","ScaleX =    1.0000000000; ScaleY =    1.0000000000   RefID       X        Y  Zone Count      Shape Data ","-987151"
"C:\job\VCAM MPW_x5\Setup\Recipes\R1\Die_14\Zones.ini",".ini","23","2024-06-30 22:53","2026-05-17 11:15","[General] Version=11 ","-987142"
"C:\job\VCAM MPW_x5\Setup\Recipes\R1\Die_14\zones.txt",".txt","170","2024-06-30 22:53","2026-05-17 11:15","ScaleX =    1.0000000000; ScaleY =    1.0000000000   RefID       X        Y  Zone Count      Shape Data       1    620.0","-987142"
"C:\job\VCAM MPW_x5\Setup\Recipes\R1\Die_14\ZoomLevels.ini",".ini","123","2024-06-30 22:45","2026-05-17 11:15","[ZOOM_LEVELS] LEVEL_1=1 SaveCompressed=0 LEVEL_2=1 [LEVEL_1] SizeX=1240 SizeY=1240 [LEVEL_2] SizeX=620 SizeY=620 ","-987151"
"C:\job\VCAM MPW_x5\Setup\Recipes\R1\Die_14\ReferenceBackup\ZoomLevels.ini",".ini","79","2024-06-30 22:45","2026-05-17 11:15","[ZOOM_LEVELS] LEVEL_1=1 SaveCompressed=0 [LEVEL_1] SizeX=1240 SizeY=1240 ","-987151"
"C:\job\VCAM MPW_x5\Setup\Recipes\R1\Die_15\DieRegPos.txt",".txt","110","2024-06-30 22:45","2026-05-17 11:15","ScaleX =    1.0000000000; ScaleY =    1.0000000000   RefID       X        Y  Zone Count      Shape Data ","-987151"
"C:\job\VCAM MPW_x5\Setup\Recipes\R1\Die_15\Zones.ini",".ini","23","2024-06-30 22:53","2026-05-17 11:15","[General] Version=11 ","-987142"
"C:\job\VCAM MPW_x5\Setup\Recipes\R1\Die_15\zones.txt",".txt","170","2024-06-30 22:53","2026-05-17 11:15","ScaleX =    1.0000000000; ScaleY =    1.0000000000   RefID       X        Y  Zone Count      Shape Data       1    620.0","-987142"
"C:\job\VCAM MPW_x5\Setup\Recipes\R1\Die_15\ZoomLevels.ini",".ini","123","2024-06-30 22:45","2026-05-17 11:15","[ZOOM_LEVELS] LEVEL_1=1 SaveCompressed=0 LEVEL_2=1 [LEVEL_1] SizeX=1240 SizeY=1240 [LEVEL_2] SizeX=620 SizeY=620 ","-987151"
"C:\job\VCAM MPW_x5\Setup\Recipes\R1\Die_15\ReferenceBackup\ZoomLevels.ini",".ini","79","2024-06-30 22:45","2026-05-17 11:15","[ZOOM_LEVELS] LEVEL_1=1 SaveCompressed=0 [LEVEL_1] SizeX=1240 SizeY=1240 ","-987151"
"C:\job\VCAM MPW_x5\Setup\Recipes\R1\Die_16\DieRegPos.txt",".txt","110","2024-06-30 22:45","2026-05-17 11:15","ScaleX =    1.0000000000; ScaleY =    1.0000000000   RefID       X        Y  Zone Count      Shape Data ","-987151"
"C:\job\VCAM MPW_x5\Setup\Recipes\R1\Die_16\Zones.ini",".ini","23","2024-06-30 22:53","2026-05-17 11:15","[General] Version=11 ","-987142"
"C:\job\VCAM MPW_x5\Setup\Recipes\R1\Die_16\zones.txt",".txt","170","2024-06-30 22:53","2026-05-17 11:15","ScaleX =    1.0000000000; ScaleY =    1.0000000000   RefID       X        Y  Zone Count      Shape Data       1    620.0","-987142"
"C:\job\VCAM MPW_x5\Setup\Recipes\R1\Die_16\ZoomLevels.ini",".ini","123","2024-06-30 22:45","2026-05-17 11:15","[ZOOM_LEVELS] LEVEL_1=1 SaveCompressed=0 LEVEL_2=1 [LEVEL_1] SizeX=1240 SizeY=1240 [LEVEL_2] SizeX=620 SizeY=620 ","-987151"
"C:\job\VCAM MPW_x5\Setup\Recipes\R1\Die_16\ReferenceBackup\ZoomLevels.ini",".ini","79","2024-06-30 22:45","2026-05-17 11:15","[ZOOM_LEVELS] LEVEL_1=1 SaveCompressed=0 [LEVEL_1] SizeX=1240 SizeY=1240 ","-987151"
"C:\job\VCAM MPW_x5\Setup\Recipes\R1\Die_17\DieRegPos.txt",".txt","110","2024-06-30 22:45","2026-05-17 11:15","ScaleX =    1.0000000000; ScaleY =    1.0000000000   RefID       X        Y  Zone Count      Shape Data ","-987151"
"C:\job\VCAM MPW_x5\Setup\Recipes\R1\Die_17\Zones.ini",".ini","23","2024-06-30 22:53","2026-05-17 11:15","[General] Version=11 ","-987142"
"C:\job\VCAM MPW_x5\Setup\Recipes\R1\Die_17\zones.txt",".txt","170","2024-06-30 22:53","2026-05-17 11:15","ScaleX =    1.0000000000; ScaleY =    1.0000000000   RefID       X        Y  Zone Count      Shape Data       1    620.0","-987142"
"C:\job\VCAM MPW_x5\Setup\Recipes\R1\Die_17\ZoomLevels.ini",".ini","123","2024-06-30 22:45","2026-05-17 11:15","[ZOOM_LEVELS] LEVEL_1=1 SaveCompressed=0 LEVEL_2=1 [LEVEL_1] SizeX=1240 SizeY=1240 [LEVEL_2] SizeX=620 SizeY=620 ","-987151"
"C:\job\VCAM MPW_x5\Setup\Recipes\R1\Die_17\ReferenceBackup\ZoomLevels.ini",".ini","79","2024-06-30 22:45","2026-05-17 11:15","[ZOOM_LEVELS] LEVEL_1=1 SaveCompressed=0 [LEVEL_1] SizeX=1240 SizeY=1240 ","-987151"
"C:\job\VCAM MPW_x5\Setup\Recipes\R1\Die_18\DieRegPos.txt",".txt","110","2024-06-30 22:45","2026-05-17 11:15","ScaleX =    1.0000000000; ScaleY =    1.0000000000   RefID       X        Y  Zone Count      Shape Data ","-987151"
"C:\job\VCAM MPW_x5\Setup\Recipes\R1\Die_18\Zones.ini",".ini","23","2024-06-30 22:53","2026-05-17 11:15","[General] Version=11 ","-987142"
"C:\job\VCAM MPW_x5\Setup\Recipes\R1\Die_18\zones.txt",".txt","170","2024-06-30 22:53","2026-05-17 11:15","ScaleX =    1.0000000000; ScaleY =    1.0000000000   RefID       X        Y  Zone Count      Shape Data       1    620.0","-987142"
"C:\job\VCAM MPW_x5\Setup\Recipes\R1\Die_18\ZoomLevels.ini",".ini","123","2024-06-30 22:45","2026-05-17 11:15","[ZOOM_LEVELS] LEVEL_1=1 SaveCompressed=0 LEVEL_2=1 [LEVEL_1] SizeX=1240 SizeY=1240 [LEVEL_2] SizeX=620 SizeY=620 ","-987151"
"C:\job\VCAM MPW_x5\Setup\Recipes\R1\Die_18\ReferenceBackup\ZoomLevels.ini",".ini","79","2024-06-30 22:45","2026-05-17 11:15","[ZOOM_LEVELS] LEVEL_1=1 SaveCompressed=0 [LEVEL_1] SizeX=1240 SizeY=1240 ","-987151"
"C:\job\VCAM MPW_x5\Setup\Recipes\R1\Die_19\DieRegPos.txt",".txt","110","2024-06-30 22:45","2026-05-17 11:15","ScaleX =    1.0000000000; ScaleY =    1.0000000000   RefID       X        Y  Zone Count      Shape Data ","-987151"
"C:\job\VCAM MPW_x5\Setup\Recipes\R1\Die_19\Zones.ini",".ini","23","2024-06-30 22:53","2026-05-17 11:15","[General] Version=11 ","-987142"
"C:\job\VCAM MPW_x5\Setup\Recipes\R1\Die_19\zones.txt",".txt","170","2024-06-30 22:53","2026-05-17 11:15","ScaleX =    1.0000000000; ScaleY =    1.0000000000   RefID       X        Y  Zone Count      Shape Data       1    620.0","-987142"
"C:\job\VCAM MPW_x5\Setup\Recipes\R1\Die_19\ZoomLevels.ini",".ini","123","2024-06-30 22:45","2026-05-17 11:15","[ZOOM_LEVELS] LEVEL_1=1 SaveCompressed=0 LEVEL_2=1 [LEVEL_1] SizeX=1240 SizeY=1240 [LEVEL_2] SizeX=620 SizeY=620 ","-987151"
"C:\job\VCAM MPW_x5\Setup\Recipes\R1\Die_19\ReferenceBackup\ZoomLevels.ini",".ini","79","2024-06-30 22:45","2026-05-17 11:15","[ZOOM_LEVELS] LEVEL_1=1 SaveCompressed=0 [LEVEL_1] SizeX=1240 SizeY=1240 ","-987151"
"C:\job\VCAM MPW_x5\Setup\Recipes\R1\Die_2\DieRegPos.txt",".txt","110","2024-06-30 22:45","2026-05-17 11:15","ScaleX =    1.0000000000; ScaleY =    1.0000000000   RefID       X        Y  Zone Count      Shape Data ","-987151"
"C:\job\VCAM MPW_x5\Setup\Recipes\R1\Die_2\Zones.ini",".ini","23","2024-06-30 22:54","2026-05-17 11:15","[General] Version=11 ","-987142"
"C:\job\VCAM MPW_x5\Setup\Recipes\R1\Die_2\zones.txt",".txt","170","2024-06-30 22:54","2026-05-17 11:15","ScaleX =    1.0000000000; ScaleY =    1.0000000000   RefID       X        Y  Zone Count      Shape Data       1    620.0","-987142"
"C:\job\VCAM MPW_x5\Setup\Recipes\R1\Die_2\ZoomLevels.ini",".ini","123","2024-06-30 22:45","2026-05-17 11:15","[ZOOM_LEVELS] LEVEL_1=1 SaveCompressed=0 LEVEL_2=1 [LEVEL_1] SizeX=1240 SizeY=1240 [LEVEL_2] SizeX=620 SizeY=620 ","-987151"
"C:\job\VCAM MPW_x5\Setup\Recipes\R1\Die_2\ReferenceBackup\ZoomLevels.ini",".ini","79","2024-06-30 22:45","2026-05-17 11:15","[ZOOM_LEVELS] LEVEL_1=1 SaveCompressed=0 [LEVEL_1] SizeX=1240 SizeY=1240 ","-987151"
"C:\job\VCAM MPW_x5\Setup\Recipes\R1\Die_20\DieRegPos.txt",".txt","110","2024-06-30 22:44","2026-05-17 11:15","ScaleX =    1.0000000000; ScaleY =    1.0000000000   RefID       X        Y  Zone Count      Shape Data ","-987151"
"C:\job\VCAM MPW_x5\Setup\Recipes\R1\Die_20\Zones.ini",".ini","23","2024-06-30 22:53","2026-05-17 11:15","[General] Version=11 ","-987143"
"C:\job\VCAM MPW_x5\Setup\Recipes\R1\Die_20\zones.txt",".txt","170","2024-06-30 22:53","2026-05-17 11:15","ScaleX =    1.0000000000; ScaleY =    1.0000000000   RefID       X        Y  Zone Count      Shape Data       1    620.0","-987143"
"C:\job\VCAM MPW_x5\Setup\Recipes\R1\Die_20\ZoomLevels.ini",".ini","123","2024-06-30 22:45","2026-05-17 11:15","[ZOOM_LEVELS] LEVEL_1=1 SaveCompressed=0 LEVEL_2=1 [LEVEL_1] SizeX=1240 SizeY=1240 [LEVEL_2] SizeX=620 SizeY=620 ","-987151"
"C:\job\VCAM MPW_x5\Setup\Recipes\R1\Die_20\ReferenceBackup\ZoomLevels.ini",".ini","79","2024-06-30 22:44","2026-05-17 11:16","[ZOOM_LEVELS] LEVEL_1=1 SaveCompressed=0 [LEVEL_1] SizeX=1240 SizeY=1240 ","-987151"
"C:\job\VCAM MPW_x5\Setup\Recipes\R1\Die_21\DieRegPos.txt",".txt","110","2024-06-30 22:44","2026-05-17 11:16","ScaleX =    1.0000000000; ScaleY =    1.0000000000   RefID       X        Y  Zone Count      Shape Data ","-987151"
"C:\job\VCAM MPW_x5\Setup\Recipes\R1\Die_21\Zones.ini",".ini","23","2024-06-30 22:53","2026-05-17 11:16","[General] Version=11 ","-987143"
"C:\job\VCAM MPW_x5\Setup\Recipes\R1\Die_21\zones.txt",".txt","170","2024-06-30 22:53","2026-05-17 11:16","ScaleX =    1.0000000000; ScaleY =    1.0000000000   RefID       X        Y  Zone Count      Shape Data       1    620.0","-987143"
"C:\job\VCAM MPW_x5\Setup\Recipes\R1\Die_21\ZoomLevels.ini",".ini","123","2024-06-30 22:45","2026-05-17 11:16","[ZOOM_LEVELS] LEVEL_1=1 SaveCompressed=0 LEVEL_2=1 [LEVEL_1] SizeX=1240 SizeY=1240 [LEVEL_2] SizeX=620 SizeY=620 ","-987151"
"C:\job\VCAM MPW_x5\Setup\Recipes\R1\Die_21\ReferenceBackup\ZoomLevels.ini",".ini","79","2024-06-30 22:44","2026-05-17 11:16","[ZOOM_LEVELS] LEVEL_1=1 SaveCompressed=0 [LEVEL_1] SizeX=1240 SizeY=1240 ","-987151"
"C:\job\VCAM MPW_x5\Setup\Recipes\R1\Die_22\DieRegPos.txt",".txt","110","2024-06-30 22:44","2026-05-17 11:16","ScaleX =    1.0000000000; ScaleY =    1.0000000000   RefID       X        Y  Zone Count      Shape Data ","-987151"
"C:\job\VCAM MPW_x5\Setup\Recipes\R1\Die_22\Zones.ini",".ini","23","2024-06-30 22:53","2026-05-17 11:16","[General] Version=11 ","-987143"
"C:\job\VCAM MPW_x5\Setup\Recipes\R1\Die_22\zones.txt",".txt","170","2024-06-30 22:53","2026-05-17 11:16","ScaleX =    1.0000000000; ScaleY =    1.0000000000   RefID       X        Y  Zone Count      Shape Data       1    620.0","-987143"
"C:\job\VCAM MPW_x5\Setup\Recipes\R1\Die_22\ZoomLevels.ini",".ini","123","2024-06-30 22:45","2026-05-17 11:16","[ZOOM_LEVELS] LEVEL_1=1 SaveCompressed=0 LEVEL_2=1 [LEVEL_1] SizeX=1240 SizeY=1240 [LEVEL_2] SizeX=620 SizeY=620 ","-987151"
"C:\job\VCAM MPW_x5\Setup\Recipes\R1\Die_22\ReferenceBackup\ZoomLevels.ini",".ini","79","2024-06-30 22:44","2026-05-17 11:16","[ZOOM_LEVELS] LEVEL_1=1 SaveCompressed=0 [LEVEL_1] SizeX=1240 SizeY=1240 ","-987151"
"C:\job\VCAM MPW_x5\Setup\Recipes\R1\Die_23\DieRegPos.txt",".txt","110","2024-06-30 22:44","2026-05-17 11:16","ScaleX =    1.0000000000; ScaleY =    1.0000000000   RefID       X        Y  Zone Count      Shape Data ","-987151"
"C:\job\VCAM MPW_x5\Setup\Recipes\R1\Die_23\Zones.ini",".ini","23","2024-06-30 22:53","2026-05-17 11:16","[General] Version=11 ","-987143"
"C:\job\VCAM MPW_x5\Setup\Recipes\R1\Die_23\zones.txt",".txt","170","2024-06-30 22:53","2026-05-17 11:16","ScaleX =    1.0000000000; ScaleY =    1.0000000000   RefID       X        Y  Zone Count      Shape Data       1    620.0","-987143"
"C:\job\VCAM MPW_x5\Setup\Recipes\R1\Die_23\ZoomLevels.ini",".ini","123","2024-06-30 22:45","2026-05-17 11:16","[ZOOM_LEVELS] LEVEL_1=1 SaveCompressed=0 LEVEL_2=1 [LEVEL_1] SizeX=1240 SizeY=1240 [LEVEL_2] SizeX=620 SizeY=620 ","-987151"
"C:\job\VCAM MPW_x5\Setup\Recipes\R1\Die_23\ReferenceBackup\ZoomLevels.ini",".ini","79","2024-06-30 22:44","2026-05-17 11:16","[ZOOM_LEVELS] LEVEL_1=1 SaveCompressed=0 [LEVEL_1] SizeX=1240 SizeY=1240 ","-987151"
"C:\job\VCAM MPW_x5\Setup\Recipes\R1\Die_24\DieRegPos.txt",".txt","110","2024-06-30 22:44","2026-05-17 11:16","ScaleX =    1.0000000000; ScaleY =    1.0000000000   RefID       X        Y  Zone Count      Shape Data ","-987151"
"C:\job\VCAM MPW_x5\Setup\Recipes\R1\Die_24\Zones.ini",".ini","23","2024-06-30 22:53","2026-05-17 11:16","[General] Version=11 ","-987143"
"C:\job\VCAM MPW_x5\Setup\Recipes\R1\Die_24\zones.txt",".txt","170","2024-06-30 22:53","2026-05-17 11:16","ScaleX =    1.0000000000; ScaleY =    1.0000000000   RefID       X        Y  Zone Count      Shape Data       1    620.0","-987143"
"C:\job\VCAM MPW_x5\Setup\Recipes\R1\Die_24\ZoomLevels.ini",".ini","123","2024-06-30 22:45","2026-05-17 11:16","[ZOOM_LEVELS] LEVEL_1=1 SaveCompressed=0 LEVEL_2=1 [LEVEL_1] SizeX=1240 SizeY=1240 [LEVEL_2] SizeX=620 SizeY=620 ","-987151"
"C:\job\VCAM MPW_x5\Setup\Recipes\R1\Die_24\ReferenceBackup\ZoomLevels.ini",".ini","79","2024-06-30 22:44","2026-05-17 11:16","[ZOOM_LEVELS] LEVEL_1=1 SaveCompressed=0 [LEVEL_1] SizeX=1240 SizeY=1240 ","-987151"
"C:\job\VCAM MPW_x5\Setup\Recipes\R1\Die_25\DieRegPos.txt",".txt","110","2024-06-30 22:44","2026-05-17 11:16","ScaleX =    1.0000000000; ScaleY =    1.0000000000   RefID       X        Y  Zone Count      Shape Data ","-987151"
"C:\job\VCAM MPW_x5\Setup\Recipes\R1\Die_25\Zones.ini",".ini","23","2024-06-30 22:53","2026-05-17 11:16","[General] Version=11 ","-987143"
"C:\job\VCAM MPW_x5\Setup\Recipes\R1\Die_25\zones.txt",".txt","170","2024-06-30 22:53","2026-05-17 11:16","ScaleX =    1.0000000000; ScaleY =    1.0000000000   RefID       X        Y  Zone Count      Shape Data       1    620.0","-987143"
"C:\job\VCAM MPW_x5\Setup\Recipes\R1\Die_25\ZoomLevels.ini",".ini","123","2024-06-30 22:45","2026-05-17 11:16","[ZOOM_LEVELS] LEVEL_1=1 SaveCompressed=0 LEVEL_2=1 [LEVEL_1] SizeX=1240 SizeY=1240 [LEVEL_2] SizeX=620 SizeY=620 ","-987151"
"C:\job\VCAM MPW_x5\Setup\Recipes\R1\Die_25\ReferenceBackup\ZoomLevels.ini",".ini","79","2024-06-30 22:44","2026-05-17 11:16","[ZOOM_LEVELS] LEVEL_1=1 SaveCompressed=0 [LEVEL_1] SizeX=1240 SizeY=1240 ","-987151"
"C:\job\VCAM MPW_x5\Setup\Recipes\R1\Die_26\DieRegPos.txt",".txt","110","2024-06-30 22:44","2026-05-17 11:16","ScaleX =    1.0000000000; ScaleY =    1.0000000000   RefID       X        Y  Zone Count      Shape Data ","-987151"
"C:\job\VCAM MPW_x5\Setup\Recipes\R1\Die_26\Zones.ini",".ini","23","2024-06-30 22:53","2026-05-17 11:16","[General] Version=11 ","-987143"
"C:\job\VCAM MPW_x5\Setup\Recipes\R1\Die_26\zones.txt",".txt","170","2024-06-30 22:53","2026-05-17 11:16","ScaleX =    1.0000000000; ScaleY =    1.0000000000   RefID       X        Y  Zone Count      Shape Data       1    620.0","-987143"
"C:\job\VCAM MPW_x5\Setup\Recipes\R1\Die_26\ZoomLevels.ini",".ini","123","2024-06-30 22:45","2026-05-17 11:16","[ZOOM_LEVELS] LEVEL_1=1 SaveCompressed=0 LEVEL_2=1 [LEVEL_1] SizeX=1240 SizeY=1240 [LEVEL_2] SizeX=620 SizeY=620 ","-987151"
"C:\job\VCAM MPW_x5\Setup\Recipes\R1\Die_26\ReferenceBackup\ZoomLevels.ini",".ini","79","2024-06-30 22:44","2026-05-17 11:16","[ZOOM_LEVELS] LEVEL_1=1 SaveCompressed=0 [LEVEL_1] SizeX=1240 SizeY=1240 ","-987151"
"C:\job\VCAM MPW_x5\Setup\Recipes\R1\Die_27\DieRegPos.txt",".txt","110","2024-06-30 22:44","2026-05-17 11:16","ScaleX =    1.0000000000; ScaleY =    1.0000000000   RefID       X        Y  Zone Count      Shape Data ","-987151"
"C:\job\VCAM MPW_x5\Setup\Recipes\R1\Die_27\Zones.ini",".ini","23","2024-06-30 22:53","2026-05-17 11:16","[General] Version=11 ","-987143"
"C:\job\VCAM MPW_x5\Setup\Recipes\R1\Die_27\zones.txt",".txt","170","2024-06-30 22:53","2026-05-17 11:16","ScaleX =    1.0000000000; ScaleY =    1.0000000000   RefID       X        Y  Zone Count      Shape Data       1    620.0","-987143"
"C:\job\VCAM MPW_x5\Setup\Recipes\R1\Die_27\ZoomLevels.ini",".ini","123","2024-06-30 22:45","2026-05-17 11:16","[ZOOM_LEVELS] LEVEL_1=1 SaveCompressed=0 LEVEL_2=1 [LEVEL_1] SizeX=1240 SizeY=1240 [LEVEL_2] SizeX=620 SizeY=620 ","-987151"
"C:\job\VCAM MPW_x5\Setup\Recipes\R1\Die_27\ReferenceBackup\ZoomLevels.ini",".ini","79","2024-06-30 22:44","2026-05-17 11:16","[ZOOM_LEVELS] LEVEL_1=1 SaveCompressed=0 [LEVEL_1] SizeX=1240 SizeY=1240 ","-987151"
"C:\job\VCAM MPW_x5\Setup\Recipes\R1\Die_28\DieRegPos.txt",".txt","110","2024-06-30 22:44","2026-05-17 11:16","ScaleX =    1.0000000000; ScaleY =    1.0000000000   RefID       X        Y  Zone Count      Shape Data ","-987151"
"C:\job\VCAM MPW_x5\Setup\Recipes\R1\Die_28\Zones.ini",".ini","23","2024-06-30 22:53","2026-05-17 11:16","[General] Version=11 ","-987143"
"C:\job\VCAM MPW_x5\Setup\Recipes\R1\Die_28\zones.txt",".txt","170","2024-06-30 22:53","2026-05-17 11:16","ScaleX =    1.0000000000; ScaleY =    1.0000000000   RefID       X        Y  Zone Count      Shape Data       1    620.0","-987143"
"C:\job\VCAM MPW_x5\Setup\Recipes\R1\Die_28\ZoomLevels.ini",".ini","123","2024-06-30 22:45","2026-05-17 11:16","[ZOOM_LEVELS] LEVEL_1=1 SaveCompressed=0 LEVEL_2=1 [LEVEL_1] SizeX=1240 SizeY=1240 [LEVEL_2] SizeX=620 SizeY=620 ","-987151"
"C:\job\VCAM MPW_x5\Setup\Recipes\R1\Die_28\ReferenceBackup\ZoomLevels.ini",".ini","79","2024-06-30 22:44","2026-05-17 11:16","[ZOOM_LEVELS] LEVEL_1=1 SaveCompressed=0 [LEVEL_1] SizeX=1240 SizeY=1240 ","-987151"
"C:\job\VCAM MPW_x5\Setup\Recipes\R1\Die_29\DieRegPos.txt",".txt","110","2024-06-30 22:44","2026-05-17 11:16","ScaleX =    1.0000000000; ScaleY =    1.0000000000   RefID       X        Y  Zone Count      Shape Data ","-987151"
"C:\job\VCAM MPW_x5\Setup\Recipes\R1\Die_29\Zones.ini",".ini","23","2024-06-30 22:53","2026-05-17 11:16","[General] Version=11 ","-987143"
"C:\job\VCAM MPW_x5\Setup\Recipes\R1\Die_29\zones.txt",".txt","170","2024-06-30 22:53","2026-05-17 11:16","ScaleX =    1.0000000000; ScaleY =    1.0000000000   RefID       X        Y  Zone Count      Shape Data       1    620.0","-987143"
"C:\job\VCAM MPW_x5\Setup\Recipes\R1\Die_29\ZoomLevels.ini",".ini","123","2024-06-30 22:45","2026-05-17 11:16","[ZOOM_LEVELS] LEVEL_1=1 SaveCompressed=0 LEVEL_2=1 [LEVEL_1] SizeX=1240 SizeY=1240 [LEVEL_2] SizeX=620 SizeY=620 ","-987151"
"C:\job\VCAM MPW_x5\Setup\Recipes\R1\Die_29\ReferenceBackup\ZoomLevels.ini",".ini","79","2024-06-30 22:44","2026-05-17 11:16","[ZOOM_LEVELS] LEVEL_1=1 SaveCompressed=0 [LEVEL_1] SizeX=1240 SizeY=1240 ","-987151"
"C:\job\VCAM MPW_x5\Setup\Recipes\R1\Die_3\DieRegPos.txt",".txt","110","2024-06-30 22:45","2026-05-17 11:16","ScaleX =    1.0000000000; ScaleY =    1.0000000000   RefID       X        Y  Zone Count      Shape Data ","-987151"
"C:\job\VCAM MPW_x5\Setup\Recipes\R1\Die_3\Zones.ini",".ini","23","2024-06-30 22:54","2026-05-17 11:16","[General] Version=11 ","-987142"
"C:\job\VCAM MPW_x5\Setup\Recipes\R1\Die_3\zones.txt",".txt","170","2024-06-30 22:54","2026-05-17 11:16","ScaleX =    1.0000000000; ScaleY =    1.0000000000   RefID       X        Y  Zone Count      Shape Data       1    620.0","-987142"
"C:\job\VCAM MPW_x5\Setup\Recipes\R1\Die_3\ZoomLevels.ini",".ini","123","2024-06-30 22:45","2026-05-17 11:16","[ZOOM_LEVELS] LEVEL_1=1 SaveCompressed=0 LEVEL_2=1 [LEVEL_1] SizeX=1240 SizeY=1240 [LEVEL_2] SizeX=620 SizeY=620 ","-987151"
"C:\job\VCAM MPW_x5\Setup\Recipes\R1\Die_3\ReferenceBackup\ZoomLevels.ini",".ini","79","2024-06-30 22:45","2026-05-17 11:16","[ZOOM_LEVELS] LEVEL_1=1 SaveCompressed=0 [LEVEL_1] SizeX=1240 SizeY=1240 ","-987151"
"C:\job\VCAM MPW_x5\Setup\Recipes\R1\Die_4\DieRegPos.txt",".txt","110","2024-06-30 22:45","2026-05-17 11:16","ScaleX =    1.0000000000; ScaleY =    1.0000000000   RefID       X        Y  Zone Count      Shape Data ","-987151"
"C:\job\VCAM MPW_x5\Setup\Recipes\R1\Die_4\Zones.ini",".ini","23","2024-06-30 22:54","2026-05-17 11:16","[General] Version=11 ","-987142"
"C:\job\VCAM MPW_x5\Setup\Recipes\R1\Die_4\zones.txt",".txt","170","2024-06-30 22:54","2026-05-17 11:16","ScaleX =    1.0000000000; ScaleY =    1.0000000000   RefID       X        Y  Zone Count      Shape Data       1    620.0","-987142"
"C:\job\VCAM MPW_x5\Setup\Recipes\R1\Die_4\ZoomLevels.ini",".ini","123","2024-06-30 22:45","2026-05-17 11:16","[ZOOM_LEVELS] LEVEL_1=1 SaveCompressed=0 LEVEL_2=1 [LEVEL_1] SizeX=1240 SizeY=1240 [LEVEL_2] SizeX=620 SizeY=620 ","-987151"
"C:\job\VCAM MPW_x5\Setup\Recipes\R1\Die_4\ReferenceBackup\ZoomLevels.ini",".ini","79","2024-06-30 22:45","2026-05-17 11:16","[ZOOM_LEVELS] LEVEL_1=1 SaveCompressed=0 [LEVEL_1] SizeX=1240 SizeY=1240 ","-987151"
"C:\job\VCAM MPW_x5\Setup\Recipes\R1\Die_5\DieRegPos.txt",".txt","110","2024-06-30 22:45","2026-05-17 11:16","ScaleX =    1.0000000000; ScaleY =    1.0000000000   RefID       X        Y  Zone Count      Shape Data ","-987151"
"C:\job\VCAM MPW_x5\Setup\Recipes\R1\Die_5\Zones.ini",".ini","23","2024-06-30 22:54","2026-05-17 11:16","[General] Version=11 ","-987142"
"C:\job\VCAM MPW_x5\Setup\Recipes\R1\Die_5\zones.txt",".txt","170","2024-06-30 22:54","2026-05-17 11:16","ScaleX =    1.0000000000; ScaleY =    1.0000000000   RefID       X        Y  Zone Count      Shape Data       1    620.0","-987142"
"C:\job\VCAM MPW_x5\Setup\Recipes\R1\Die_5\ZoomLevels.ini",".ini","123","2024-06-30 22:45","2026-05-17 11:16","[ZOOM_LEVELS] LEVEL_1=1 SaveCompressed=0 LEVEL_2=1 [LEVEL_1] SizeX=1240 SizeY=1240 [LEVEL_2] SizeX=620 SizeY=620 ","-987151"
"C:\job\VCAM MPW_x5\Setup\Recipes\R1\Die_5\ReferenceBackup\ZoomLevels.ini",".ini","79","2024-06-30 22:45","2026-05-17 11:16","[ZOOM_LEVELS] LEVEL_1=1 SaveCompressed=0 [LEVEL_1] SizeX=1240 SizeY=1240 ","-987151"
"C:\job\VCAM MPW_x5\Setup\Recipes\R1\Die_6\DieRegPos.txt",".txt","110","2024-06-30 22:45","2026-05-17 11:16","ScaleX =    1.0000000000; ScaleY =    1.0000000000   RefID       X        Y  Zone Count      Shape Data ","-987151"
"C:\job\VCAM MPW_x5\Setup\Recipes\R1\Die_6\Zones.ini",".ini","23","2024-06-30 22:53","2026-05-17 11:16","[General] Version=11 ","-987142"
"C:\job\VCAM MPW_x5\Setup\Recipes\R1\Die_6\zones.txt",".txt","170","2024-06-30 22:53","2026-05-17 11:16","ScaleX =    1.0000000000; ScaleY =    1.0000000000   RefID       X        Y  Zone Count      Shape Data       1    620.0","-987142"
"C:\job\VCAM MPW_x5\Setup\Recipes\R1\Die_6\ZoomLevels.ini",".ini","123","2024-06-30 22:45","2026-05-17 11:16","[ZOOM_LEVELS] LEVEL_1=1 SaveCompressed=0 LEVEL_2=1 [LEVEL_1] SizeX=1240 SizeY=1240 [LEVEL_2] SizeX=620 SizeY=620 ","-987151"
"C:\job\VCAM MPW_x5\Setup\Recipes\R1\Die_6\ReferenceBackup\ZoomLevels.ini",".ini","79","2024-06-30 22:45","2026-05-17 11:16","[ZOOM_LEVELS] LEVEL_1=1 SaveCompressed=0 [LEVEL_1] SizeX=1240 SizeY=1240 ","-987151"
"C:\job\VCAM MPW_x5\Setup\Recipes\R1\Die_7\DieRegPos.txt",".txt","110","2024-06-30 22:45","2026-05-17 11:16","ScaleX =    1.0000000000; ScaleY =    1.0000000000   RefID       X        Y  Zone Count      Shape Data ","-987151"
"C:\job\VCAM MPW_x5\Setup\Recipes\R1\Die_7\Zones.ini",".ini","23","2024-06-30 22:53","2026-05-17 11:16","[General] Version=11 ","-987142"
"C:\job\VCAM MPW_x5\Setup\Recipes\R1\Die_7\zones.txt",".txt","170","2024-06-30 22:53","2026-05-17 11:16","ScaleX =    1.0000000000; ScaleY =    1.0000000000   RefID       X        Y  Zone Count      Shape Data       1    620.0","-987142"
"C:\job\VCAM MPW_x5\Setup\Recipes\R1\Die_7\ZoomLevels.ini",".ini","123","2024-06-30 22:45","2026-05-17 11:16","[ZOOM_LEVELS] LEVEL_1=1 SaveCompressed=0 LEVEL_2=1 [LEVEL_1] SizeX=1240 SizeY=1240 [LEVEL_2] SizeX=620 SizeY=620 ","-987151"
"C:\job\VCAM MPW_x5\Setup\Recipes\R1\Die_7\ReferenceBackup\ZoomLevels.ini",".ini","79","2024-06-30 22:45","2026-05-17 11:16","[ZOOM_LEVELS] LEVEL_1=1 SaveCompressed=0 [LEVEL_1] SizeX=1240 SizeY=1240 ","-987151"
"C:\job\VCAM MPW_x5\Setup\Recipes\R1\Die_8\DieRegPos.txt",".txt","110","2024-06-30 22:45","2026-05-17 11:16","ScaleX =    1.0000000000; ScaleY =    1.0000000000   RefID       X        Y  Zone Count      Shape Data ","-987151"
"C:\job\VCAM MPW_x5\Setup\Recipes\R1\Die_8\Zones.ini",".ini","23","2024-06-30 22:53","2026-05-17 11:16","[General] Version=11 ","-987143"
"C:\job\VCAM MPW_x5\Setup\Recipes\R1\Die_8\zones.txt",".txt","170","2024-06-30 22:53","2026-05-17 11:16","ScaleX =    1.0000000000; ScaleY =    1.0000000000   RefID       X        Y  Zone Count      Shape Data       1    620.0","-987143"
"C:\job\VCAM MPW_x5\Setup\Recipes\R1\Die_8\ZoomLevels.ini",".ini","123","2024-06-30 22:45","2026-05-17 11:16","[ZOOM_LEVELS] LEVEL_1=1 SaveCompressed=0 LEVEL_2=1 [LEVEL_1] SizeX=1240 SizeY=1240 [LEVEL_2] SizeX=620 SizeY=620 ","-987151"
"C:\job\VCAM MPW_x5\Setup\Recipes\R1\Die_8\ReferenceBackup\ZoomLevels.ini",".ini","79","2024-06-30 22:45","2026-05-17 11:16","[ZOOM_LEVELS] LEVEL_1=1 SaveCompressed=0 [LEVEL_1] SizeX=1240 SizeY=1240 ","-987151"
"C:\job\VCAM MPW_x5\Setup\Recipes\R1\Die_9\DieRegPos.txt",".txt","110","2024-06-30 22:45","2026-05-17 11:16","ScaleX =    1.0000000000; ScaleY =    1.0000000000   RefID       X        Y  Zone Count      Shape Data ","-987151"
"C:\job\VCAM MPW_x5\Setup\Recipes\R1\Die_9\Zones.ini",".ini","23","2024-06-30 22:53","2026-05-17 11:16","[General] Version=11 ","-987143"
"C:\job\VCAM MPW_x5\Setup\Recipes\R1\Die_9\zones.txt",".txt","170","2024-06-30 22:53","2026-05-17 11:16","ScaleX =    1.0000000000; ScaleY =    1.0000000000   RefID       X        Y  Zone Count      Shape Data       1    620.0","-987143"
"C:\job\VCAM MPW_x5\Setup\Recipes\R1\Die_9\ZoomLevels.ini",".ini","123","2024-06-30 22:45","2026-05-17 11:16","[ZOOM_LEVELS] LEVEL_1=1 SaveCompressed=0 LEVEL_2=1 [LEVEL_1] SizeX=1240 SizeY=1240 [LEVEL_2] SizeX=620 SizeY=620 ","-987151"
"C:\job\VCAM MPW_x5\Setup\Recipes\R1\Die_9\ReferenceBackup\ZoomLevels.ini",".ini","79","2024-06-30 22:45","2026-05-17 11:16","[ZOOM_LEVELS] LEVEL_1=1 SaveCompressed=0 [LEVEL_1] SizeX=1240 SizeY=1240 ","-987151"
"C:\job\VCAM MPW_x5\Setup\Recipes\R1\OpticLightMetadata\config.ini",".ini","294","2025-06-10 13:49","2026-05-17 11:16","[General] NominalDelta=0.000000000 Exist=0 targetPos_X=0.000000000 targetPos_Y=0.000000000 minY=-0.000000000 minX=0.0000","-490887"
"C:\job\VCAM MPW_x5\Setup\Recipes\R1\ReferenceBackup\ZoomLevels.ini",".ini","154","2024-06-30 22:45","2026-05-17 11:16","[DIE] Step_X=11160.990 Step_Y=11160.990 [ZOOM_LEVELS] LEVEL_1=1 SaveCompressed=0 [LEVEL_1] SizeX=11160 SizeY=11160 [Gene","-987151"
"C:\job\VCAM MPW_x5\Setup\Recipes\R1\SW_QA-4\OpticsPreset.ini",".ini","39","2024-06-30 22:45","2026-05-17 11:16","[RobotSetup] Name=106463_Bare_12.cfg ","-987151"
"C:\job\VCAM MPW_x5\Setup\Recipes\R1\TrainData\CadtoJobRecipe.xml",".xml","2763","2024-06-30 22:44","2026-05-17 11:16","<?xml version=""1.0""?> <JobCreationRecipe xmlns:xsd=""http://www.w3.org/2001/XMLSchema"" xmlns:xsi=""http://www.w3.org/2001/","-987152"
"C:\job\VCAM MPW_x5\Setup\Recipes\R1\TrainData\Die.ini",".ini","764","2024-06-30 22:49","2026-05-17 11:16","[DIE] PixelSize_X=1.69339817589288 PixelSize_Y=1.69339817589288 Step_X=18900 Step_Y=18900 [ALIGNMENT_DATA] DiePitchCorre","-987147"
"C:\job\VCAM MPW_x5\Setup\Recipes\R1\WaferAlignData\Alignment_PatFindRtp.txt",".txt","485","2025-06-10 13:49","2026-05-17 11:16"," [13:49:55 06/10/25] Minimum Score           :  85    Minimum Start        :  90    Reduce Delta         :  10 Minimum T","-490887"
"C:\job\VCAM MPW_x5\Setup\Recipes\R1\WaferAlignData\Alignment_PatRes.txt",".txt","1429","2025-06-10 13:49","2026-05-17 11:16"," [13:49:55 06/10/25] ==========================================================================================  #    Co","-490887"
"C:\job\VCAM MPW_x5\Setup\Recipes\R1\WaferAlignData\Alignment_Stat.txt",".txt","1410","2025-06-10 13:49","2026-05-17 11:16","  [13:49:55 06/10/25] ==================================================================================================","-490887"
"C:\job\VCAM MPW_x5\Setup\Recipes\R1\WaferAlignData\AlignmentData.ini",".ini","31","2025-06-10 13:49","2026-05-17 11:16","[General] AlignmentTime=4401 ","-490887"
"C:\job\VCAM MPW_x5\Setup\Recipes\R1\WaferAlignData\AlignmentStatisticsTime.txt",".txt","164","2025-06-10 13:49","2026-05-17 11:16","Alignment Statistics Grabbing Counter=8 Total=624 Average=78.000000 Moving Counter=8 Total=2126 Average=265.750000 Movin","-490887"
"C:\job\VCAM MPW_x5\Setup\Recipes\R1\Zones\PostProcess.ini",".ini","2190","2025-02-17 08:55","2026-05-17 11:16","[General] ZoneName=PostProcess ZoneID=255 TypeName=PostProcess AutoTH=0 AutoProbe=0 [Warp Direction Calculation] Enable=","-653901"
"C:\job\VCAM MPW_x5\Setup\Recipes\R1\Zones\ScanArea.ini",".ini","5681","2025-02-17 08:55","2026-05-17 11:16","[General] ZoneName=ScanArea ZoneID=63 TypeName=Surface AutoTH=0 AutoProbe=0 [Surface] Enable=1 AlgorithmName=Surface Cla","-653901"
"C:\job\VCAM MPW_x5\Setup\Recipes\R2\Alignment.ini",".ini","38","2024-06-30 22:58","2026-05-17 11:16","[WAFER ALIGNMENT] CoarseAlignDone=1 ","-987138"
"C:\job\VCAM MPW_x5\Setup\Recipes\R2\AlignmentData.ini",".ini","824","2024-06-30 22:58","2026-05-17 11:16","[General] MinScore=85 MinTargetScore=0 AlignPointsNum=8 IsAffineEnabled=1 ForceToGMF=0 [Point_0] X=170343.849337329 Y=17","-987138"
"C:\job\VCAM MPW_x5\Setup\Recipes\R2\AlignRTP.ini",".ini","2929","2025-06-10 13:50","2026-05-17 11:16","[DIE Alignment] Die__MinModelSize=32 Die__MinScore=85 Die__ExtraScanLength_um=0.000000 Die__ExtraScanLength_X_um=0.00000","-490886"
"C:\job\VCAM MPW_x5\Setup\Recipes\R2\CleanReferenceFinalParams.ini",".ini","984","2024-06-30 23:07","2026-05-17 11:16","[General] Version=2 [CleanRefParams] SizeX=2048 SizeY=2048 minCriteria=-2 maxCriteria=-1 minCreateMul=2 maxCreateMul=2 m","-987129"
"C:\job\VCAM MPW_x5\Setup\Recipes\R2\CreateReference3dOptions.ini",".ini","324","2024-06-30 22:45","2026-05-17 11:16","[General] Version=0 Debug=0 [Registration] ReferenceRegBy=0 BigBlockRowsNumber=1000 YPartitionsNumber=3 MaxErrorPix=5 PS","-987151"
"C:\job\VCAM MPW_x5\Setup\Recipes\R2\DefaultWafer2Table.ini",".ini","1094","2024-06-30 22:49","2026-05-17 11:16","[WAFER ALIGNMENT] Wafer2Table_X=          0.9999568277         0.0065097101   -171077.5033420033 Wafer2Table_Y=         ","-987147"
"C:\job\VCAM MPW_x5\Setup\Recipes\R2\DiceInstances.xml",".xml","18261","2024-06-30 22:44","2026-05-17 11:16","<?xml version=""1.0""?> <DiceInstancesInBlock xmlns:xsd=""http://www.w3.org/2001/XMLSchema"" xmlns:xsi=""http://www.w3.org/20","-987152"
"C:\job\VCAM MPW_x5\Setup\Recipes\R2\ExternalCoordSystems.ini",".ini","33","2024-06-30 22:45","2026-05-17 11:16","[ExternalCoordSystems] Count=0 ","-987151"
"C:\job\VCAM MPW_x5\Setup\Recipes\R2\GlobalRTP.ini",".ini","2925","2024-06-30 23:02","2026-05-17 11:16","[GLOBAL_RTP] LSL_Height=100.000000 USL_Height=140.000000 NominalHeight=120.000000 BumpType=1 CCS_Step=3.000000 CCS_Step_","-987134"
"C:\job\VCAM MPW_x5\Setup\Recipes\R2\JobIllumLimits.ini",".ini","86","2025-05-26 10:37","2026-05-17 11:16","[RNDTEST4] IllumCalibDate=2024-08-14 16:35:32 ForcedSkipToDate=2025-06-25 10:37:25 ","-512679"
"C:\job\VCAM MPW_x5\Setup\Recipes\R2\OpticPreset.ini",".ini","781","2025-05-26 10:36","2026-05-17 11:16","[General] Signature=1 [Scan2d] Id=4fd99cae-3aab-4943-859a-441b1405ef81 FocusPosAboveChuck=775.499999399665 Mag=5 Mode=-1","-512680"
"C:\job\VCAM MPW_x5\Setup\Recipes\R2\OpticToVCamStorage.json",".json","360","2025-03-18 11:37","2026-05-17 11:16","[   {     ""OpticId"": ""4fd99cae-3aab-4943-859a-441b1405ef81"",     ""Scenario"": ""Scan"",     ""IsAutoFocus"": false,     ""Stor","-611979"
"C:\job\VCAM MPW_x5\Setup\Recipes\R2\ProductInfo.ini",".ini","5572","2025-06-10 13:50","2026-05-17 11:16","[GENERAL] ExportFlatPos=0 Mag=5.000000 InkDotMag=-1.000000 TNERegistrationScanMag=1.000000 CleanRefX=128.000000 CleanRef","-490886"
"C:\job\VCAM MPW_x5\Setup\Recipes\R2\Recipe.ini",".ini","4317","2025-06-08 15:28","2026-05-17 11:16","[AutoCycle] AutoFocusEvery=1 ; None CleanReferenceEvery=1 ; None UnloadToAnotherCassette=0 ; Move wafers from Loadport B","-493668"
"C:\job\VCAM MPW_x5\Setup\Recipes\R2\RTP.txt",".txt","5062","2024-06-30 23:02","2026-05-17 11:16","[PostProcess]   ; Zone name Alg = Warp_Direction_Calculation Inner_Radius_[Microns] = 1 ;  ( Radius of the inner circle,","-987134"
"C:\job\VCAM MPW_x5\Setup\Recipes\R2\ScanOverlapLog.txt",".txt","450","2025-06-10 13:50","2026-05-17 11:16","Scan 2d Overlap [px], [um]; Pixel size = 1.693, 1.69 Minimum             :    32,   32,   54,   54 Detection           :","-490886"
"C:\job\VCAM MPW_x5\Setup\Recipes\R2\ScenariosMetadatas.ini",".ini","261","2024-06-30 22:51","2026-05-17 11:16","[General] Version=1 [Scan2d] Id=0cfc4635-7ed8-736a-e7fa-98f0f8122de5 OpticsId=4fd99cae-3aab-4943-859a-441b1405ef81 Refer","-987145"
"C:\job\VCAM MPW_x5\Setup\Recipes\R2\UniqueArea.ini",".ini","20","2024-06-30 22:45","2026-05-17 11:16","[General] Count=0 ","-987151"
"C:\job\VCAM MPW_x5\Setup\Recipes\R2\Wafer2Table.ini",".ini","1131","2025-06-10 13:50","2026-05-17 11:16","[WAFER ALIGNMENT] Wafer2Table_X=          0.9999876421        -0.0007916645   -169935.7993163225 Wafer2Table_Y=         ","-490886"
"C:\job\VCAM MPW_x5\Setup\Recipes\R2\WaferDataReadSettings.xml",".xml","195","2024-06-30 22:45","2026-05-17 11:16","<?xml version=""1.0""?> <WaferDataReadSettings xmlns:xsi=""http://www.w3.org/2001/XMLSchema-instance"" xmlns:xsd=""http://www","-987151"
"C:\job\VCAM MPW_x5\Setup\Recipes\R2\Waferinfo.ini",".ini","335","2025-06-10 13:50","2026-05-17 11:16","[Robot] Rotation=0 SideUp=1 [General] hd_robot=False InkBinList= LimitNumberOfInkedDice=0 hd_cmm=False key_minarea=2500 ","-490886"
"C:\job\VCAM MPW_x5\Setup\Recipes\R2\WaferMapRecipe.ini",".ini","933","2025-06-10 13:49","2026-05-17 11:16","[GENERAL] SettingsPolicy=0 ImportSubPath= ExportInAutoCycle=1 FiducialBin=-1 UpdateSubPath= ExportInManualScan=1 AfterEx","-490887"
"C:\job\VCAM MPW_x5\Setup\Recipes\R2\WaferToRefWafer.ini",".ini","171","2025-06-08 15:29","2026-05-17 11:16","[WaferToRefWafer] RW_2_SW_X=          0.9999746575        -0.0015833095   -339735.6154305550 RW_2_SW_Y=          0.00158","-493667"
"C:\job\VCAM MPW_x5\Setup\Recipes\R2\Zones.ini",".ini","244","2024-06-30 22:54","2026-05-17 11:16","[ALGName] 255=PostProcess 0=ScanArea [ALG] 255=PostProcess 0=Surface [BinCodes] 255=-1 0=-1 [Color Name] 255=#FFFFFF 0= ","-987142"
"C:\job\VCAM MPW_x5\Setup\Recipes\R2\ZoomLevels.ini",".ini","338","2024-06-30 22:45","2026-05-17 11:16","[DIE] Step_X=11160.990 Step_Y=11160.990 [ZOOM_LEVELS] LEVEL_1=1 SaveCompressed=0 LEVEL_2=1 LEVEL_4=1 LEVEL_8=1 LEVEL_16=","-987151"
"C:\job\VCAM MPW_x5\Setup\Recipes\R2\.dc_cache\TransactionsHistory.ini",".ini","120","2024-06-30 22:50","2026-05-17 11:16","[DeprecatedInV0] Namespace.RuntimeEntities.RecipePartsCollection_Runtime|RecipePartsCollection|CleanReferenceParams=1 ","-987146"
"C:\job\VCAM MPW_x5\Setup\Recipes\R2\Die_1\DieRegPos.txt",".txt","110","2024-06-30 22:45","2026-05-17 11:16","ScaleX =    1.0000000000; ScaleY =    1.0000000000   RefID       X        Y  Zone Count      Shape Data ","-987151"
"C:\job\VCAM MPW_x5\Setup\Recipes\R2\Die_1\Zones.ini",".ini","23","2024-06-30 22:54","2026-05-17 11:16","[General] Version=11 ","-987142"
"C:\job\VCAM MPW_x5\Setup\Recipes\R2\Die_1\zones.txt",".txt","170","2024-06-30 22:54","2026-05-17 11:16","ScaleX =    1.0000000000; ScaleY =    1.0000000000   RefID       X        Y  Zone Count      Shape Data       1    620.0","-987142"
"C:\job\VCAM MPW_x5\Setup\Recipes\R2\Die_1\ZoomLevels.ini",".ini","123","2024-06-30 22:45","2026-05-17 11:16","[ZOOM_LEVELS] LEVEL_1=1 SaveCompressed=0 LEVEL_2=1 [LEVEL_1] SizeX=1240 SizeY=1240 [LEVEL_2] SizeX=620 SizeY=620 ","-987151"
"C:\job\VCAM MPW_x5\Setup\Recipes\R2\Die_1\ReferenceBackup\ZoomLevels.ini",".ini","79","2024-06-30 22:45","2026-05-17 11:16","[ZOOM_LEVELS] LEVEL_1=1 SaveCompressed=0 [LEVEL_1] SizeX=1240 SizeY=1240 ","-987151"
"C:\job\VCAM MPW_x5\Setup\Recipes\R2\Die_10\DieRegPos.txt",".txt","110","2024-06-30 22:45","2026-05-17 11:16","ScaleX =    1.0000000000; ScaleY =    1.0000000000   RefID       X        Y  Zone Count      Shape Data ","-987152"
"C:\job\VCAM MPW_x5\Setup\Recipes\R2\Die_10\Zones.ini",".ini","23","2024-06-30 22:53","2026-05-17 11:16","[General] Version=11 ","-987143"
"C:\job\VCAM MPW_x5\Setup\Recipes\R2\Die_10\zones.txt",".txt","170","2024-06-30 22:53","2026-05-17 11:16","ScaleX =    1.0000000000; ScaleY =    1.0000000000   RefID       X        Y  Zone Count      Shape Data       1    620.0","-987143"
"C:\job\VCAM MPW_x5\Setup\Recipes\R2\Die_10\ZoomLevels.ini",".ini","123","2024-06-30 22:45","2026-05-17 11:16","[ZOOM_LEVELS] LEVEL_1=1 SaveCompressed=0 LEVEL_2=1 [LEVEL_1] SizeX=1240 SizeY=1240 [LEVEL_2] SizeX=620 SizeY=620 ","-987151"
"C:\job\VCAM MPW_x5\Setup\Recipes\R2\Die_10\ReferenceBackup\ZoomLevels.ini",".ini","79","2024-06-30 22:45","2026-05-17 11:16","[ZOOM_LEVELS] LEVEL_1=1 SaveCompressed=0 [LEVEL_1] SizeX=1240 SizeY=1240 ","-987152"
"C:\job\VCAM MPW_x5\Setup\Recipes\R2\Die_11\DieRegPos.txt",".txt","110","2024-06-30 22:45","2026-05-17 11:16","ScaleX =    1.0000000000; ScaleY =    1.0000000000   RefID       X        Y  Zone Count      Shape Data ","-987152"
"C:\job\VCAM MPW_x5\Setup\Recipes\R2\Die_11\Zones.ini",".ini","23","2024-06-30 22:53","2026-05-17 11:16","[General] Version=11 ","-987143"
"C:\job\VCAM MPW_x5\Setup\Recipes\R2\Die_11\zones.txt",".txt","170","2024-06-30 22:53","2026-05-17 11:16","ScaleX =    1.0000000000; ScaleY =    1.0000000000   RefID       X        Y  Zone Count      Shape Data       1    620.0","-987143"
"C:\job\VCAM MPW_x5\Setup\Recipes\R2\Die_11\ZoomLevels.ini",".ini","123","2024-06-30 22:45","2026-05-17 11:16","[ZOOM_LEVELS] LEVEL_1=1 SaveCompressed=0 LEVEL_2=1 [LEVEL_1] SizeX=1240 SizeY=1240 [LEVEL_2] SizeX=620 SizeY=620 ","-987152"
"C:\job\VCAM MPW_x5\Setup\Recipes\R2\Die_11\ReferenceBackup\ZoomLevels.ini",".ini","79","2024-06-30 22:45","2026-05-17 11:16","[ZOOM_LEVELS] LEVEL_1=1 SaveCompressed=0 [LEVEL_1] SizeX=1240 SizeY=1240 ","-987152"
"C:\job\VCAM MPW_x5\Setup\Recipes\R2\Die_12\DieRegPos.txt",".txt","110","2024-06-30 22:45","2026-05-17 11:16","ScaleX =    1.0000000000; ScaleY =    1.0000000000   RefID       X        Y  Zone Count      Shape Data ","-987152"
"C:\job\VCAM MPW_x5\Setup\Recipes\R2\Die_12\Zones.ini",".ini","23","2024-06-30 22:53","2026-05-17 11:16","[General] Version=11 ","-987143"
"C:\job\VCAM MPW_x5\Setup\Recipes\R2\Die_12\zones.txt",".txt","170","2024-06-30 22:53","2026-05-17 11:16","ScaleX =    1.0000000000; ScaleY =    1.0000000000   RefID       X        Y  Zone Count      Shape Data       1    620.0","-987143"
"C:\job\VCAM MPW_x5\Setup\Recipes\R2\Die_12\ZoomLevels.ini",".ini","123","2024-06-30 22:45","2026-05-17 11:16","[ZOOM_LEVELS] LEVEL_1=1 SaveCompressed=0 LEVEL_2=1 [LEVEL_1] SizeX=1240 SizeY=1240 [LEVEL_2] SizeX=620 SizeY=620 ","-987152"
"C:\job\VCAM MPW_x5\Setup\Recipes\R2\Die_12\ReferenceBackup\ZoomLevels.ini",".ini","79","2024-06-30 22:45","2026-05-17 11:16","[ZOOM_LEVELS] LEVEL_1=1 SaveCompressed=0 [LEVEL_1] SizeX=1240 SizeY=1240 ","-987152"
"C:\job\VCAM MPW_x5\Setup\Recipes\R2\Die_13\DieRegPos.txt",".txt","110","2024-06-30 22:45","2026-05-17 11:16","ScaleX =    1.0000000000; ScaleY =    1.0000000000   RefID       X        Y  Zone Count      Shape Data ","-987152"
"C:\job\VCAM MPW_x5\Setup\Recipes\R2\Die_13\Zones.ini",".ini","23","2024-06-30 22:53","2026-05-17 11:16","[General] Version=11 ","-987143"
"C:\job\VCAM MPW_x5\Setup\Recipes\R2\Die_13\zones.txt",".txt","170","2024-06-30 22:53","2026-05-17 11:16","ScaleX =    1.0000000000; ScaleY =    1.0000000000   RefID       X        Y  Zone Count      Shape Data       1    620.0","-987143"
"C:\job\VCAM MPW_x5\Setup\Recipes\R2\Die_13\ZoomLevels.ini",".ini","123","2024-06-30 22:45","2026-05-17 11:16","[ZOOM_LEVELS] LEVEL_1=1 SaveCompressed=0 LEVEL_2=1 [LEVEL_1] SizeX=1240 SizeY=1240 [LEVEL_2] SizeX=620 SizeY=620 ","-987152"
"C:\job\VCAM MPW_x5\Setup\Recipes\R2\Die_13\ReferenceBackup\ZoomLevels.ini",".ini","79","2024-06-30 22:45","2026-05-17 11:16","[ZOOM_LEVELS] LEVEL_1=1 SaveCompressed=0 [LEVEL_1] SizeX=1240 SizeY=1240 ","-987152"
"C:\job\VCAM MPW_x5\Setup\Recipes\R2\Die_14\DieRegPos.txt",".txt","110","2024-06-30 22:45","2026-05-17 11:16","ScaleX =    1.0000000000; ScaleY =    1.0000000000   RefID       X        Y  Zone Count      Shape Data ","-987152"
"C:\job\VCAM MPW_x5\Setup\Recipes\R2\Die_14\Zones.ini",".ini","23","2024-06-30 22:53","2026-05-17 11:16","[General] Version=11 ","-987143"
"C:\job\VCAM MPW_x5\Setup\Recipes\R2\Die_14\zones.txt",".txt","170","2024-06-30 22:53","2026-05-17 11:16","ScaleX =    1.0000000000; ScaleY =    1.0000000000   RefID       X        Y  Zone Count      Shape Data       1    620.0","-987143"
"C:\job\VCAM MPW_x5\Setup\Recipes\R2\Die_14\ZoomLevels.ini",".ini","123","2024-06-30 22:45","2026-05-17 11:16","[ZOOM_LEVELS] LEVEL_1=1 SaveCompressed=0 LEVEL_2=1 [LEVEL_1] SizeX=1240 SizeY=1240 [LEVEL_2] SizeX=620 SizeY=620 ","-987152"
"C:\job\VCAM MPW_x5\Setup\Recipes\R2\Die_14\ReferenceBackup\ZoomLevels.ini",".ini","79","2024-06-30 22:45","2026-05-17 11:16","[ZOOM_LEVELS] LEVEL_1=1 SaveCompressed=0 [LEVEL_1] SizeX=1240 SizeY=1240 ","-987152"
"C:\job\VCAM MPW_x5\Setup\Recipes\R2\Die_15\DieRegPos.txt",".txt","110","2024-06-30 22:45","2026-05-17 11:16","ScaleX =    1.0000000000; ScaleY =    1.0000000000   RefID       X        Y  Zone Count      Shape Data ","-987152"
"C:\job\VCAM MPW_x5\Setup\Recipes\R2\Die_15\Zones.ini",".ini","23","2024-06-30 22:53","2026-05-17 11:16","[General] Version=11 ","-987143"
"C:\job\VCAM MPW_x5\Setup\Recipes\R2\Die_15\zones.txt",".txt","170","2024-06-30 22:53","2026-05-17 11:16","ScaleX =    1.0000000000; ScaleY =    1.0000000000   RefID       X        Y  Zone Count      Shape Data       1    620.0","-987143"
"C:\job\VCAM MPW_x5\Setup\Recipes\R2\Die_15\ZoomLevels.ini",".ini","123","2024-06-30 22:45","2026-05-17 11:16","[ZOOM_LEVELS] LEVEL_1=1 SaveCompressed=0 LEVEL_2=1 [LEVEL_1] SizeX=1240 SizeY=1240 [LEVEL_2] SizeX=620 SizeY=620 ","-987152"
"C:\job\VCAM MPW_x5\Setup\Recipes\R2\Die_15\ReferenceBackup\ZoomLevels.ini",".ini","79","2024-06-30 22:45","2026-05-17 11:16","[ZOOM_LEVELS] LEVEL_1=1 SaveCompressed=0 [LEVEL_1] SizeX=1240 SizeY=1240 ","-987152"
"C:\job\VCAM MPW_x5\Setup\Recipes\R2\Die_16\DieRegPos.txt",".txt","110","2024-06-30 22:45","2026-05-17 11:16","ScaleX =    1.0000000000; ScaleY =    1.0000000000   RefID       X        Y  Zone Count      Shape Data ","-987152"
"C:\job\VCAM MPW_x5\Setup\Recipes\R2\Die_16\Zones.ini",".ini","23","2024-06-30 22:53","2026-05-17 11:16","[General] Version=11 ","-987143"
"C:\job\VCAM MPW_x5\Setup\Recipes\R2\Die_16\zones.txt",".txt","170","2024-06-30 22:53","2026-05-17 11:16","ScaleX =    1.0000000000; ScaleY =    1.0000000000   RefID       X        Y  Zone Count      Shape Data       1    620.0","-987143"
"C:\job\VCAM MPW_x5\Setup\Recipes\R2\Die_16\ZoomLevels.ini",".ini","123","2024-06-30 22:45","2026-05-17 11:16","[ZOOM_LEVELS] LEVEL_1=1 SaveCompressed=0 LEVEL_2=1 [LEVEL_1] SizeX=1240 SizeY=1240 [LEVEL_2] SizeX=620 SizeY=620 ","-987152"
"C:\job\VCAM MPW_x5\Setup\Recipes\R2\Die_16\ReferenceBackup\ZoomLevels.ini",".ini","79","2024-06-30 22:45","2026-05-17 11:16","[ZOOM_LEVELS] LEVEL_1=1 SaveCompressed=0 [LEVEL_1] SizeX=1240 SizeY=1240 ","-987152"
"C:\job\VCAM MPW_x5\Setup\Recipes\R2\Die_17\DieRegPos.txt",".txt","110","2024-06-30 22:45","2026-05-17 11:16","ScaleX =    1.0000000000; ScaleY =    1.0000000000   RefID       X        Y  Zone Count      Shape Data ","-987152"
"C:\job\VCAM MPW_x5\Setup\Recipes\R2\Die_17\Zones.ini",".ini","23","2024-06-30 22:53","2026-05-17 11:16","[General] Version=11 ","-987143"
"C:\job\VCAM MPW_x5\Setup\Recipes\R2\Die_17\zones.txt",".txt","170","2024-06-30 22:53","2026-05-17 11:16","ScaleX =    1.0000000000; ScaleY =    1.0000000000   RefID       X        Y  Zone Count      Shape Data       1    620.0","-987143"
"C:\job\VCAM MPW_x5\Setup\Recipes\R2\Die_17\ZoomLevels.ini",".ini","123","2024-06-30 22:45","2026-05-17 11:16","[ZOOM_LEVELS] LEVEL_1=1 SaveCompressed=0 LEVEL_2=1 [LEVEL_1] SizeX=1240 SizeY=1240 [LEVEL_2] SizeX=620 SizeY=620 ","-987152"
"C:\job\VCAM MPW_x5\Setup\Recipes\R2\Die_17\ReferenceBackup\ZoomLevels.ini",".ini","79","2024-06-30 22:45","2026-05-17 11:16","[ZOOM_LEVELS] LEVEL_1=1 SaveCompressed=0 [LEVEL_1] SizeX=1240 SizeY=1240 ","-987152"
"C:\job\VCAM MPW_x5\Setup\Recipes\R2\Die_18\DieRegPos.txt",".txt","110","2024-06-30 22:45","2026-05-17 11:16","ScaleX =    1.0000000000; ScaleY =    1.0000000000   RefID       X        Y  Zone Count      Shape Data ","-987152"
"C:\job\VCAM MPW_x5\Setup\Recipes\R2\Die_18\Zones.ini",".ini","23","2024-06-30 22:53","2026-05-17 11:16","[General] Version=11 ","-987143"
"C:\job\VCAM MPW_x5\Setup\Recipes\R2\Die_18\zones.txt",".txt","170","2024-06-30 22:53","2026-05-17 11:16","ScaleX =    1.0000000000; ScaleY =    1.0000000000   RefID       X        Y  Zone Count      Shape Data       1    620.0","-987143"
"C:\job\VCAM MPW_x5\Setup\Recipes\R2\Die_18\ZoomLevels.ini",".ini","123","2024-06-30 22:45","2026-05-17 11:16","[ZOOM_LEVELS] LEVEL_1=1 SaveCompressed=0 LEVEL_2=1 [LEVEL_1] SizeX=1240 SizeY=1240 [LEVEL_2] SizeX=620 SizeY=620 ","-987152"
"C:\job\VCAM MPW_x5\Setup\Recipes\R2\Die_18\ReferenceBackup\ZoomLevels.ini",".ini","79","2024-06-30 22:45","2026-05-17 11:16","[ZOOM_LEVELS] LEVEL_1=1 SaveCompressed=0 [LEVEL_1] SizeX=1240 SizeY=1240 ","-987152"
"C:\job\VCAM MPW_x5\Setup\Recipes\R2\Die_19\DieRegPos.txt",".txt","110","2024-06-30 22:45","2026-05-17 11:16","ScaleX =    1.0000000000; ScaleY =    1.0000000000   RefID       X        Y  Zone Count      Shape Data ","-987152"
"C:\job\VCAM MPW_x5\Setup\Recipes\R2\Die_19\Zones.ini",".ini","23","2024-06-30 22:53","2026-05-17 11:16","[General] Version=11 ","-987143"
"C:\job\VCAM MPW_x5\Setup\Recipes\R2\Die_19\zones.txt",".txt","170","2024-06-30 22:53","2026-05-17 11:16","ScaleX =    1.0000000000; ScaleY =    1.0000000000   RefID       X        Y  Zone Count      Shape Data       1    620.0","-987143"
"C:\job\VCAM MPW_x5\Setup\Recipes\R2\Die_19\ZoomLevels.ini",".ini","123","2024-06-30 22:45","2026-05-17 11:16","[ZOOM_LEVELS] LEVEL_1=1 SaveCompressed=0 LEVEL_2=1 [LEVEL_1] SizeX=1240 SizeY=1240 [LEVEL_2] SizeX=620 SizeY=620 ","-987152"
"C:\job\VCAM MPW_x5\Setup\Recipes\R2\Die_19\ReferenceBackup\ZoomLevels.ini",".ini","79","2024-06-30 22:45","2026-05-17 11:16","[ZOOM_LEVELS] LEVEL_1=1 SaveCompressed=0 [LEVEL_1] SizeX=1240 SizeY=1240 ","-987152"
"C:\job\VCAM MPW_x5\Setup\Recipes\R2\Die_2\DieRegPos.txt",".txt","110","2024-06-30 22:45","2026-05-17 11:16","ScaleX =    1.0000000000; ScaleY =    1.0000000000   RefID       X        Y  Zone Count      Shape Data ","-987152"
"C:\job\VCAM MPW_x5\Setup\Recipes\R2\Die_2\Zones.ini",".ini","23","2024-06-30 22:54","2026-05-17 11:16","[General] Version=11 ","-987143"
"C:\job\VCAM MPW_x5\Setup\Recipes\R2\Die_2\zones.txt",".txt","170","2024-06-30 22:54","2026-05-17 11:16","ScaleX =    1.0000000000; ScaleY =    1.0000000000   RefID       X        Y  Zone Count      Shape Data       1    620.0","-987143"
"C:\job\VCAM MPW_x5\Setup\Recipes\R2\Die_2\ZoomLevels.ini",".ini","123","2024-06-30 22:45","2026-05-17 11:16","[ZOOM_LEVELS] LEVEL_1=1 SaveCompressed=0 LEVEL_2=1 [LEVEL_1] SizeX=1240 SizeY=1240 [LEVEL_2] SizeX=620 SizeY=620 ","-987152"
"C:\job\VCAM MPW_x5\Setup\Recipes\R2\Die_2\ReferenceBackup\ZoomLevels.ini",".ini","79","2024-06-30 22:45","2026-05-17 11:16","[ZOOM_LEVELS] LEVEL_1=1 SaveCompressed=0 [LEVEL_1] SizeX=1240 SizeY=1240 ","-987152"
"C:\job\VCAM MPW_x5\Setup\Recipes\R2\Die_20\DieRegPos.txt",".txt","110","2024-06-30 22:44","2026-05-17 11:16","ScaleX =    1.0000000000; ScaleY =    1.0000000000   RefID       X        Y  Zone Count      Shape Data ","-987152"
"C:\job\VCAM MPW_x5\Setup\Recipes\R2\Die_20\Zones.ini",".ini","23","2024-06-30 22:53","2026-05-17 11:16","[General] Version=11 ","-987144"
"C:\job\VCAM MPW_x5\Setup\Recipes\R2\Die_20\zones.txt",".txt","170","2024-06-30 22:53","2026-05-17 11:16","ScaleX =    1.0000000000; ScaleY =    1.0000000000   RefID       X        Y  Zone Count      Shape Data       1    620.0","-987144"
"C:\job\VCAM MPW_x5\Setup\Recipes\R2\Die_20\ZoomLevels.ini",".ini","123","2024-06-30 22:45","2026-05-17 11:16","[ZOOM_LEVELS] LEVEL_1=1 SaveCompressed=0 LEVEL_2=1 [LEVEL_1] SizeX=1240 SizeY=1240 [LEVEL_2] SizeX=620 SizeY=620 ","-987152"
"C:\job\VCAM MPW_x5\Setup\Recipes\R2\Die_20\ReferenceBackup\ZoomLevels.ini",".ini","79","2024-06-30 22:44","2026-05-17 11:16","[ZOOM_LEVELS] LEVEL_1=1 SaveCompressed=0 [LEVEL_1] SizeX=1240 SizeY=1240 ","-987152"
"C:\job\VCAM MPW_x5\Setup\Recipes\R2\Die_21\DieRegPos.txt",".txt","110","2024-06-30 22:44","2026-05-17 11:16","ScaleX =    1.0000000000; ScaleY =    1.0000000000   RefID       X        Y  Zone Count      Shape Data ","-987152"
"C:\job\VCAM MPW_x5\Setup\Recipes\R2\Die_21\Zones.ini",".ini","23","2024-06-30 22:53","2026-05-17 11:16","[General] Version=11 ","-987144"
"C:\job\VCAM MPW_x5\Setup\Recipes\R2\Die_21\zones.txt",".txt","170","2024-06-30 22:53","2026-05-17 11:16","ScaleX =    1.0000000000; ScaleY =    1.0000000000   RefID       X        Y  Zone Count      Shape Data       1    620.0","-987144"
"C:\job\VCAM MPW_x5\Setup\Recipes\R2\Die_21\ZoomLevels.ini",".ini","123","2024-06-30 22:45","2026-05-17 11:16","[ZOOM_LEVELS] LEVEL_1=1 SaveCompressed=0 LEVEL_2=1 [LEVEL_1] SizeX=1240 SizeY=1240 [LEVEL_2] SizeX=620 SizeY=620 ","-987152"
"C:\job\VCAM MPW_x5\Setup\Recipes\R2\Die_21\ReferenceBackup\ZoomLevels.ini",".ini","79","2024-06-30 22:44","2026-05-17 11:16","[ZOOM_LEVELS] LEVEL_1=1 SaveCompressed=0 [LEVEL_1] SizeX=1240 SizeY=1240 ","-987152"
"C:\job\VCAM MPW_x5\Setup\Recipes\R2\Die_22\DieRegPos.txt",".txt","110","2024-06-30 22:44","2026-05-17 11:16","ScaleX =    1.0000000000; ScaleY =    1.0000000000   RefID       X        Y  Zone Count      Shape Data ","-987152"
"C:\job\VCAM MPW_x5\Setup\Recipes\R2\Die_22\Zones.ini",".ini","23","2024-06-30 22:53","2026-05-17 11:16","[General] Version=11 ","-987144"
"C:\job\VCAM MPW_x5\Setup\Recipes\R2\Die_22\zones.txt",".txt","170","2024-06-30 22:53","2026-05-17 11:16","ScaleX =    1.0000000000; ScaleY =    1.0000000000   RefID       X        Y  Zone Count      Shape Data       1    620.0","-987144"
"C:\job\VCAM MPW_x5\Setup\Recipes\R2\Die_22\ZoomLevels.ini",".ini","123","2024-06-30 22:45","2026-05-17 11:16","[ZOOM_LEVELS] LEVEL_1=1 SaveCompressed=0 LEVEL_2=1 [LEVEL_1] SizeX=1240 SizeY=1240 [LEVEL_2] SizeX=620 SizeY=620 ","-987152"
"C:\job\VCAM MPW_x5\Setup\Recipes\R2\Die_22\ReferenceBackup\ZoomLevels.ini",".ini","79","2024-06-30 22:44","2026-05-17 11:16","[ZOOM_LEVELS] LEVEL_1=1 SaveCompressed=0 [LEVEL_1] SizeX=1240 SizeY=1240 ","-987152"
"C:\job\VCAM MPW_x5\Setup\Recipes\R2\Die_23\DieRegPos.txt",".txt","110","2024-06-30 22:44","2026-05-17 11:17","ScaleX =    1.0000000000; ScaleY =    1.0000000000   RefID       X        Y  Zone Count      Shape Data ","-987152"
"C:\job\VCAM MPW_x5\Setup\Recipes\R2\Die_23\Zones.ini",".ini","23","2024-06-30 22:53","2026-05-17 11:17","[General] Version=11 ","-987144"
"C:\job\VCAM MPW_x5\Setup\Recipes\R2\Die_23\zones.txt",".txt","170","2024-06-30 22:53","2026-05-17 11:17","ScaleX =    1.0000000000; ScaleY =    1.0000000000   RefID       X        Y  Zone Count      Shape Data       1    620.0","-987144"
"C:\job\VCAM MPW_x5\Setup\Recipes\R2\Die_23\ZoomLevels.ini",".ini","123","2024-06-30 22:45","2026-05-17 11:17","[ZOOM_LEVELS] LEVEL_1=1 SaveCompressed=0 LEVEL_2=1 [LEVEL_1] SizeX=1240 SizeY=1240 [LEVEL_2] SizeX=620 SizeY=620 ","-987152"
"C:\job\VCAM MPW_x5\Setup\Recipes\R2\Die_23\ReferenceBackup\ZoomLevels.ini",".ini","79","2024-06-30 22:44","2026-05-17 11:17","[ZOOM_LEVELS] LEVEL_1=1 SaveCompressed=0 [LEVEL_1] SizeX=1240 SizeY=1240 ","-987152"
"C:\job\VCAM MPW_x5\Setup\Recipes\R2\Die_24\DieRegPos.txt",".txt","110","2024-06-30 22:44","2026-05-17 11:17","ScaleX =    1.0000000000; ScaleY =    1.0000000000   RefID       X        Y  Zone Count      Shape Data ","-987152"
"C:\job\VCAM MPW_x5\Setup\Recipes\R2\Die_24\Zones.ini",".ini","23","2024-06-30 22:53","2026-05-17 11:17","[General] Version=11 ","-987144"
"C:\job\VCAM MPW_x5\Setup\Recipes\R2\Die_24\zones.txt",".txt","170","2024-06-30 22:53","2026-05-17 11:17","ScaleX =    1.0000000000; ScaleY =    1.0000000000   RefID       X        Y  Zone Count      Shape Data       1    620.0","-987144"
"C:\job\VCAM MPW_x5\Setup\Recipes\R2\Die_24\ZoomLevels.ini",".ini","123","2024-06-30 22:45","2026-05-17 11:17","[ZOOM_LEVELS] LEVEL_1=1 SaveCompressed=0 LEVEL_2=1 [LEVEL_1] SizeX=1240 SizeY=1240 [LEVEL_2] SizeX=620 SizeY=620 ","-987152"
"C:\job\VCAM MPW_x5\Setup\Recipes\R2\Die_24\ReferenceBackup\ZoomLevels.ini",".ini","79","2024-06-30 22:44","2026-05-17 11:17","[ZOOM_LEVELS] LEVEL_1=1 SaveCompressed=0 [LEVEL_1] SizeX=1240 SizeY=1240 ","-987152"
"C:\job\VCAM MPW_x5\Setup\Recipes\R2\Die_25\DieRegPos.txt",".txt","110","2024-06-30 22:44","2026-05-17 11:17","ScaleX =    1.0000000000; ScaleY =    1.0000000000   RefID       X        Y  Zone Count      Shape Data ","-987152"
"C:\job\VCAM MPW_x5\Setup\Recipes\R2\Die_25\Zones.ini",".ini","23","2024-06-30 22:53","2026-05-17 11:17","[General] Version=11 ","-987144"
"C:\job\VCAM MPW_x5\Setup\Recipes\R2\Die_25\zones.txt",".txt","170","2024-06-30 22:53","2026-05-17 11:17","ScaleX =    1.0000000000; ScaleY =    1.0000000000   RefID       X        Y  Zone Count      Shape Data       1    620.0","-987144"
"C:\job\VCAM MPW_x5\Setup\Recipes\R2\Die_25\ZoomLevels.ini",".ini","123","2024-06-30 22:45","2026-05-17 11:17","[ZOOM_LEVELS] LEVEL_1=1 SaveCompressed=0 LEVEL_2=1 [LEVEL_1] SizeX=1240 SizeY=1240 [LEVEL_2] SizeX=620 SizeY=620 ","-987152"
"C:\job\VCAM MPW_x5\Setup\Recipes\R2\Die_25\ReferenceBackup\ZoomLevels.ini",".ini","79","2024-06-30 22:44","2026-05-17 11:17","[ZOOM_LEVELS] LEVEL_1=1 SaveCompressed=0 [LEVEL_1] SizeX=1240 SizeY=1240 ","-987152"
"C:\job\VCAM MPW_x5\Setup\Recipes\R2\Die_26\DieRegPos.txt",".txt","110","2024-06-30 22:44","2026-05-17 11:17","ScaleX =    1.0000000000; ScaleY =    1.0000000000   RefID       X        Y  Zone Count      Shape Data ","-987152"
"C:\job\VCAM MPW_x5\Setup\Recipes\R2\Die_26\Zones.ini",".ini","23","2024-06-30 22:53","2026-05-17 11:17","[General] Version=11 ","-987144"
"C:\job\VCAM MPW_x5\Setup\Recipes\R2\Die_26\zones.txt",".txt","170","2024-06-30 22:53","2026-05-17 11:17","ScaleX =    1.0000000000; ScaleY =    1.0000000000   RefID       X        Y  Zone Count      Shape Data       1    620.0","-987144"
"C:\job\VCAM MPW_x5\Setup\Recipes\R2\Die_26\ZoomLevels.ini",".ini","123","2024-06-30 22:45","2026-05-17 11:17","[ZOOM_LEVELS] LEVEL_1=1 SaveCompressed=0 LEVEL_2=1 [LEVEL_1] SizeX=1240 SizeY=1240 [LEVEL_2] SizeX=620 SizeY=620 ","-987152"
"C:\job\VCAM MPW_x5\Setup\Recipes\R2\Die_26\ReferenceBackup\ZoomLevels.ini",".ini","79","2024-06-30 22:44","2026-05-17 11:17","[ZOOM_LEVELS] LEVEL_1=1 SaveCompressed=0 [LEVEL_1] SizeX=1240 SizeY=1240 ","-987152"
"C:\job\VCAM MPW_x5\Setup\Recipes\R2\Die_27\DieRegPos.txt",".txt","110","2024-06-30 22:44","2026-05-17 11:17","ScaleX =    1.0000000000; ScaleY =    1.0000000000   RefID       X        Y  Zone Count      Shape Data ","-987152"
"C:\job\VCAM MPW_x5\Setup\Recipes\R2\Die_27\Zones.ini",".ini","23","2024-06-30 22:53","2026-05-17 11:17","[General] Version=11 ","-987144"
"C:\job\VCAM MPW_x5\Setup\Recipes\R2\Die_27\zones.txt",".txt","170","2024-06-30 22:53","2026-05-17 11:17","ScaleX =    1.0000000000; ScaleY =    1.0000000000   RefID       X        Y  Zone Count      Shape Data       1    620.0","-987144"
"C:\job\VCAM MPW_x5\Setup\Recipes\R2\Die_27\ZoomLevels.ini",".ini","123","2024-06-30 22:45","2026-05-17 11:17","[ZOOM_LEVELS] LEVEL_1=1 SaveCompressed=0 LEVEL_2=1 [LEVEL_1] SizeX=1240 SizeY=1240 [LEVEL_2] SizeX=620 SizeY=620 ","-987152"
"C:\job\VCAM MPW_x5\Setup\Recipes\R2\Die_27\ReferenceBackup\ZoomLevels.ini",".ini","79","2024-06-30 22:44","2026-05-17 11:17","[ZOOM_LEVELS] LEVEL_1=1 SaveCompressed=0 [LEVEL_1] SizeX=1240 SizeY=1240 ","-987152"
"C:\job\VCAM MPW_x5\Setup\Recipes\R2\Die_28\DieRegPos.txt",".txt","110","2024-06-30 22:44","2026-05-17 11:17","ScaleX =    1.0000000000; ScaleY =    1.0000000000   RefID       X        Y  Zone Count      Shape Data ","-987152"
"C:\job\VCAM MPW_x5\Setup\Recipes\R2\Die_28\Zones.ini",".ini","23","2024-06-30 22:53","2026-05-17 11:17","[General] Version=11 ","-987144"
"C:\job\VCAM MPW_x5\Setup\Recipes\R2\Die_28\zones.txt",".txt","170","2024-06-30 22:53","2026-05-17 11:17","ScaleX =    1.0000000000; ScaleY =    1.0000000000   RefID       X        Y  Zone Count      Shape Data       1    620.0","-987144"
"C:\job\VCAM MPW_x5\Setup\Recipes\R2\Die_28\ZoomLevels.ini",".ini","123","2024-06-30 22:45","2026-05-17 11:17","[ZOOM_LEVELS] LEVEL_1=1 SaveCompressed=0 LEVEL_2=1 [LEVEL_1] SizeX=1240 SizeY=1240 [LEVEL_2] SizeX=620 SizeY=620 ","-987152"
"C:\job\VCAM MPW_x5\Setup\Recipes\R2\Die_28\ReferenceBackup\ZoomLevels.ini",".ini","79","2024-06-30 22:44","2026-05-17 11:17","[ZOOM_LEVELS] LEVEL_1=1 SaveCompressed=0 [LEVEL_1] SizeX=1240 SizeY=1240 ","-987152"
"C:\job\VCAM MPW_x5\Setup\Recipes\R2\Die_29\DieRegPos.txt",".txt","110","2024-06-30 22:44","2026-05-17 11:17","ScaleX =    1.0000000000; ScaleY =    1.0000000000   RefID       X        Y  Zone Count      Shape Data ","-987152"
"C:\job\VCAM MPW_x5\Setup\Recipes\R2\Die_29\Zones.ini",".ini","23","2024-06-30 22:53","2026-05-17 11:17","[General] Version=11 ","-987144"
"C:\job\VCAM MPW_x5\Setup\Recipes\R2\Die_29\zones.txt",".txt","170","2024-06-30 22:53","2026-05-17 11:17","ScaleX =    1.0000000000; ScaleY =    1.0000000000   RefID       X        Y  Zone Count      Shape Data       1    620.0","-987144"
"C:\job\VCAM MPW_x5\Setup\Recipes\R2\Die_29\ZoomLevels.ini",".ini","123","2024-06-30 22:45","2026-05-17 11:17","[ZOOM_LEVELS] LEVEL_1=1 SaveCompressed=0 LEVEL_2=1 [LEVEL_1] SizeX=1240 SizeY=1240 [LEVEL_2] SizeX=620 SizeY=620 ","-987152"
"C:\job\VCAM MPW_x5\Setup\Recipes\R2\Die_29\ReferenceBackup\ZoomLevels.ini",".ini","79","2024-06-30 22:44","2026-05-17 11:17","[ZOOM_LEVELS] LEVEL_1=1 SaveCompressed=0 [LEVEL_1] SizeX=1240 SizeY=1240 ","-987152"
"C:\job\VCAM MPW_x5\Setup\Recipes\R2\Die_3\DieRegPos.txt",".txt","110","2024-06-30 22:45","2026-05-17 11:17","ScaleX =    1.0000000000; ScaleY =    1.0000000000   RefID       X        Y  Zone Count      Shape Data ","-987152"
"C:\job\VCAM MPW_x5\Setup\Recipes\R2\Die_3\Zones.ini",".ini","23","2024-06-30 22:54","2026-05-17 11:17","[General] Version=11 ","-987143"
"C:\job\VCAM MPW_x5\Setup\Recipes\R2\Die_3\zones.txt",".txt","170","2024-06-30 22:54","2026-05-17 11:17","ScaleX =    1.0000000000; ScaleY =    1.0000000000   RefID       X        Y  Zone Count      Shape Data       1    620.0","-987143"
"C:\job\VCAM MPW_x5\Setup\Recipes\R2\Die_3\ZoomLevels.ini",".ini","123","2024-06-30 22:45","2026-05-17 11:17","[ZOOM_LEVELS] LEVEL_1=1 SaveCompressed=0 LEVEL_2=1 [LEVEL_1] SizeX=1240 SizeY=1240 [LEVEL_2] SizeX=620 SizeY=620 ","-987152"
"C:\job\VCAM MPW_x5\Setup\Recipes\R2\Die_3\ReferenceBackup\ZoomLevels.ini",".ini","79","2024-06-30 22:45","2026-05-17 11:17","[ZOOM_LEVELS] LEVEL_1=1 SaveCompressed=0 [LEVEL_1] SizeX=1240 SizeY=1240 ","-987152"
"C:\job\VCAM MPW_x5\Setup\Recipes\R2\Die_4\DieRegPos.txt",".txt","110","2024-06-30 22:45","2026-05-17 11:17","ScaleX =    1.0000000000; ScaleY =    1.0000000000   RefID       X        Y  Zone Count      Shape Data ","-987152"
"C:\job\VCAM MPW_x5\Setup\Recipes\R2\Die_4\Zones.ini",".ini","23","2024-06-30 22:54","2026-05-17 11:17","[General] Version=11 ","-987143"
"C:\job\VCAM MPW_x5\Setup\Recipes\R2\Die_4\zones.txt",".txt","170","2024-06-30 22:54","2026-05-17 11:17","ScaleX =    1.0000000000; ScaleY =    1.0000000000   RefID       X        Y  Zone Count      Shape Data       1    620.0","-987143"
"C:\job\VCAM MPW_x5\Setup\Recipes\R2\Die_4\ZoomLevels.ini",".ini","123","2024-06-30 22:45","2026-05-17 11:17","[ZOOM_LEVELS] LEVEL_1=1 SaveCompressed=0 LEVEL_2=1 [LEVEL_1] SizeX=1240 SizeY=1240 [LEVEL_2] SizeX=620 SizeY=620 ","-987152"
"C:\job\VCAM MPW_x5\Setup\Recipes\R2\Die_4\ReferenceBackup\ZoomLevels.ini",".ini","79","2024-06-30 22:45","2026-05-17 11:17","[ZOOM_LEVELS] LEVEL_1=1 SaveCompressed=0 [LEVEL_1] SizeX=1240 SizeY=1240 ","-987152"
"C:\job\VCAM MPW_x5\Setup\Recipes\R2\Die_5\DieRegPos.txt",".txt","110","2024-06-30 22:45","2026-05-17 11:17","ScaleX =    1.0000000000; ScaleY =    1.0000000000   RefID       X        Y  Zone Count      Shape Data ","-987152"
"C:\job\VCAM MPW_x5\Setup\Recipes\R2\Die_5\Zones.ini",".ini","23","2024-06-30 22:54","2026-05-17 11:17","[General] Version=11 ","-987143"
"C:\job\VCAM MPW_x5\Setup\Recipes\R2\Die_5\zones.txt",".txt","170","2024-06-30 22:54","2026-05-17 11:17","ScaleX =    1.0000000000; ScaleY =    1.0000000000   RefID       X        Y  Zone Count      Shape Data       1    620.0","-987143"
"C:\job\VCAM MPW_x5\Setup\Recipes\R2\Die_5\ZoomLevels.ini",".ini","123","2024-06-30 22:45","2026-05-17 11:17","[ZOOM_LEVELS] LEVEL_1=1 SaveCompressed=0 LEVEL_2=1 [LEVEL_1] SizeX=1240 SizeY=1240 [LEVEL_2] SizeX=620 SizeY=620 ","-987152"
"C:\job\VCAM MPW_x5\Setup\Recipes\R2\Die_5\ReferenceBackup\ZoomLevels.ini",".ini","79","2024-06-30 22:45","2026-05-17 11:17","[ZOOM_LEVELS] LEVEL_1=1 SaveCompressed=0 [LEVEL_1] SizeX=1240 SizeY=1240 ","-987152"
"C:\job\VCAM MPW_x5\Setup\Recipes\R2\Die_6\DieRegPos.txt",".txt","110","2024-06-30 22:45","2026-05-17 11:17","ScaleX =    1.0000000000; ScaleY =    1.0000000000   RefID       X        Y  Zone Count      Shape Data ","-987152"
"C:\job\VCAM MPW_x5\Setup\Recipes\R2\Die_6\Zones.ini",".ini","23","2024-06-30 22:53","2026-05-17 11:17","[General] Version=11 ","-987143"
"C:\job\VCAM MPW_x5\Setup\Recipes\R2\Die_6\zones.txt",".txt","170","2024-06-30 22:53","2026-05-17 11:17","ScaleX =    1.0000000000; ScaleY =    1.0000000000   RefID       X        Y  Zone Count      Shape Data       1    620.0","-987143"
"C:\job\VCAM MPW_x5\Setup\Recipes\R2\Die_6\ZoomLevels.ini",".ini","123","2024-06-30 22:45","2026-05-17 11:17","[ZOOM_LEVELS] LEVEL_1=1 SaveCompressed=0 LEVEL_2=1 [LEVEL_1] SizeX=1240 SizeY=1240 [LEVEL_2] SizeX=620 SizeY=620 ","-987152"
"C:\job\VCAM MPW_x5\Setup\Recipes\R2\Die_6\ReferenceBackup\ZoomLevels.ini",".ini","79","2024-06-30 22:45","2026-05-17 11:17","[ZOOM_LEVELS] LEVEL_1=1 SaveCompressed=0 [LEVEL_1] SizeX=1240 SizeY=1240 ","-987152"
"C:\job\VCAM MPW_x5\Setup\Recipes\R2\Die_7\DieRegPos.txt",".txt","110","2024-06-30 22:45","2026-05-17 11:17","ScaleX =    1.0000000000; ScaleY =    1.0000000000   RefID       X        Y  Zone Count      Shape Data ","-987152"
"C:\job\VCAM MPW_x5\Setup\Recipes\R2\Die_7\Zones.ini",".ini","23","2024-06-30 22:53","2026-05-17 11:17","[General] Version=11 ","-987143"
"C:\job\VCAM MPW_x5\Setup\Recipes\R2\Die_7\zones.txt",".txt","170","2024-06-30 22:53","2026-05-17 11:17","ScaleX =    1.0000000000; ScaleY =    1.0000000000   RefID       X        Y  Zone Count      Shape Data       1    620.0","-987143"
"C:\job\VCAM MPW_x5\Setup\Recipes\R2\Die_7\ZoomLevels.ini",".ini","123","2024-06-30 22:45","2026-05-17 11:17","[ZOOM_LEVELS] LEVEL_1=1 SaveCompressed=0 LEVEL_2=1 [LEVEL_1] SizeX=1240 SizeY=1240 [LEVEL_2] SizeX=620 SizeY=620 ","-987152"
"C:\job\VCAM MPW_x5\Setup\Recipes\R2\Die_7\ReferenceBackup\ZoomLevels.ini",".ini","79","2024-06-30 22:45","2026-05-17 11:17","[ZOOM_LEVELS] LEVEL_1=1 SaveCompressed=0 [LEVEL_1] SizeX=1240 SizeY=1240 ","-987152"
"C:\job\VCAM MPW_x5\Setup\Recipes\R2\Die_8\DieRegPos.txt",".txt","110","2024-06-30 22:45","2026-05-17 11:17","ScaleX =    1.0000000000; ScaleY =    1.0000000000   RefID       X        Y  Zone Count      Shape Data ","-987152"
"C:\job\VCAM MPW_x5\Setup\Recipes\R2\Die_8\Zones.ini",".ini","23","2024-06-30 22:53","2026-05-17 11:17","[General] Version=11 ","-987143"
"C:\job\VCAM MPW_x5\Setup\Recipes\R2\Die_8\zones.txt",".txt","170","2024-06-30 22:53","2026-05-17 11:17","ScaleX =    1.0000000000; ScaleY =    1.0000000000   RefID       X        Y  Zone Count      Shape Data       1    620.0","-987143"
"C:\job\VCAM MPW_x5\Setup\Recipes\R2\Die_8\ZoomLevels.ini",".ini","123","2024-06-30 22:45","2026-05-17 11:17","[ZOOM_LEVELS] LEVEL_1=1 SaveCompressed=0 LEVEL_2=1 [LEVEL_1] SizeX=1240 SizeY=1240 [LEVEL_2] SizeX=620 SizeY=620 ","-987152"
"C:\job\VCAM MPW_x5\Setup\Recipes\R2\Die_8\ReferenceBackup\ZoomLevels.ini",".ini","79","2024-06-30 22:45","2026-05-17 11:17","[ZOOM_LEVELS] LEVEL_1=1 SaveCompressed=0 [LEVEL_1] SizeX=1240 SizeY=1240 ","-987152"
"C:\job\VCAM MPW_x5\Setup\Recipes\R2\Die_9\DieRegPos.txt",".txt","110","2024-06-30 22:45","2026-05-17 11:17","ScaleX =    1.0000000000; ScaleY =    1.0000000000   RefID       X        Y  Zone Count      Shape Data ","-987152"
"C:\job\VCAM MPW_x5\Setup\Recipes\R2\Die_9\Zones.ini",".ini","23","2024-06-30 22:53","2026-05-17 11:17","[General] Version=11 ","-987143"
"C:\job\VCAM MPW_x5\Setup\Recipes\R2\Die_9\zones.txt",".txt","170","2024-06-30 22:53","2026-05-17 11:17","ScaleX =    1.0000000000; ScaleY =    1.0000000000   RefID       X        Y  Zone Count      Shape Data       1    620.0","-987143"
"C:\job\VCAM MPW_x5\Setup\Recipes\R2\Die_9\ZoomLevels.ini",".ini","123","2024-06-30 22:45","2026-05-17 11:17","[ZOOM_LEVELS] LEVEL_1=1 SaveCompressed=0 LEVEL_2=1 [LEVEL_1] SizeX=1240 SizeY=1240 [LEVEL_2] SizeX=620 SizeY=620 ","-987152"
"C:\job\VCAM MPW_x5\Setup\Recipes\R2\Die_9\ReferenceBackup\ZoomLevels.ini",".ini","79","2024-06-30 22:45","2026-05-17 11:17","[ZOOM_LEVELS] LEVEL_1=1 SaveCompressed=0 [LEVEL_1] SizeX=1240 SizeY=1240 ","-987152"
"C:\job\VCAM MPW_x5\Setup\Recipes\R2\OpticLightMetadata\config.ini",".ini","294","2025-06-10 13:50","2026-05-17 11:17","[General] NominalDelta=0.000000000 Exist=0 targetPos_X=0.000000000 targetPos_Y=0.000000000 minY=-0.000000000 minX=0.0000","-490887"
"C:\job\VCAM MPW_x5\Setup\Recipes\R2\ReferenceBackup\ZoomLevels.ini",".ini","154","2024-06-30 22:45","2026-05-17 11:17","[DIE] Step_X=11160.990 Step_Y=11160.990 [ZOOM_LEVELS] LEVEL_1=1 SaveCompressed=0 [LEVEL_1] SizeX=11160 SizeY=11160 [Gene","-987152"
"C:\job\VCAM MPW_x5\Setup\Recipes\R2\SW_QA-4\OpticsPreset.ini",".ini","39","2024-06-30 22:45","2026-05-17 11:17","[RobotSetup] Name=106463_Bare_12.cfg ","-987152"
"C:\job\VCAM MPW_x5\Setup\Recipes\R2\TrainData\CadtoJobRecipe.xml",".xml","2763","2024-06-30 22:44","2026-05-17 11:17","<?xml version=""1.0""?> <JobCreationRecipe xmlns:xsd=""http://www.w3.org/2001/XMLSchema"" xmlns:xsi=""http://www.w3.org/2001/","-987152"
"C:\job\VCAM MPW_x5\Setup\Recipes\R2\TrainData\Die.ini",".ini","764","2024-06-30 22:49","2026-05-17 11:17","[DIE] PixelSize_X=1.69339817589288 PixelSize_Y=1.69339817589288 Step_X=18900 Step_Y=18900 [ALIGNMENT_DATA] DiePitchCorre","-987148"
"C:\job\VCAM MPW_x5\Setup\Recipes\R2\WaferAlignData\Alignment_PatFindRtp.txt",".txt","485","2025-06-08 15:29","2026-05-17 11:17"," [15:29:17 06/08/25] Minimum Score           :  85    Minimum Start        :  90    Reduce Delta         :  10 Minimum T","-493668"
"C:\job\VCAM MPW_x5\Setup\Recipes\R2\WaferAlignData\Alignment_PatRes.txt",".txt","1429","2025-06-08 15:29","2026-05-17 11:17"," [15:29:17 06/08/25] ==========================================================================================  #    Co","-493668"
"C:\job\VCAM MPW_x5\Setup\Recipes\R2\WaferAlignData\Alignment_Stat.txt",".txt","1410","2025-06-08 15:29","2026-05-17 11:17","  [15:29:17 06/08/25] ==================================================================================================","-493668"
"C:\job\VCAM MPW_x5\Setup\Recipes\R2\WaferAlignData\AlignmentData.ini",".ini","31","2025-06-08 15:29","2026-05-17 11:17","[General] AlignmentTime=4050 ","-493668"
"C:\job\VCAM MPW_x5\Setup\Recipes\R2\WaferAlignData\AlignmentStatisticsTime.txt",".txt","164","2025-06-08 15:29","2026-05-17 11:17","Alignment Statistics Grabbing Counter=8 Total=501 Average=62.625000 Moving Counter=8 Total=2203 Average=275.375000 Movin","-493668"
"C:\job\VCAM MPW_x5\Setup\Recipes\R2\Zones\PostProcess.ini",".ini","2190","2025-02-17 08:55","2026-05-17 11:17","[General] ZoneName=PostProcess ZoneID=255 TypeName=PostProcess AutoTH=0 AutoProbe=0 [Warp Direction Calculation] Enable=","-653902"
"C:\job\VCAM MPW_x5\Setup\Recipes\R2\Zones\ScanArea.ini",".ini","5681","2025-02-17 08:55","2026-05-17 11:17","[General] ZoneName=ScanArea ZoneID=63 TypeName=Surface AutoTH=0 AutoProbe=0 [Surface] Enable=1 AlgorithmName=Surface Cla","-653902"
"C:\job\VCAM Scan All\Metadata.ini",".ini","92","2025-03-05 16:07","2026-05-17 11:17","[General] name=VCAM Scan All Id=fb440f3d-bcfd-4a16-a2b7-748b199b3d0f Version=1 JobTag= ","-630430"
"C:\job\VCAM Scan All\VcamInstallerGuid.txt",".txt","36","2025-03-18 12:04","2026-05-17 11:17","a768aa22-3050-46d9-b4fc-0521e28c1ac6","-611953"
"C:\job\VCAM Scan All\.audit\manifest.json",".json","405","2026-05-17 11:17","2026-05-17 11:17","{   ""jobName"": ""VCAM Scan All"",   ""auditDbVersion"": ""1"",   ""created"": {     ""machine"": ""AMITA1"",     ""at"": ""2026-05-17T0","0"
"C:\job\VCAM Scan All\Setup1\CTWRepeatabilityReport.xml",".xml","457","2020-12-21 12:18","2026-05-17 11:17","<?xml version=""1.0"" encoding=""utf-8""?> <Config xmlns:xsd=""http://www.w3.org/2001/XMLSchema"" xmlns:xsi=""http://www.w3.org","-2841059"
"C:\job\VCAM Scan All\Setup1\DefectsClustering.ini",".ini","236","2022-05-22 16:32","2026-05-17 11:17","[General] Distance=0 SelectedFirstSortingList=Priority SelectedSecondSortingList=Area SelectedFirstSortingListOrder=Asce","-2096325"
"C:\job\VCAM Scan All\Setup1\DieAlignment.dat_block.ini",".ini","117","2025-03-18 11:52","2026-05-17 11:17","[General] IsMultiIndex=0 DieCount=1 [Die_0] Row=0 Col=0 PosX=0.000 PosY=0.000 SizeX=957.000 SizeY=1191.000 ","-611965"
"C:\job\VCAM Scan All\Setup1\Metadata.ini",".ini","108","2025-03-05 16:04","2026-05-17 11:17","[General] name=Setup1 Id=b1e358b8-f095-44c9-9561-e71c8f80a1a5 Version=1 LastActiveRecipe=Repeatability ","-630433"
"C:\job\VCAM Scan All\Setup1\MultiRecipe.ini",".ini","232","2024-02-25 09:56","2026-05-17 11:17","[Scan] Recipes=0,2, recipe_1=,Repeatability,,,,,1 recipe_2=,TPT,,,,,2 SamplingCount=0 SamplingYield=0 MergingThreadCount","-1169361"
"C:\job\VCAM Scan All\Setup1\ProductionInfo.ini",".ini","133","2024-02-25 09:56","2026-05-17 11:17","[General] WaferDefectsCount=0 WaferDefectDiceRatio=0.000 BatchPassWafersCount=0 WaferDefectClassId=0 WaferDefectClassIdC","-1169361"
"C:\job\VCAM Scan All\Setup1\Scripts.ini",".ini","78","2020-12-09 14:26","2026-05-17 11:17","[General] ScriptAfterWaferPath = C:\CamtekProduction\Data\ScriptAfterScan.cmd","-2858211"
"C:\job\VCAM Scan All\Setup1\Recipes\Repeatability\Alignment.ini",".ini","53","2025-03-18 11:51","2026-05-17 11:17","[WAFER ALIGNMENT] CoarseAlignDone=1 Rotate  w2t=0 ","-611965"
"C:\job\VCAM Scan All\Setup1\Recipes\Repeatability\AlignmentData.ini",".ini","731","2022-05-22 16:32","2026-05-17 11:17","[General] MinScore=97 MinTargetScore=0 AlignPointsNum=10 ForceToGMF=0 IsAffineEnabled=1 [Point_0] X=159654.700193 Y=1512","-2096325"
"C:\job\VCAM Scan All\Setup1\Recipes\Repeatability\AlignRTP.ini",".ini","2896","2025-03-18 11:51","2026-05-17 11:17","[DIE_MAPPING] ROI_Size=128 ROI_Offset=0 WaferMap_MinScore=50 _04_DIE_MAPPING=0 [306a7e84-3bae-4443-bedf-ea9321f61841] 30","-611965"
"C:\job\VCAM Scan All\Setup1\Recipes\Repeatability\CleanReferenceFinalParams.ini",".ini","980","2024-02-04 20:03","2026-05-17 11:17","[FramePerSecond] Value=140 [General] Version=2 [CleanRefParams] SizeX=2048 SizeY=2048 minCriteria=-2 maxCriteria=-1 minC","-1198994"
"C:\job\VCAM Scan All\Setup1\Recipes\Repeatability\CreateReference3dOptions.ini",".ini","307","2022-05-22 16:31","2026-05-17 11:17","[General] Version=0 Debug=0 [Registration] ReferenceRegBy=0 BigBlockRowsNumber=1000 YPartitionsNumber=3 MaxErrorPix=5 PS","-2096326"
"C:\job\VCAM Scan All\Setup1\Recipes\Repeatability\DefaultWafer2Table.ini",".ini","1021","2024-02-25 09:26","2026-05-17 11:17","[WAFER ALIGNMENT] Wafer2Table_X=          0.9999577350         0.0053674849   -153582.0178077489 Wafer2Table_Y=         ","-1169391"
"C:\job\VCAM Scan All\Setup1\Recipes\Repeatability\DieAlignment.dat_block.ini",".ini","129","2017-07-24 16:51","2026-05-17 11:17","[General] IsMultiIndex=0 DieCount=1 [Die_0] Row=0 Col=0 PosX=0.000000 PosY=0.000000 SizeX=957.000000 SizeY=1191.000000 ","-4635025"
"C:\job\VCAM Scan All\Setup1\Recipes\Repeatability\ExternalCoordSystems.ini",".ini","33","2017-07-24 17:26","2026-05-17 11:17","[ExternalCoordSystems] Count=0 ","-4634991"
"C:\job\VCAM Scan All\Setup1\Recipes\Repeatability\GlobalRTP.ini",".ini","2749","2022-05-22 17:19","2026-05-17 11:17","[GLOBAL_RTP] AdaptiveHistogram=0 AdaptiveHistogramByDieSegments=1 AdaptiveHistogramMinPixelCount=32 AreaForReduceFaults=","-2096278"
"C:\job\VCAM Scan All\Setup1\Recipes\Repeatability\Job.dat",".dat","1864","2017-12-03 22:33","2026-05-17 11:17","  =*[��G��#�>��� Repeatability 3�2Surface0���������8 (C y $1c1ab1fa-0699-45d5-bdeb-0552261bd443Q�$  ","-4444604"
"C:\job\VCAM Scan All\Setup1\Recipes\Repeatability\JobIllumLimits.ini",".ini","182","2018-12-10 22:30","2026-05-17 11:17","[EAGLET_106249] IllumCalibDate=2018-03-18 14:37:27 ForcedSkipToDate=2018-03-20 15:12:21 [EAGLET_106384] IllumCalibDate=2","-3908927"
"C:\job\VCAM Scan All\Setup1\Recipes\Repeatability\Metadata.ini",".ini","158","2024-02-25 09:30","2026-05-17 11:17","[General] name=Repeatability Id=8b34fbba-c33b-4d14-86cf-09690b26a992 Version=0 [GeneralOnlineVerificationParams] UseSetG","-1169386"
"C:\job\VCAM Scan All\Setup1\Recipes\Repeatability\OpticPreset.ini",".ini","3288","2024-02-25 09:30","2026-05-17 11:17","[General] Signature=1 [Scan2d] Id=2b77bbc9-77c1-4019-bddd-5a13dbb33ef4 FocusPosAboveChuck=809.988337887835 Mag=5 CameraN","-1169386"
"C:\job\VCAM Scan All\Setup1\Recipes\Repeatability\OpticToVCamStorage.json",".json","360","2025-03-18 11:52","2026-05-17 11:17","[   {     ""OpticId"": ""3259d894-0b5e-4b4c-9d2c-09a857ca8b81"",     ""Scenario"": ""Scan"",     ""IsAutoFocus"": false,     ""Stor","-611965"
"C:\job\VCAM Scan All\Setup1\Recipes\Repeatability\ProductInfo.ini",".ini","3232","2025-03-18 11:51","2026-05-17 11:17","[General] GainOffsetMode=0 Reference_EdgeUncert=0 WaferTypeId=Patterned OCRWaferIDMask=II OCRWaferIDCtrlCharsMask= OCRCh","-611965"
"C:\job\VCAM Scan All\Setup1\Recipes\Repeatability\Recipe.ini",".ini","2521","2025-03-18 11:51","2026-05-17 11:17","[AutoCycle] AutoFocusEvery=1 ; None CleanReferenceEvery=1 ; None UnloadToAnotherCassette=0 ; Move wafers from Loadport A","-611966"
"C:\job\VCAM Scan All\Setup1\Recipes\Repeatability\RTP.txt",".txt","18342","2022-05-22 17:19","2026-05-17 11:17","[PostProcess]   ; Zone name Alg = Volume Shape_Violation_USL = 90000 ;  ( The Max bump volume allowed. )  Shape_Violatio","-2096278"
"C:\job\VCAM Scan All\Setup1\Recipes\Repeatability\ScanOverlapLog.txt",".txt","450","2025-03-18 11:51","2026-05-17 11:17","Scan 2d Overlap [px], [um]; Pixel size = 1.693, 1.69 Minimum             :    32,   32,   54,   54 Detection           :","-611965"
"C:\job\VCAM Scan All\Setup1\Recipes\Repeatability\ScenarioMetadataGrab.xml",".xml","1117","2024-02-25 09:30","2026-05-17 11:17","<MultiOpticsScenarioGrabConfiguration VersionNumber=""2.0"">   <ScenarioGrab Id=""ec72be0a-8d27-4e9a-9c2d-17dc8334987e"" Nam","-1169386"
"C:\job\VCAM Scan All\Setup1\Recipes\Repeatability\ScenariosMetadatas.ini",".ini","1106","2024-02-25 09:25","2026-05-17 11:17","[General] Version=1 [Scan2d] Id=4b00a21d-d12b-46ac-88e7-085ba3c125ec OpticsId=3259d894-0b5e-4b4c-9d2c-09a857ca8b81 Refer","-1169392"
"C:\job\VCAM Scan All\Setup1\Recipes\Repeatability\UniqueArea.ini",".ini","20","2017-07-24 16:49","2026-05-17 11:17","[General] Count=0 ","-4635028"
"C:\job\VCAM Scan All\Setup1\Recipes\Repeatability\Wafer2Table_LastKnown.ini",".ini","1120","2017-08-16 10:58","2026-05-17 11:17","[WAFER ALIGNMENT] Wafer2Table_X=          1.0000000000         0.0000000000   -156935.0399285386 Wafer2Table_Y=         ","-4602258"
"C:\job\VCAM Scan All\Setup1\Recipes\Repeatability\Wafer2Table.ini",".ini","1290","2025-03-18 11:51","2026-05-17 11:17","[WAFER ALIGNMENT] Wafer2Table_X=          1.0000130564        -0.0007889034   -152710.9995254449 Wafer2Table_Y=         ","-611965"
"C:\job\VCAM Scan All\Setup1\Recipes\Repeatability\WaferDataReadSettings.xml",".xml","195","2022-07-06 20:43","2026-05-17 11:17","<?xml version=""1.0""?> <WaferDataReadSettings xmlns:xsi=""http://www.w3.org/2001/XMLSchema-instance"" xmlns:xsd=""http://www","-2031274"
"C:\job\VCAM Scan All\Setup1\Recipes\Repeatability\Waferinfo.ini",".ini","485","2025-03-18 11:51","2026-05-17 11:17","[General] hd_cmm=False hd_alignment=True hd_scan=True hd_robot=False hd_verification=True key_userobot=False key_auto=Tr","-611966"
"C:\job\VCAM Scan All\Setup1\Recipes\Repeatability\WaferMapRecipe.ini",".ini","1260","2025-02-11 11:02","2026-05-17 11:17","[GENERAL] SettingsPolicy=1 FiducialBin=-1 ImportSubPath= UpdateSubPath= ExportInAutoCycle=0 ExportInManualScan=0 AfterEx","-662414"
"C:\job\VCAM Scan All\Setup1\Recipes\Repeatability\zones.ini",".ini","513","2024-02-25 09:27","2026-05-17 11:17","[General] Version=11 [ALGName] 255=PostProcess 0=Scan Area 1=Dark-3_5um 2=Bright-3_5um 3=Dark-5um 4=Bright-5um 5=Dark-10","-1169390"
"C:\job\VCAM Scan All\Setup1\Recipes\Repeatability\zones.txt",".txt","530","2024-02-25 09:27","2026-05-17 11:17","ScaleX =    1.0000000000; ScaleY =    1.0000000000   RefID       X        Y  Zone Count      Shape Data       1    478.5","-1169390"
"C:\job\VCAM Scan All\Setup1\Recipes\Repeatability\ZoneVerifyOptics.ini",".ini","51","2017-07-25 11:44","2026-05-17 11:17","[General] Version=1 UseSetGrabForOnlineVerify=0 ","-4633893"
"C:\job\VCAM Scan All\Setup1\Recipes\Repeatability\ZoomLevels.ini",".ini","179","2017-07-25 11:44","2026-05-17 11:17","[DIE] Step_X=1247.52066988039 Step_Y=1247.68386561697 [ZOOM_LEVELS] LEVEL_1=1 SaveCompressed=0 LEVEL_2=1 [LEVEL_1] SizeX","-4633893"
"C:\job\VCAM Scan All\Setup1\Recipes\Repeatability\.dc_cache\TransactionsHistory.ini",".ini","366","2024-02-25 09:30","2026-05-17 11:17","[DeprecatedInV0] Namespace.RuntimeEntities.RecipePartsCollection_Runtime|RecipePartsCollection|CleanReferenceParams=1 Na","-1169386"
"C:\job\VCAM Scan All\Setup1\Recipes\Repeatability\EAGLET_106160\OpticsPreset.ini",".ini","500","2017-07-25 11:44","2026-05-17 11:17","[RobotSetup] Name=106160_12inch_sens.cfg [General] Signature=0 Scan2d-Id=36d0b0c9-e250-4577-b197-ac9c8bbdd436 Scan2d-ZPo","-4633893"
"C:\job\VCAM Scan All\Setup1\Recipes\Repeatability\FocusMapping\FocusMapping.ini",".ini","2027","2025-03-05 16:06","2026-05-17 11:17","[Mode] AutoFocusRange=100 CreateSurfaceScore=Good MinMatchModelScore=Good DurationOfOneSite=3 NumOfDiceToScan=15 Resolut","-630431"
"C:\job\VCAM Scan All\Setup1\Recipes\Repeatability\OpticLightMetadata\config.ini",".ini","292","2025-03-18 11:51","2026-05-17 11:17","[General] NominalDelta=0.000000000 Exist=0 targetPos_X=0.000000000 targetPos_Y=0.000000000 minY=0.000000000 minX=0.00000","-611965"
"C:\job\VCAM Scan All\Setup1\Recipes\Repeatability\ReferenceBackup\ZoomLevels.ini",".ini","179","2017-07-25 11:44","2026-05-17 11:17","[DIE] Step_X=1247.52066988039 Step_Y=1247.68386561697 [ZOOM_LEVELS] LEVEL_1=1 SaveCompressed=0 LEVEL_2=1 [LEVEL_1] SizeX","-4633893"
"C:\job\VCAM Scan All\Setup1\Recipes\Repeatability\TrainData\Die.ini",".ini","1029","2024-02-04 20:03","2026-05-17 11:17","[UNIQUE_PATTERN] Exists=0 [DIE] TrainFileExists=0 Frames_Format=1 Step_X=2107.000000 Step_Y=2096.000000 PixelSize_X=1.68","-1198993"
"C:\job\VCAM Scan All\Setup1\Recipes\Repeatability\TrainData\DieRefToTrain.txt",".txt","277","2017-07-25 11:44","2026-05-17 11:17","[DieRefToTrainImage] DR_2_TI_X=0.999999994567987 -0.000104230638998617 1251.15701246877 DR_2_TI_Y=0.000104230638998617 0","-4633893"
"C:\job\VCAM Scan All\Setup1\Recipes\Repeatability\TrainData\FrameToChuck.ini",".ini","160","2017-07-25 11:44","2026-05-17 11:17","[FrameToChuck] F2C_X=          1.6841197289         0.0001321961     -1293.5054783618 F2C_Y=         -0.0001321961      ","-4633893"
"C:\job\VCAM Scan All\Setup1\Recipes\Repeatability\TrainData\ZonesVectorInfo.csv",".csv","464","2024-02-25 09:27","2026-05-17 11:17","ID,zone,X,Y,SizeX,SizeY,ShapeType,Angle,Is3d 15,Dark-3_5um,707.19138,727.31952,13.4703119999999,13.46888,1,0,0 1,Bright-","-1169390"
"C:\job\VCAM Scan All\Setup1\Recipes\Repeatability\TrainData\DieImage\DieImageToTable.ini",".ini","302","2017-07-25 11:44","2026-05-17 11:17","[DieImageToTable] I2T_X=1.68378898091718 0.000253474275405115 -1174.61785998963 I2T_Y=-0.000253501224577012 1.6836099809","-4633893"
"C:\job\VCAM Scan All\Setup1\Recipes\Repeatability\TrainData\DieImage\ZoomLevels.ini",".ini","169","2017-07-25 11:44","2026-05-17 11:17","[ZOOM_LEVELS] LEVEL_1=1 SaveCompressed=0 LEVEL_2=1 LEVEL_4=1 [LEVEL_1] SizeX=3905 SizeY=3824 [LEVEL_2] SizeX=1952 SizeY=","-4633893"
"C:\job\VCAM Scan All\Setup1\Recipes\Repeatability\WaferAlignData\Alignment_PatFindRtp.txt",".txt","485","2025-03-18 11:51","2026-05-17 11:17"," [11:51:56 03/18/25] Minimum Score           :  97    Minimum Start        :  90    Reduce Delta         :  10 Minimum T","-611965"
"C:\job\VCAM Scan All\Setup1\Recipes\Repeatability\WaferAlignData\Alignment_PatRes.txt",".txt","2243","2025-03-18 11:51","2026-05-17 11:17"," [11:51:56 03/18/25] ==========================================================================================  #    Co","-611965"
"C:\job\VCAM Scan All\Setup1\Recipes\Repeatability\WaferAlignData\Alignment_Stat.txt",".txt","1574","2025-03-18 11:51","2026-05-17 11:17","  [11:51:56 03/18/25] ==================================================================================================","-611965"
"C:\job\VCAM Scan All\Setup1\Recipes\Repeatability\WaferAlignData\AlignmentData.ini",".ini","32","2025-03-18 11:51","2026-05-17 11:17","[General] AlignmentTime=12234 ","-611965"
"C:\job\VCAM Scan All\Setup1\Recipes\Repeatability\WaferAlignData\AlignmentStatisticsTime.txt",".txt","169","2025-03-18 11:51","2026-05-17 11:17","Alignment Statistics Grabbing Counter=14 Total=3686 Average=263.285706 Moving Counter=14 Total=5796 Average=414.000000 M","-611965"
"C:\job\VCAM Scan All\Setup1\Recipes\Repeatability\Zones\Bright-10um.ini",".ini","5687","2025-02-11 11:03","2026-05-17 11:17","[General] ZoneName=Bright-10um ZoneID=6 TypeName=Surface AutoTH=0 AutoProbe=0 [Surface] Enable=1 AlgorithmName=Surface C","-662413"
"C:\job\VCAM Scan All\Setup1\Recipes\Repeatability\Zones\Bright-3_5um.ini",".ini","5689","2025-02-11 11:03","2026-05-17 11:17","[General] ZoneName=Bright-3_5um ZoneID=2 TypeName=Surface AutoTH=0 AutoProbe=0 [Surface] Enable=1 AlgorithmName=Surface ","-662413"
"C:\job\VCAM Scan All\Setup1\Recipes\Repeatability\Zones\Bright-5um.ini",".ini","5686","2025-02-11 11:03","2026-05-17 11:17","[General] ZoneName=Bright-5um ZoneID=4 TypeName=Surface AutoTH=0 AutoProbe=0 [Surface] Enable=1 AlgorithmName=Surface Cl","-662413"
"C:\job\VCAM Scan All\Setup1\Recipes\Repeatability\Zones\Dark-10um.ini",".ini","5682","2025-02-11 11:03","2026-05-17 11:17","[General] ZoneName=Dark-10um ZoneID=5 TypeName=Surface AutoTH=0 AutoProbe=0 [Surface] Enable=1 AlgorithmName=Surface Cla","-662413"
"C:\job\VCAM Scan All\Setup1\Recipes\Repeatability\Zones\Dark-3_5um.ini",".ini","5684","2025-02-11 11:03","2026-05-17 11:17","[General] ZoneName=Dark-3_5um ZoneID=1 TypeName=Surface AutoTH=0 AutoProbe=0 [Surface] Enable=1 AlgorithmName=Surface Cl","-662413"
"C:\job\VCAM Scan All\Setup1\Recipes\Repeatability\Zones\Dark-5um.ini",".ini","5684","2025-02-11 11:03","2026-05-17 11:17","[General] ZoneName=Dark-5um ZoneID=3 TypeName=Surface AutoTH=0 AutoProbe=0 [Surface] Enable=1 AlgorithmName=Surface Clas","-662413"
"C:\job\VCAM Scan All\Setup1\Recipes\Repeatability\Zones\PostProcess.ini",".ini","1813","2025-02-11 11:03","2026-05-17 11:17","[General] ZoneName=PostProcess ZoneID=255 TypeName=PostProcess AutoTH=0 AutoProbe=0 [Volume] Enable=0 AlgorithmName=Volu","-662413"
"C:\job\VCAM Scan All\Setup1\Recipes\Repeatability\Zones\Scan Area.ini",".ini","5670","2025-02-11 11:03","2026-05-17 11:17","[General] ZoneName=Scan Area ZoneID=63 TypeName=Surface AutoTH=0 AutoProbe=0 [Surface] Enable=0 AlgorithmName=Surface Cl","-662413"
"C:\job\VCAM Scan All\Setup1\Recipes\Repeatability DIMA\Alignment.ini",".ini","53","2024-02-25 09:24","2026-05-17 11:17","[WAFER ALIGNMENT] CoarseAlignDone=0 Rotate  w2t=0 ","-1169392"
"C:\job\VCAM Scan All\Setup1\Recipes\Repeatability DIMA\AlignmentData.ini",".ini","731","2022-05-22 16:32","2026-05-17 11:17","[General] MinScore=97 MinTargetScore=0 AlignPointsNum=10 ForceToGMF=0 IsAffineEnabled=1 [Point_0] X=159654.700193 Y=1512","-2096325"
"C:\job\VCAM Scan All\Setup1\Recipes\Repeatability DIMA\AlignRTP.ini",".ini","2822","2024-02-25 10:00","2026-05-17 11:17","[DIE_MAPPING] ROI_Size=128 ROI_Offset=0 WaferMap_MinScore=50 _04_DIE_MAPPING=0 [306a7e84-3bae-4443-bedf-ea9321f61841] 30","-1169357"
"C:\job\VCAM Scan All\Setup1\Recipes\Repeatability DIMA\CleanReferenceFinalParams.ini",".ini","980","2024-02-04 20:03","2026-05-17 11:17","[FramePerSecond] Value=140 [General] Version=2 [CleanRefParams] SizeX=2048 SizeY=2048 minCriteria=-2 maxCriteria=-1 minC","-1198994"
"C:\job\VCAM Scan All\Setup1\Recipes\Repeatability DIMA\CreateReference3dOptions.ini",".ini","307","2022-05-22 16:31","2026-05-17 11:17","[General] Version=0 Debug=0 [Registration] ReferenceRegBy=0 BigBlockRowsNumber=1000 YPartitionsNumber=3 MaxErrorPix=5 PS","-2096326"
"C:\job\VCAM Scan All\Setup1\Recipes\Repeatability DIMA\DefaultWafer2Table.ini",".ini","1021","2024-02-25 09:26","2026-05-17 11:17","[WAFER ALIGNMENT] Wafer2Table_X=          0.9999577350         0.0053674849   -153582.0178077489 Wafer2Table_Y=         ","-1169391"
"C:\job\VCAM Scan All\Setup1\Recipes\Repeatability DIMA\DieAlignment.dat_block.ini",".ini","129","2017-07-24 16:51","2026-05-17 11:17","[General] IsMultiIndex=0 DieCount=1 [Die_0] Row=0 Col=0 PosX=0.000000 PosY=0.000000 SizeX=957.000000 SizeY=1191.000000 ","-4635025"
"C:\job\VCAM Scan All\Setup1\Recipes\Repeatability DIMA\ExternalCoordSystems.ini",".ini","33","2017-07-24 17:26","2026-05-17 11:17","[ExternalCoordSystems] Count=0 ","-4634991"
"C:\job\VCAM Scan All\Setup1\Recipes\Repeatability DIMA\GlobalRTP.ini",".ini","3051","2024-02-25 09:57","2026-05-17 11:17","[GLOBAL_RTP] AdaptiveHistogram=0 AdaptiveHistogramByDieSegments=1 AdaptiveHistogramMinPixelCount=32 AreaForReduceFaults=","-1169359"
"C:\job\VCAM Scan All\Setup1\Recipes\Repeatability DIMA\Job.dat",".dat","1864","2017-12-03 22:33","2026-05-17 11:17","  =*[��G��#�>��� Repeatability 3�2Surface0���������8 (C y $1c1ab1fa-0699-45d5-bdeb-0552261bd443Q�$  ","-4444604"
"C:\job\VCAM Scan All\Setup1\Recipes\Repeatability DIMA\JobIllumLimits.ini",".ini","182","2018-12-10 22:30","2026-05-17 11:17","[EAGLET_106249] IllumCalibDate=2018-03-18 14:37:27 ForcedSkipToDate=2018-03-20 15:12:21 [EAGLET_106384] IllumCalibDate=2","-3908927"
"C:\job\VCAM Scan All\Setup1\Recipes\Repeatability DIMA\Metadata.ini",".ini","158","2024-02-25 09:30","2026-05-17 11:17","[General] name=Repeatability Id=8b34fbba-c33b-4d14-86cf-09690b26a992 Version=0 [GeneralOnlineVerificationParams] UseSetG","-1169386"
"C:\job\VCAM Scan All\Setup1\Recipes\Repeatability DIMA\OpticPreset.ini",".ini","3288","2024-02-25 09:30","2026-05-17 11:17","[General] Signature=1 [Scan2d] Id=2b77bbc9-77c1-4019-bddd-5a13dbb33ef4 FocusPosAboveChuck=809.988337887835 Mag=5 CameraN","-1169387"
"C:\job\VCAM Scan All\Setup1\Recipes\Repeatability DIMA\ProductInfo.ini",".ini","3204","2024-03-05 14:18","2026-05-17 11:17","[General] GainOffsetMode=0 Reference_EdgeUncert=0 WaferTypeId=Patterned OCRWaferIDMask=II OCRWaferIDCtrlCharsMask= OCRCh","-1156139"
"C:\job\VCAM Scan All\Setup1\Recipes\Repeatability DIMA\Recipe.ini",".ini","3976","2024-02-25 10:00","2026-05-17 11:17","[AutoCycle] AutoFocusEvery=1 ; None CleanReferenceEvery=1 ; None UnloadToAnotherCassette=0 ; Move wafers from Loadport A","-1169356"
"C:\job\VCAM Scan All\Setup1\Recipes\Repeatability DIMA\RTP.txt",".txt","11460","2024-02-25 09:57","2026-05-17 11:17","[PostProcess]   ; Zone name Alg = Volume Shape_Violation_USL = 90000 ;  ( The Max bump volume allowed. )  Shape_Violatio","-1169359"
"C:\job\VCAM Scan All\Setup1\Recipes\Repeatability DIMA\ScanOverlapLog.txt",".txt","450","2024-02-25 10:00","2026-05-17 11:17","Scan 2d Overlap [px], [um]; Pixel size = 1.693, 1.69 Minimum             :    32,   32,   54,   54 Detection           :","-1169357"
"C:\job\VCAM Scan All\Setup1\Recipes\Repeatability DIMA\ScenarioMetadataGrab.xml",".xml","1117","2024-02-25 09:30","2026-05-17 11:17","<MultiOpticsScenarioGrabConfiguration VersionNumber=""2.0"">   <ScenarioGrab Id=""ec72be0a-8d27-4e9a-9c2d-17dc8334987e"" Nam","-1169386"
"C:\job\VCAM Scan All\Setup1\Recipes\Repeatability DIMA\ScenariosMetadatas.ini",".ini","1106","2024-02-25 09:25","2026-05-17 11:17","[General] Version=1 [Scan2d] Id=4b00a21d-d12b-46ac-88e7-085ba3c125ec OpticsId=3259d894-0b5e-4b4c-9d2c-09a857ca8b81 Refer","-1169392"
"C:\job\VCAM Scan All\Setup1\Recipes\Repeatability DIMA\UniqueArea.ini",".ini","20","2017-07-24 16:49","2026-05-17 11:17","[General] Count=0 ","-4635028"
"C:\job\VCAM Scan All\Setup1\Recipes\Repeatability DIMA\Wafer2Table_LastKnown.ini",".ini","1120","2017-08-16 10:58","2026-05-17 11:17","[WAFER ALIGNMENT] Wafer2Table_X=          1.0000000000         0.0000000000   -156935.0399285386 Wafer2Table_Y=         ","-4602258"
"C:\job\VCAM Scan All\Setup1\Recipes\Repeatability DIMA\Wafer2Table.ini",".ini","1021","2024-02-25 09:26","2026-05-17 11:17","[WAFER ALIGNMENT] Wafer2Table_X=          0.9999577350         0.0053674849   -153582.0178077489 Wafer2Table_Y=         ","-1169391"
"C:\job\VCAM Scan All\Setup1\Recipes\Repeatability DIMA\WaferDataReadSettings.xml",".xml","195","2022-07-06 20:43","2026-05-17 11:17","<?xml version=""1.0""?> <WaferDataReadSettings xmlns:xsi=""http://www.w3.org/2001/XMLSchema-instance"" xmlns:xsd=""http://www","-2031274"
"C:\job\VCAM Scan All\Setup1\Recipes\Repeatability DIMA\Waferinfo.ini",".ini","459","2024-02-25 10:00","2026-05-17 11:17","[General] hd_cmm=False hd_alignment=True hd_scan=True hd_robot=False hd_verification=True key_userobot=False key_auto=Tr","-1169357"
"C:\job\VCAM Scan All\Setup1\Recipes\Repeatability DIMA\WaferMapRecipe.ini",".ini","1260","2025-02-11 11:02","2026-05-17 11:17","[GENERAL] SettingsPolicy=1 FiducialBin=-1 ImportSubPath= UpdateSubPath= ExportInAutoCycle=0 ExportInManualScan=0 AfterEx","-662414"
"C:\job\VCAM Scan All\Setup1\Recipes\Repeatability DIMA\zones.ini",".ini","361","2024-02-25 09:57","2026-05-17 11:17","[General] Version=11 [ALGName] 255=PostProcess 0=Scan Area 1=Dark-3_5um 2=Bright-3_5um 3=Dark-5um [ALG] 255=PostProcess ","-1169360"
"C:\job\VCAM Scan All\Setup1\Recipes\Repeatability DIMA\zones.txt",".txt","350","2024-02-25 09:57","2026-05-17 11:17","ScaleX =    1.0000000000; ScaleY =    1.0000000000   RefID       X        Y  Zone Count      Shape Data       1    478.5","-1169360"
"C:\job\VCAM Scan All\Setup1\Recipes\Repeatability DIMA\ZoneVerifyOptics.ini",".ini","51","2024-02-25 09:57","2026-05-17 11:17","[General] Version=1 UseSetGrabForOnlineVerify=0 ","-1169360"
"C:\job\VCAM Scan All\Setup1\Recipes\Repeatability DIMA\ZoomLevels.ini",".ini","179","2017-07-25 11:44","2026-05-17 11:17","[DIE] Step_X=1247.52066988039 Step_Y=1247.68386561697 [ZOOM_LEVELS] LEVEL_1=1 SaveCompressed=0 LEVEL_2=1 [LEVEL_1] SizeX","-4633893"
"C:\job\VCAM Scan All\Setup1\Recipes\Repeatability DIMA\.dc_cache\TransactionsHistory.ini",".ini","366","2024-02-25 09:30","2026-05-17 11:17","[DeprecatedInV0] Namespace.RuntimeEntities.RecipePartsCollection_Runtime|RecipePartsCollection|CleanReferenceParams=1 Na","-1169386"
"C:\job\VCAM Scan All\Setup1\Recipes\Repeatability DIMA\EAGLET_106160\OpticsPreset.ini",".ini","500","2017-07-25 11:44","2026-05-17 11:17","[RobotSetup] Name=106160_12inch_sens.cfg [General] Signature=0 Scan2d-Id=36d0b0c9-e250-4577-b197-ac9c8bbdd436 Scan2d-ZPo","-4633893"
"C:\job\VCAM Scan All\Setup1\Recipes\Repeatability DIMA\FocusMapping\FocusMapping.ini",".ini","1928","2024-02-25 09:31","2026-05-17 11:17","[Mode] AutoFocusRange=100 CreateSurfaceScore=Good MinMatchModelScore=Good DurationOfOneSite=3 NumOfDiceToScan=15 Resolut","-1169386"
"C:\job\VCAM Scan All\Setup1\Recipes\Repeatability DIMA\OpticLightMetadata\config.ini",".ini","259","2024-02-25 10:00","2026-05-17 11:17","[General] NominalDelta=0.000000 Exist=0 targetPos_X=0.000000 targetPos_Y=0.000000 minY=0.000000 minX=0.000000 maxY=0.000","-1169357"
"C:\job\VCAM Scan All\Setup1\Recipes\Repeatability DIMA\ReferenceBackup\ZoomLevels.ini",".ini","179","2017-07-25 11:44","2026-05-17 11:17","[DIE] Step_X=1247.52066988039 Step_Y=1247.68386561697 [ZOOM_LEVELS] LEVEL_1=1 SaveCompressed=0 LEVEL_2=1 [LEVEL_1] SizeX","-4633893"
"C:\job\VCAM Scan All\Setup1\Recipes\Repeatability DIMA\TrainData\Die.ini",".ini","1029","2024-02-04 20:03","2026-05-17 11:17","[UNIQUE_PATTERN] Exists=0 [DIE] TrainFileExists=0 Frames_Format=1 Step_X=2107.000000 Step_Y=2096.000000 PixelSize_X=1.68","-1198993"
"C:\job\VCAM Scan All\Setup1\Recipes\Repeatability DIMA\TrainData\DieRefToTrain.txt",".txt","277","2017-07-25 11:44","2026-05-17 11:17","[DieRefToTrainImage] DR_2_TI_X=0.999999994567987 -0.000104230638998617 1251.15701246877 DR_2_TI_Y=0.000104230638998617 0","-4633893"
"C:\job\VCAM Scan All\Setup1\Recipes\Repeatability DIMA\TrainData\FrameToChuck.ini",".ini","160","2017-07-25 11:44","2026-05-17 11:17","[FrameToChuck] F2C_X=          1.6841197289         0.0001321961     -1293.5054783618 F2C_Y=         -0.0001321961      ","-4633893"
"C:\job\VCAM Scan All\Setup1\Recipes\Repeatability DIMA\TrainData\ZonesVectorInfo.csv",".csv","252","2024-02-25 09:57","2026-05-17 11:17","ID,zone,X,Y,SizeX,SizeY,ShapeType,Angle,Is3d 15,Dark-3_5um,707.19138,727.31952,13.4703119999999,13.46888,1,0,0 1,Bright-","-1169360"
"C:\job\VCAM Scan All\Setup1\Recipes\Repeatability DIMA\TrainData\DieImage\DieImageToTable.ini",".ini","302","2017-07-25 11:44","2026-05-17 11:17","[DieImageToTable] I2T_X=1.68378898091718 0.000253474275405115 -1174.61785998963 I2T_Y=-0.000253501224577012 1.6836099809","-4633893"
"C:\job\VCAM Scan All\Setup1\Recipes\Repeatability DIMA\TrainData\DieImage\ZoomLevels.ini",".ini","169","2017-07-25 11:44","2026-05-17 11:17","[ZOOM_LEVELS] LEVEL_1=1 SaveCompressed=0 LEVEL_2=1 LEVEL_4=1 [LEVEL_1] SizeX=3905 SizeY=3824 [LEVEL_2] SizeX=1952 SizeY=","-4633893"
"C:\job\VCAM Scan All\Setup1\Recipes\Repeatability DIMA\WaferAlignData\Alignment_PatFindRtp.txt",".txt","485","2024-02-25 09:25","2026-05-17 11:17"," [09:25:25 02/25/24] Minimum Score           :  97    Minimum Start        :  90    Reduce Delta         :  10 Minimum T","-1169392"
"C:\job\VCAM Scan All\Setup1\Recipes\Repeatability DIMA\WaferAlignData\Alignment_PatRes.txt",".txt","1813","2024-02-25 09:25","2026-05-17 11:17"," [09:25:25 02/25/24] ==========================================================================================  #    Co","-1169392"
"C:\job\VCAM Scan All\Setup1\Recipes\Repeatability DIMA\WaferAlignData\Alignment_Stat.txt",".txt","426","2024-02-25 09:25","2026-05-17 11:17","  [09:25:25 02/25/24] ==================================================================================================","-1169392"
"C:\job\VCAM Scan All\Setup1\Recipes\Repeatability DIMA\WaferAlignData\AlignmentStatisticsTime.txt",".txt","171","2024-02-25 09:25","2026-05-17 11:17","Alignment Statistics Grabbing Counter=10 Total=1984 Average=198.399994 Moving Counter=10 Total=2795 Average=279.500000 M","-1169392"
"C:\job\VCAM Scan All\Setup1\Recipes\Repeatability DIMA\WaferAlignData\WaferManualAlign_PatFindRtp.txt",".txt","485","2024-02-25 09:26","2026-05-17 11:17"," [09:26:01 02/25/24] Minimum Score           :  97    Minimum Start        :  90    Reduce Delta         :  10 Minimum T","-1169391"
"C:\job\VCAM Scan All\Setup1\Recipes\Repeatability DIMA\WaferAlignData\WaferManualAlign_PatRes.txt",".txt","1302","2024-02-25 09:26","2026-05-17 11:17"," [09:26:01 02/25/24] ==========================================================================================  #    Co","-1169391"
"C:\job\VCAM Scan All\Setup1\Recipes\Repeatability DIMA\WaferAlignData\WaferManualAlign_Stat.txt",".txt","1274","2024-02-25 09:26","2026-05-17 11:17","  [09:26:01 02/25/24] ==================================================================================================","-1169391"
"C:\job\VCAM Scan All\Setup1\Recipes\Repeatability DIMA\Zones\Bright-3_5um.ini",".ini","5689","2025-02-11 11:03","2026-05-17 11:17","[General] ZoneName=Bright-3_5um ZoneID=2 TypeName=Surface AutoTH=0 AutoProbe=0 [Surface] Enable=0 AlgorithmName=Surface ","-662413"
"C:\job\VCAM Scan All\Setup1\Recipes\Repeatability DIMA\Zones\Dark-3_5um.ini",".ini","5684","2025-02-11 11:03","2026-05-17 11:17","[General] ZoneName=Dark-3_5um ZoneID=1 TypeName=Surface AutoTH=0 AutoProbe=0 [Surface] Enable=0 AlgorithmName=Surface Cl","-662413"
"C:\job\VCAM Scan All\Setup1\Recipes\Repeatability DIMA\Zones\Dark-5um.ini",".ini","5684","2025-02-11 11:03","2026-05-17 11:17","[General] ZoneName=Dark-5um ZoneID=3 TypeName=Surface AutoTH=0 AutoProbe=0 [Surface] Enable=1 AlgorithmName=Surface Clas","-662413"
"C:\job\VCAM Scan All\Setup1\Recipes\Repeatability DIMA\Zones\PostProcess.ini",".ini","1813","2025-02-11 11:03","2026-05-17 11:17","[General] ZoneName=PostProcess ZoneID=255 TypeName=PostProcess AutoTH=0 AutoProbe=0 [Volume] Enable=0 AlgorithmName=Volu","-662413"
"C:\job\VCAM Scan All\Setup1\Recipes\Repeatability DIMA\Zones\Scan Area.ini",".ini","5670","2025-02-11 11:03","2026-05-17 11:17","[General] ZoneName=Scan Area ZoneID=63 TypeName=Surface AutoTH=0 AutoProbe=0 [Surface] Enable=0 AlgorithmName=Surface Cl","-662413"
"C:\job\VCAM Scan All\Setup1\Recipes\TPT\Alignment.ini",".ini","38","2017-07-25 10:06","2026-05-17 11:17","[WAFER ALIGNMENT] CoarseAlignDone=1 ","-4633991"
"C:\job\VCAM Scan All\Setup1\Recipes\TPT\AlignmentData.ini",".ini","730","2025-02-11 11:03","2026-05-17 11:17","[General] MinScore=97 MinTargetScore=0 AlignPointsNum=10 ForceToGMF=0 IsAffineEnabled=1 [Point_0] X=153832.077324 Y=1515","-662414"
"C:\job\VCAM Scan All\Setup1\Recipes\TPT\AlignRTP.ini",".ini","2896","2025-02-11 11:10","2026-05-17 11:17","[DIE_MAPPING] ROI_Size=128 ROI_Offset=0 WaferMap_MinScore=50 _04_DIE_MAPPING=0 [DIE Alignment] Die__MinModelSize=32 Die_","-662407"
"C:\job\VCAM Scan All\Setup1\Recipes\TPT\AQL.ini",".ini","491","2023-10-30 15:58","2026-05-17 11:17","[General] ckWaferAql2=0 optRandom-1=False optRandom-0=False ckWaferAql=0 fpRandomDice=1.0 fpWaferYield-2=1.0 optWafersSe","-1338919"
"C:\job\VCAM Scan All\Setup1\Recipes\TPT\CleanReferenceFinalParams.ini",".ini","950","2023-03-20 19:13","2026-05-17 11:17","[General] Version=2 [CleanRefParams] SizeX=2048 SizeY=2048 minCriteria=-2 maxCriteria=-1 minCreateMul=2 maxCreateMul=2 m","-1661284"
"C:\job\VCAM Scan All\Setup1\Recipes\TPT\CreateReference3dOptions.ini",".ini","324","2022-07-06 20:43","2026-05-17 11:17","[General] Version=0 Debug=0 [Registration] ReferenceRegBy=0 BigBlockRowsNumber=1000 YPartitionsNumber=3 MaxErrorPix=5 PS","-2031274"
"C:\job\VCAM Scan All\Setup1\Recipes\TPT\DefaultWafer2Table.ini",".ini","1125","2017-07-25 10:06","2026-05-17 11:17","[WAFER ALIGNMENT] Wafer2Table_X=          0.9999990729         0.0002908860   -154934.3400690717 Wafer2Table_Y=         ","-4633991"
"C:\job\VCAM Scan All\Setup1\Recipes\TPT\DieAlignment.dat_block.ini",".ini","129","2017-07-24 16:51","2026-05-17 11:17","[General] IsMultiIndex=0 DieCount=1 [Die_0] Row=0 Col=0 PosX=0.000000 PosY=0.000000 SizeX=957.000000 SizeY=1191.000000 ","-4635025"
"C:\job\VCAM Scan All\Setup1\Recipes\TPT\ExternalCoordSystems.ini",".ini","33","2017-07-24 17:26","2026-05-17 11:17","[ExternalCoordSystems] Count=0 ","-4634991"
"C:\job\VCAM Scan All\Setup1\Recipes\TPT\GlobalRTP.ini",".ini","3035","2025-02-11 11:03","2026-05-17 11:17","[GLOBAL_RTP] AdaptiveHistogram=0 AdaptiveHistogramByDieSegments=1 AdaptiveHistogramMinPixelCount=32 AreaForReduceFaults=","-662413"
"C:\job\VCAM Scan All\Setup1\Recipes\TPT\Job.dat",".dat","1852","2017-07-25 10:11","2026-05-17 11:17","  ���{��N��R\���X�% Surface Scan Area_0�     ��@!     �@:$02a178a1-8f95-400d-9e07-021d42909e65Default ","-4633986"
"C:\job\VCAM Scan All\Setup1\Recipes\TPT\JobIllumLimits.ini",".ini","85","2025-02-11 11:03","2026-05-17 11:17","[SW_QA-4] IllumCalibDate=2024-08-14 16:35:32 ForcedSkipToDate=2025-03-13 11:03:08 ","-662414"
"C:\job\VCAM Scan All\Setup1\Recipes\TPT\Metadata.ini",".ini","73","2017-07-25 11:44","2026-05-17 11:17","[General] name=TPT Id=90d06b30-79f6-48ae-b87b-95756ee5f122 Version=0 ","-4633892"
"C:\job\VCAM Scan All\Setup1\Recipes\TPT\OpticPreset.ini",".ini","979","2018-12-11 11:15","2026-05-17 11:17","[General] Signature=1 [Scan2d] Id=6d8c76f0-ce9d-40d7-8119-0b7a12067bc7 FocusPosAboveChuck=777.499863794052 Mag=5 CameraN","-3908162"
"C:\job\VCAM Scan All\Setup1\Recipes\TPT\ProductInfo.ini",".ini","2787","2025-03-05 16:04","2026-05-17 11:17","[General] GainOffsetMode=0 Reference_EdgeUncert=0 WaferTypeId=Patterned OCRWaferIDMask=II OCRWaferIDCtrlCharsMask= OCRCh","-630433"
"C:\job\VCAM Scan All\Setup1\Recipes\TPT\Recipe.ini",".ini","2444","2025-02-11 11:04","2026-05-17 11:17","[AutoCycle] AutoFocusEvery=1 ; None CleanReferenceEvery=1 ; None UnloadToAnotherCassette=0 ; Move wafers from Loadport A","-662412"
"C:\job\VCAM Scan All\Setup1\Recipes\TPT\RTP.txt",".txt","18355","2025-02-11 11:03","2026-05-17 11:17","[PostProcess]   ; Zone name Alg = Volume Shape_Violation_USL = 90000 ;  ( The Max bump volume allowed. )  Shape_Violatio","-662413"
"C:\job\VCAM Scan All\Setup1\Recipes\TPT\ScanOverlapLog.txt",".txt","450","2025-02-11 11:10","2026-05-17 11:17","Scan 2d Overlap [px], [um]; Pixel size = 1.693, 1.69 Minimum             :    32,   32,   54,   54 Detection           :","-662407"
"C:\job\VCAM Scan All\Setup1\Recipes\TPT\ScenariosMetadatas.ini",".ini","985","2018-12-11 11:14","2026-05-17 11:17","[General] Version=1 [Scan2d] Id=c3334313-e949-490d-bb88-d72c6d33d968 OpticsId=74a1dbb4-ddd8-46f7-ba71-bf5d6fc29602 Refer","-3908163"
"C:\job\VCAM Scan All\Setup1\Recipes\TPT\UniqueArea.ini",".ini","20","2017-07-24 16:49","2026-05-17 11:17","[General] Count=0 ","-4635028"
"C:\job\VCAM Scan All\Setup1\Recipes\TPT\Wafer2Table_LastKnown.ini",".ini","1122","2017-07-24 16:49","2026-05-17 11:17","[WAFER ALIGNMENT] Wafer2Table_X=          0.9999295194         0.0001177025   -150296.4001458308 Wafer2Table_Y=         ","-4635028"
"C:\job\VCAM Scan All\Setup1\Recipes\TPT\Wafer2Table.ini",".ini","1283","2025-02-11 11:03","2026-05-17 11:17","[WAFER ALIGNMENT] Wafer2Table_X=          0.9999929318        -0.0005088435   -154827.9432705407 Wafer2Table_Y=         ","-662414"
"C:\job\VCAM Scan All\Setup1\Recipes\TPT\WaferDataReadSettings.xml",".xml","195","2022-07-25 10:59","2026-05-17 11:17","<?xml version=""1.0""?> <WaferDataReadSettings xmlns:xsi=""http://www.w3.org/2001/XMLSchema-instance"" xmlns:xsd=""http://www","-2004498"
"C:\job\VCAM Scan All\Setup1\Recipes\TPT\Waferinfo.ini",".ini","393","2025-02-11 11:10","2026-05-17 11:17","[General] hd_cmm=False hd_alignment=True hd_scan=True hd_robot=False hd_verification=True key_userobot=False key_auto=Tr","-662407"
"C:\job\VCAM Scan All\Setup1\Recipes\TPT\WaferMapRecipe.ini",".ini","1260","2025-02-11 11:02","2026-05-17 11:17","[GENERAL] SettingsPolicy=1 FiducialBin=-1 ImportSubPath= UpdateSubPath= ExportInAutoCycle=0 ExportInManualScan=0 AfterEx","-662414"
"C:\job\VCAM Scan All\Setup1\Recipes\TPT\zones.ini",".ini","445","2017-07-25 10:11","2026-05-17 11:17","[General] Version=11 [ALGName] 255=PostProcess 0=Scan Area 1=Dark-3_5um 2=Bright-3_5um 3=Dark-5um 4=Bright-5um 5=Dark-10","-4633986"
"C:\job\VCAM Scan All\Setup1\Recipes\TPT\zones.txt",".txt","530","2017-07-25 10:11","2026-05-17 11:17","ScaleX =    1.0000000000; ScaleY =    1.0000000000   RefID       X        Y  Zone Count      Shape Data       1    478.5","-4633986"
"C:\job\VCAM Scan All\Setup1\Recipes\TPT\ZoneVerifyOptics.ini",".ini","51","2017-07-25 11:44","2026-05-17 11:17","[General] Version=1 UseSetGrabForOnlineVerify=0 ","-4633892"
"C:\job\VCAM Scan All\Setup1\Recipes\TPT\ZoomLevels.ini",".ini","179","2017-07-24 16:48","2026-05-17 11:17","[DIE] Step_X=1247.52066988039 Step_Y=1247.68386561697 [ZOOM_LEVELS] LEVEL_1=1 SaveCompressed=0 LEVEL_2=1 [LEVEL_1] SizeX","-4635029"
"C:\job\VCAM Scan All\Setup1\Recipes\TPT\.dc_cache\TransactionsHistory.ini",".ini","120","2023-03-20 19:13","2026-05-17 11:17","[DeprecatedInV0] Namespace.RuntimeEntities.RecipePartsCollection_Runtime|RecipePartsCollection|CleanReferenceParams=1 ","-1661284"
"C:\job\VCAM Scan All\Setup1\Recipes\TPT\EAGLET_106160\OpticsPreset.ini",".ini","500","2017-07-25 11:44","2026-05-17 11:17","[RobotSetup] Name=106160_12inch_sens.cfg [General] Signature=0 Scan2d-Id=b36d8485-c876-4785-8f70-b9773ca86130 Scan2d-ZPo","-4633892"
"C:\job\VCAM Scan All\Setup1\Recipes\TPT\OpticLightMetadata\config.ini",".ini","1131","2025-02-11 11:10","2026-05-17 11:17","[General] NominalDelta=0.000000000 Exist=0 targetPos_X=10592885482300052375351495947893948261085519603070163260109980132","-662407"
"C:\job\VCAM Scan All\Setup1\Recipes\TPT\ReferenceBackup\ZoomLevels.ini",".ini","179","2017-07-25 11:44","2026-05-17 11:17","[DIE] Step_X=1247.52066988039 Step_Y=1247.68386561697 [ZOOM_LEVELS] LEVEL_1=1 SaveCompressed=0 LEVEL_2=1 [LEVEL_1] SizeX","-4633892"
"C:\job\VCAM Scan All\Setup1\Recipes\TPT\SW_QA-4\OpticsPreset.ini",".ini","68","2023-03-20 19:13","2026-05-17 11:17","[Chuck] CenterX=158610.875 CenterY=138176.140625 CenterZ=-419.6 ","-1661284"
"C:\job\VCAM Scan All\Setup1\Recipes\TPT\TrainData\Die.ini",".ini","1000","2017-07-25 11:44","2026-05-17 11:17","[UNIQUE_PATTERN] Exists=0 [DIE] TrainFileExists=0 Frames_Format=1 Step_X=2107.000000 Step_Y=2096.000000 PixelSize_X=1.68","-4633892"
"C:\job\VCAM Scan All\Setup1\Recipes\TPT\TrainData\DieRefToTrain.txt",".txt","277","2017-07-25 11:44","2026-05-17 11:17","[DieRefToTrainImage] DR_2_TI_X=0.999999994567987 -0.000104230638998617 1251.15701246877 DR_2_TI_Y=0.000104230638998617 0","-4633892"
"C:\job\VCAM Scan All\Setup1\Recipes\TPT\TrainData\FrameToChuck.ini",".ini","160","2017-07-25 11:44","2026-05-17 11:17","[FrameToChuck] F2C_X=          1.6841197289         0.0001321961     -1293.5054783618 F2C_Y=         -0.0001321961      ","-4633892"
"C:\job\VCAM Scan All\Setup1\Recipes\TPT\TrainData\DieImage\DieImageToTable.ini",".ini","302","2017-07-25 11:44","2026-05-17 11:17","[DieImageToTable] I2T_X=1.68378898091718 0.000253474275405115 -1174.61785998963 I2T_Y=-0.000253501224577012 1.6836099809","-4633892"
"C:\job\VCAM Scan All\Setup1\Recipes\TPT\TrainData\DieImage\ZoomLevels.ini",".ini","169","2017-07-25 11:44","2026-05-17 11:17","[ZOOM_LEVELS] LEVEL_1=1 SaveCompressed=0 LEVEL_2=1 LEVEL_4=1 [LEVEL_1] SizeX=3905 SizeY=3824 [LEVEL_2] SizeX=1952 SizeY=","-4633892"
"C:\job\VCAM Scan All\Setup1\Recipes\TPT\WaferAlignData\Alignment_PatFindRtp.txt",".txt","485","2025-02-11 11:03","2026-05-17 11:17"," [11:03:27 02/11/25] Minimum Score           :  97    Minimum Start        :  90    Reduce Delta         :  10 Minimum T","-662414"
"C:\job\VCAM Scan All\Setup1\Recipes\TPT\WaferAlignData\Alignment_PatRes.txt",".txt","2243","2025-02-11 11:03","2026-05-17 11:17"," [11:03:27 02/11/25] ==========================================================================================  #    Co","-662414"
"C:\job\VCAM Scan All\Setup1\Recipes\TPT\WaferAlignData\Alignment_Stat.txt",".txt","1574","2025-02-11 11:03","2026-05-17 11:17","  [11:03:27 02/11/25] ==================================================================================================","-662414"
"C:\job\VCAM Scan All\Setup1\Recipes\TPT\WaferAlignData\AlignmentData.ini",".ini","32","2025-02-11 11:03","2026-05-17 11:17","[General] AlignmentTime=18742 ","-662414"
"C:\job\VCAM Scan All\Setup1\Recipes\TPT\WaferAlignData\AlignmentNotFound_rtp.txt",".txt","485","2025-02-06 15:51","2026-05-17 11:17"," [15:51:29 02/06/25] Minimum Score           :  85    Minimum Start        :  90    Reduce Delta         :  10 Minimum T","-669326"
"C:\job\VCAM Scan All\Setup1\Recipes\TPT\WaferAlignData\AlignmentStatisticsTime.txt",".txt","169","2025-02-11 11:03","2026-05-17 11:17","Alignment Statistics Grabbing Counter=14 Total=4768 Average=340.571442 Moving Counter=14 Total=5482 Average=391.571442 M","-662414"
"C:\job\VCAM Scan All\Setup1\Recipes\TPT\Zones\Bright-10um.ini",".ini","5795","2025-02-11 11:11","2026-05-17 11:17","[General] ZoneName=Bright-10um ZoneID=6 TypeName=Surface AutoTH=0 AutoProbe=0 [Surface] Enable=0 AlgorithmName=Surface C","-662406"
"C:\job\VCAM Scan All\Setup1\Recipes\TPT\Zones\Bright-3_5um.ini",".ini","5797","2025-02-11 11:11","2026-05-17 11:17","[General] ZoneName=Bright-3_5um ZoneID=2 TypeName=Surface AutoTH=0 AutoProbe=0 [Surface] Enable=0 AlgorithmName=Surface ","-662406"
"C:\job\VCAM Scan All\Setup1\Recipes\TPT\Zones\Bright-5um.ini",".ini","5794","2025-02-11 11:11","2026-05-17 11:17","[General] ZoneName=Bright-5um ZoneID=4 TypeName=Surface AutoTH=0 AutoProbe=0 [Surface] Enable=0 AlgorithmName=Surface Cl","-662406"
"C:\job\VCAM Scan All\Setup1\Recipes\TPT\Zones\Dark-10um.ini",".ini","5790","2025-02-11 11:11","2026-05-17 11:17","[General] ZoneName=Dark-10um ZoneID=5 TypeName=Surface AutoTH=0 AutoProbe=0 [Surface] Enable=0 AlgorithmName=Surface Cla","-662406"
"C:\job\VCAM Scan All\Setup1\Recipes\TPT\Zones\Dark-3_5um.ini",".ini","5792","2025-02-11 11:11","2026-05-17 11:17","[General] ZoneName=Dark-3_5um ZoneID=1 TypeName=Surface AutoTH=0 AutoProbe=0 [Surface] Enable=0 AlgorithmName=Surface Cl","-662406"
"C:\job\VCAM Scan All\Setup1\Recipes\TPT\Zones\Dark-5um.ini",".ini","5792","2025-02-11 11:11","2026-05-17 11:17","[General] ZoneName=Dark-5um ZoneID=3 TypeName=Surface AutoTH=0 AutoProbe=0 [Surface] Enable=0 AlgorithmName=Surface Clas","-662406"
"C:\job\VCAM Scan All\Setup1\Recipes\TPT\Zones\PostProcess.ini",".ini","1525","2025-02-11 11:11","2026-05-17 11:17","[General] ZoneName=PostProcess ZoneID=255 TypeName=PostProcess AutoTH=0 AutoProbe=0 [Volume] Enable=0 AlgorithmName=Volu","-662406"
"C:\job\VCAM Scan All\Setup1\Recipes\TPT\Zones\Scan Area.ini",".ini","5793","2025-02-11 11:11","2026-05-17 11:17","[General] ZoneName=Scan Area ZoneID=63 TypeName=Surface AutoTH=0 AutoProbe=0 [Surface] Enable=1 AlgorithmName=Surface Cl","-662406"
"C:\job\VCAM Scan And Grab\Metadata.ini",".ini","97","2025-03-05 16:11","2026-05-17 11:17","[General] name=VCAM Scan And Grab Id=fb440f3d-bcfd-4a16-a2b7-748b199b3d0f Version=1 JobTag= ","-630426"
"C:\job\VCAM Scan And Grab\VcamInstallerGuid.txt",".txt","36","2025-03-18 12:04","2026-05-17 11:17","a768aa22-3050-46d9-b4fc-0521e28c1ac6","-611953"
"C:\job\VCAM Scan And Grab\.audit\manifest.json",".json","411","2026-05-17 11:17","2026-05-17 11:17","{   ""jobName"": ""VCAM Scan And Grab"",   ""auditDbVersion"": ""1"",   ""created"": {     ""machine"": ""AMITA1"",     ""at"": ""2026-05","0"
"C:\job\VCAM Scan And Grab\Setup1\CTWRepeatabilityReport.xml",".xml","457","2020-12-21 12:18","2026-05-17 11:17","<?xml version=""1.0"" encoding=""utf-8""?> <Config xmlns:xsd=""http://www.w3.org/2001/XMLSchema"" xmlns:xsi=""http://www.w3.org","-2841059"
"C:\job\VCAM Scan And Grab\Setup1\DefectsClustering.ini",".ini","236","2022-05-22 16:32","2026-05-17 11:17","[General] Distance=0 SelectedFirstSortingList=Priority SelectedSecondSortingList=Area SelectedFirstSortingListOrder=Asce","-2096325"
"C:\job\VCAM Scan And Grab\Setup1\DieAlignment.dat_block.ini",".ini","117","2025-03-18 11:53","2026-05-17 11:17","[General] IsMultiIndex=0 DieCount=1 [Die_0] Row=0 Col=0 PosX=0.000 PosY=0.000 SizeX=957.000 SizeY=1191.000 ","-611964"
"C:\job\VCAM Scan And Grab\Setup1\Metadata.ini",".ini","108","2025-03-05 16:04","2026-05-17 11:17","[General] name=Setup1 Id=b1e358b8-f095-44c9-9561-e71c8f80a1a5 Version=1 LastActiveRecipe=Repeatability ","-630433"
"C:\job\VCAM Scan And Grab\Setup1\MultiRecipe.ini",".ini","232","2024-02-25 09:56","2026-05-17 11:17","[Scan] Recipes=0,2, recipe_1=,Repeatability,,,,,1 recipe_2=,TPT,,,,,2 SamplingCount=0 SamplingYield=0 MergingThreadCount","-1169361"
"C:\job\VCAM Scan And Grab\Setup1\ProductionInfo.ini",".ini","133","2024-02-25 09:56","2026-05-17 11:17","[General] WaferDefectsCount=0 WaferDefectDiceRatio=0.000 BatchPassWafersCount=0 WaferDefectClassId=0 WaferDefectClassIdC","-1169361"
"C:\job\VCAM Scan And Grab\Setup1\Scripts.ini",".ini","78","2020-12-09 14:26","2026-05-17 11:17","[General] ScriptAfterWaferPath = C:\CamtekProduction\Data\ScriptAfterScan.cmd","-2858211"
"C:\job\VCAM Scan And Grab\Setup1\Recipes\Repeatability\Alignment.ini",".ini","53","2025-03-05 16:06","2026-05-17 11:17","[WAFER ALIGNMENT] CoarseAlignDone=1 Rotate  w2t=0 ","-630431"
"C:\job\VCAM Scan And Grab\Setup1\Recipes\Repeatability\AlignmentData.ini",".ini","731","2022-05-22 16:32","2026-05-17 11:17","[General] MinScore=97 MinTargetScore=0 AlignPointsNum=10 ForceToGMF=0 IsAffineEnabled=1 [Point_0] X=159654.700193 Y=1512","-2096325"
"C:\job\VCAM Scan And Grab\Setup1\Recipes\Repeatability\AlignRTP.ini",".ini","2896","2025-03-18 11:53","2026-05-17 11:17","[DIE_MAPPING] ROI_Size=128 ROI_Offset=0 WaferMap_MinScore=50 _04_DIE_MAPPING=0 [306a7e84-3bae-4443-bedf-ea9321f61841] 30","-611964"
"C:\job\VCAM Scan And Grab\Setup1\Recipes\Repeatability\CleanReferenceFinalParams.ini",".ini","980","2024-02-04 20:03","2026-05-17 11:17","[FramePerSecond] Value=140 [General] Version=2 [CleanRefParams] SizeX=2048 SizeY=2048 minCriteria=-2 maxCriteria=-1 minC","-1198994"
"C:\job\VCAM Scan And Grab\Setup1\Recipes\Repeatability\CreateReference3dOptions.ini",".ini","307","2022-05-22 16:31","2026-05-17 11:17","[General] Version=0 Debug=0 [Registration] ReferenceRegBy=0 BigBlockRowsNumber=1000 YPartitionsNumber=3 MaxErrorPix=5 PS","-2096326"
"C:\job\VCAM Scan And Grab\Setup1\Recipes\Repeatability\DefaultWafer2Table.ini",".ini","1021","2024-02-25 09:26","2026-05-17 11:17","[WAFER ALIGNMENT] Wafer2Table_X=          0.9999577350         0.0053674849   -153582.0178077489 Wafer2Table_Y=         ","-1169391"
"C:\job\VCAM Scan And Grab\Setup1\Recipes\Repeatability\DieAlignment.dat_block.ini",".ini","129","2017-07-24 16:51","2026-05-17 11:17","[General] IsMultiIndex=0 DieCount=1 [Die_0] Row=0 Col=0 PosX=0.000000 PosY=0.000000 SizeX=957.000000 SizeY=1191.000000 ","-4635025"
"C:\job\VCAM Scan And Grab\Setup1\Recipes\Repeatability\ExternalCoordSystems.ini",".ini","33","2017-07-24 17:26","2026-05-17 11:17","[ExternalCoordSystems] Count=0 ","-4634991"
"C:\job\VCAM Scan And Grab\Setup1\Recipes\Repeatability\GlobalRTP.ini",".ini","2749","2022-05-22 17:19","2026-05-17 11:17","[GLOBAL_RTP] AdaptiveHistogram=0 AdaptiveHistogramByDieSegments=1 AdaptiveHistogramMinPixelCount=32 AreaForReduceFaults=","-2096278"
"C:\job\VCAM Scan And Grab\Setup1\Recipes\Repeatability\Job.dat",".dat","1864","2017-12-03 22:33","2026-05-17 11:17","  =*[��G��#�>��� Repeatability 3�2Surface0���������8 (C y $1c1ab1fa-0699-45d5-bdeb-0552261bd443Q�$  ","-4444604"
"C:\job\VCAM Scan And Grab\Setup1\Recipes\Repeatability\JobIllumLimits.ini",".ini","182","2018-12-10 22:30","2026-05-17 11:17","[EAGLET_106249] IllumCalibDate=2018-03-18 14:37:27 ForcedSkipToDate=2018-03-20 15:12:21 [EAGLET_106384] IllumCalibDate=2","-3908927"
"C:\job\VCAM Scan And Grab\Setup1\Recipes\Repeatability\Metadata.ini",".ini","158","2024-02-25 09:30","2026-05-17 11:17","[General] name=Repeatability Id=8b34fbba-c33b-4d14-86cf-09690b26a992 Version=0 [GeneralOnlineVerificationParams] UseSetG","-1169386"
"C:\job\VCAM Scan And Grab\Setup1\Recipes\Repeatability\OpticPreset.ini",".ini","3288","2024-02-25 09:30","2026-05-17 11:17","[General] Signature=1 [Scan2d] Id=2b77bbc9-77c1-4019-bddd-5a13dbb33ef4 FocusPosAboveChuck=809.988337887835 Mag=5 CameraN","-1169387"
"C:\job\VCAM Scan And Grab\Setup1\Recipes\Repeatability\OpticToVCamStorage.json",".json","360","2025-03-18 11:53","2026-05-17 11:17","[   {     ""OpticId"": ""3259d894-0b5e-4b4c-9d2c-09a857ca8b81"",     ""Scenario"": ""Scan"",     ""IsAutoFocus"": false,     ""Stor","-611963"
"C:\job\VCAM Scan And Grab\Setup1\Recipes\Repeatability\ProductInfo.ini",".ini","3249","2025-03-18 11:53","2026-05-17 11:17","[General] GainOffsetMode=0 Reference_EdgeUncert=0 WaferTypeId=Patterned OCRWaferIDMask=II OCRWaferIDCtrlCharsMask= OCRCh","-611964"
"C:\job\VCAM Scan And Grab\Setup1\Recipes\Repeatability\Recipe.ini",".ini","2544","2025-03-05 16:12","2026-05-17 11:17","[AutoCycle] AutoFocusEvery=1 ; None CleanReferenceEvery=1 ; None UnloadToAnotherCassette=0 ; Move wafers from Loadport A","-630425"
"C:\job\VCAM Scan And Grab\Setup1\Recipes\Repeatability\RTP.txt",".txt","18342","2022-05-22 17:19","2026-05-17 11:17","[PostProcess]   ; Zone name Alg = Volume Shape_Violation_USL = 90000 ;  ( The Max bump volume allowed. )  Shape_Violatio","-2096278"
"C:\job\VCAM Scan And Grab\Setup1\Recipes\Repeatability\ScanOverlapLog.txt",".txt","450","2025-03-18 11:53","2026-05-17 11:17","Scan 2d Overlap [px], [um]; Pixel size = 1.693, 1.69 Minimum             :    32,   32,   54,   54 Detection           :","-611964"
"C:\job\VCAM Scan And Grab\Setup1\Recipes\Repeatability\ScenarioMetadataGrab.xml",".xml","1117","2024-02-25 09:30","2026-05-17 11:17","<MultiOpticsScenarioGrabConfiguration VersionNumber=""2.0"">   <ScenarioGrab Id=""ec72be0a-8d27-4e9a-9c2d-17dc8334987e"" Nam","-1169386"
"C:\job\VCAM Scan And Grab\Setup1\Recipes\Repeatability\ScenariosMetadatas.ini",".ini","1106","2024-02-25 09:25","2026-05-17 11:17","[General] Version=1 [Scan2d] Id=4b00a21d-d12b-46ac-88e7-085ba3c125ec OpticsId=3259d894-0b5e-4b4c-9d2c-09a857ca8b81 Refer","-1169392"
"C:\job\VCAM Scan And Grab\Setup1\Recipes\Repeatability\UniqueArea.ini",".ini","20","2017-07-24 16:49","2026-05-17 11:17","[General] Count=0 ","-4635028"
"C:\job\VCAM Scan And Grab\Setup1\Recipes\Repeatability\Wafer2Table_LastKnown.ini",".ini","1120","2017-08-16 10:58","2026-05-17 11:17","[WAFER ALIGNMENT] Wafer2Table_X=          1.0000000000         0.0000000000   -156935.0399285386 Wafer2Table_Y=         ","-4602258"
"C:\job\VCAM Scan And Grab\Setup1\Recipes\Repeatability\Wafer2Table.ini",".ini","1289","2025-03-18 11:53","2026-05-17 11:17","[WAFER ALIGNMENT] Wafer2Table_X=          1.0000137100        -0.0007891343   -152711.0791502816 Wafer2Table_Y=         ","-611964"
"C:\job\VCAM Scan And Grab\Setup1\Recipes\Repeatability\WaferDataReadSettings.xml",".xml","195","2022-07-06 20:43","2026-05-17 11:17","<?xml version=""1.0""?> <WaferDataReadSettings xmlns:xsi=""http://www.w3.org/2001/XMLSchema-instance"" xmlns:xsd=""http://www","-2031274"
"C:\job\VCAM Scan And Grab\Setup1\Recipes\Repeatability\Waferinfo.ini",".ini","484","2025-03-18 11:52","2026-05-17 11:17","[General] hd_cmm=False hd_alignment=True hd_scan=True hd_robot=False hd_verification=True key_userobot=False key_auto=Tr","-611964"
"C:\job\VCAM Scan And Grab\Setup1\Recipes\Repeatability\WaferMapRecipe.ini",".ini","1264","2025-03-05 16:10","2026-05-17 11:17","[GENERAL] SettingsPolicy=0 FiducialBin=-1 ImportSubPath= UpdateSubPath= ExportInAutoCycle=0 ExportInManualScan=0 AfterEx","-630427"
"C:\job\VCAM Scan And Grab\Setup1\Recipes\Repeatability\zones.ini",".ini","513","2024-02-25 09:27","2026-05-17 11:17","[General] Version=11 [ALGName] 255=PostProcess 0=Scan Area 1=Dark-3_5um 2=Bright-3_5um 3=Dark-5um 4=Bright-5um 5=Dark-10","-1169390"
"C:\job\VCAM Scan And Grab\Setup1\Recipes\Repeatability\zones.txt",".txt","530","2024-02-25 09:27","2026-05-17 11:17","ScaleX =    1.0000000000; ScaleY =    1.0000000000   RefID       X        Y  Zone Count      Shape Data       1    478.5","-1169390"
"C:\job\VCAM Scan And Grab\Setup1\Recipes\Repeatability\ZoneVerifyOptics.ini",".ini","51","2017-07-25 11:44","2026-05-17 11:17","[General] Version=1 UseSetGrabForOnlineVerify=0 ","-4633893"
"C:\job\VCAM Scan And Grab\Setup1\Recipes\Repeatability\ZoomLevels.ini",".ini","179","2017-07-25 11:44","2026-05-17 11:17","[DIE] Step_X=1247.52066988039 Step_Y=1247.68386561697 [ZOOM_LEVELS] LEVEL_1=1 SaveCompressed=0 LEVEL_2=1 [LEVEL_1] SizeX","-4633893"
"C:\job\VCAM Scan And Grab\Setup1\Recipes\Repeatability\.dc_cache\TransactionsHistory.ini",".ini","366","2024-02-25 09:30","2026-05-17 11:17","[DeprecatedInV0] Namespace.RuntimeEntities.RecipePartsCollection_Runtime|RecipePartsCollection|CleanReferenceParams=1 Na","-1169386"
"C:\job\VCAM Scan And Grab\Setup1\Recipes\Repeatability\EAGLET_106160\OpticsPreset.ini",".ini","500","2017-07-25 11:44","2026-05-17 11:17","[RobotSetup] Name=106160_12inch_sens.cfg [General] Signature=0 Scan2d-Id=36d0b0c9-e250-4577-b197-ac9c8bbdd436 Scan2d-ZPo","-4633893"
"C:\job\VCAM Scan And Grab\Setup1\Recipes\Repeatability\FocusMapping\FocusMapping.ini",".ini","2027","2025-03-05 16:06","2026-05-17 11:17","[Mode] AutoFocusRange=100 CreateSurfaceScore=Good MinMatchModelScore=Good DurationOfOneSite=3 NumOfDiceToScan=15 Resolut","-630431"
"C:\job\VCAM Scan And Grab\Setup1\Recipes\Repeatability\OpticLightMetadata\config.ini",".ini","292","2025-03-18 11:53","2026-05-17 11:17","[General] NominalDelta=0.000000000 Exist=0 targetPos_X=0.000000000 targetPos_Y=0.000000000 minY=0.000000000 minX=0.00000","-611964"
"C:\job\VCAM Scan And Grab\Setup1\Recipes\Repeatability\ReferenceBackup\ZoomLevels.ini",".ini","179","2017-07-25 11:44","2026-05-17 11:17","[DIE] Step_X=1247.52066988039 Step_Y=1247.68386561697 [ZOOM_LEVELS] LEVEL_1=1 SaveCompressed=0 LEVEL_2=1 [LEVEL_1] SizeX","-4633893"
"C:\job\VCAM Scan And Grab\Setup1\Recipes\Repeatability\TrainData\Die.ini",".ini","1029","2024-02-04 20:03","2026-05-17 11:17","[UNIQUE_PATTERN] Exists=0 [DIE] TrainFileExists=0 Frames_Format=1 Step_X=2107.000000 Step_Y=2096.000000 PixelSize_X=1.68","-1198993"
"C:\job\VCAM Scan And Grab\Setup1\Recipes\Repeatability\TrainData\DieRefToTrain.txt",".txt","277","2017-07-25 11:44","2026-05-17 11:17","[DieRefToTrainImage] DR_2_TI_X=0.999999994567987 -0.000104230638998617 1251.15701246877 DR_2_TI_Y=0.000104230638998617 0","-4633893"
"C:\job\VCAM Scan And Grab\Setup1\Recipes\Repeatability\TrainData\FrameToChuck.ini",".ini","160","2017-07-25 11:44","2026-05-17 11:17","[FrameToChuck] F2C_X=          1.6841197289         0.0001321961     -1293.5054783618 F2C_Y=         -0.0001321961      ","-4633893"
"C:\job\VCAM Scan And Grab\Setup1\Recipes\Repeatability\TrainData\ZonesVectorInfo.csv",".csv","464","2024-02-25 09:27","2026-05-17 11:17","ID,zone,X,Y,SizeX,SizeY,ShapeType,Angle,Is3d 15,Dark-3_5um,707.19138,727.31952,13.4703119999999,13.46888,1,0,0 1,Bright-","-1169390"
"C:\job\VCAM Scan And Grab\Setup1\Recipes\Repeatability\TrainData\DieImage\DieImageToTable.ini",".ini","302","2017-07-25 11:44","2026-05-17 11:17","[DieImageToTable] I2T_X=1.68378898091718 0.000253474275405115 -1174.61785998963 I2T_Y=-0.000253501224577012 1.6836099809","-4633893"
"C:\job\VCAM Scan And Grab\Setup1\Recipes\Repeatability\TrainData\DieImage\ZoomLevels.ini",".ini","169","2017-07-25 11:44","2026-05-17 11:17","[ZOOM_LEVELS] LEVEL_1=1 SaveCompressed=0 LEVEL_2=1 LEVEL_4=1 [LEVEL_1] SizeX=3905 SizeY=3824 [LEVEL_2] SizeX=1952 SizeY=","-4633893"
"C:\job\VCAM Scan And Grab\Setup1\Recipes\Repeatability\WaferAlignData\Alignment_PatFindRtp.txt",".txt","485","2025-03-18 11:53","2026-05-17 11:17"," [11:53:10 03/18/25] Minimum Score           :  97    Minimum Start        :  90    Reduce Delta         :  10 Minimum T","-611964"
"C:\job\VCAM Scan And Grab\Setup1\Recipes\Repeatability\WaferAlignData\Alignment_PatRes.txt",".txt","2243","2025-03-18 11:53","2026-05-17 11:17"," [11:53:10 03/18/25] ==========================================================================================  #    Co","-611964"
"C:\job\VCAM Scan And Grab\Setup1\Recipes\Repeatability\WaferAlignData\Alignment_Stat.txt",".txt","1574","2025-03-18 11:53","2026-05-17 11:17","  [11:53:10 03/18/25] ==================================================================================================","-611964"
"C:\job\VCAM Scan And Grab\Setup1\Recipes\Repeatability\WaferAlignData\AlignmentData.ini",".ini","32","2025-03-18 11:53","2026-05-17 11:17","[General] AlignmentTime=12885 ","-611964"
"C:\job\VCAM Scan And Grab\Setup1\Recipes\Repeatability\WaferAlignData\AlignmentStatisticsTime.txt",".txt","169","2025-03-18 11:53","2026-05-17 11:17","Alignment Statistics Grabbing Counter=14 Total=4546 Average=324.714294 Moving Counter=14 Total=5455 Average=389.642853 M","-611964"
"C:\job\VCAM Scan And Grab\Setup1\Recipes\Repeatability\Zones\Bright-10um.ini",".ini","5687","2025-02-11 11:03","2026-05-17 11:17","[General] ZoneName=Bright-10um ZoneID=6 TypeName=Surface AutoTH=0 AutoProbe=0 [Surface] Enable=1 AlgorithmName=Surface C","-662414"
"C:\job\VCAM Scan And Grab\Setup1\Recipes\Repeatability\Zones\Bright-3_5um.ini",".ini","5689","2025-02-11 11:03","2026-05-17 11:17","[General] ZoneName=Bright-3_5um ZoneID=2 TypeName=Surface AutoTH=0 AutoProbe=0 [Surface] Enable=1 AlgorithmName=Surface ","-662414"
"C:\job\VCAM Scan And Grab\Setup1\Recipes\Repeatability\Zones\Bright-5um.ini",".ini","5686","2025-02-11 11:03","2026-05-17 11:17","[General] ZoneName=Bright-5um ZoneID=4 TypeName=Surface AutoTH=0 AutoProbe=0 [Surface] Enable=1 AlgorithmName=Surface Cl","-662414"
"C:\job\VCAM Scan And Grab\Setup1\Recipes\Repeatability\Zones\Dark-10um.ini",".ini","5682","2025-02-11 11:03","2026-05-17 11:17","[General] ZoneName=Dark-10um ZoneID=5 TypeName=Surface AutoTH=0 AutoProbe=0 [Surface] Enable=1 AlgorithmName=Surface Cla","-662414"
"C:\job\VCAM Scan And Grab\Setup1\Recipes\Repeatability\Zones\Dark-3_5um.ini",".ini","5684","2025-02-11 11:03","2026-05-17 11:17","[General] ZoneName=Dark-3_5um ZoneID=1 TypeName=Surface AutoTH=0 AutoProbe=0 [Surface] Enable=1 AlgorithmName=Surface Cl","-662414"
"C:\job\VCAM Scan And Grab\Setup1\Recipes\Repeatability\Zones\Dark-5um.ini",".ini","5684","2025-02-11 11:03","2026-05-17 11:17","[General] ZoneName=Dark-5um ZoneID=3 TypeName=Surface AutoTH=0 AutoProbe=0 [Surface] Enable=1 AlgorithmName=Surface Clas","-662414"
"C:\job\VCAM Scan And Grab\Setup1\Recipes\Repeatability\Zones\PostProcess.ini",".ini","1813","2025-02-11 11:03","2026-05-17 11:17","[General] ZoneName=PostProcess ZoneID=255 TypeName=PostProcess AutoTH=0 AutoProbe=0 [Volume] Enable=0 AlgorithmName=Volu","-662414"
"C:\job\VCAM Scan And Grab\Setup1\Recipes\Repeatability\Zones\Scan Area.ini",".ini","5670","2025-02-11 11:03","2026-05-17 11:17","[General] ZoneName=Scan Area ZoneID=63 TypeName=Surface AutoTH=0 AutoProbe=0 [Surface] Enable=0 AlgorithmName=Surface Cl","-662414"
"C:\job\VCAM Scan And Grab\Setup1\Recipes\Repeatability DIMA\Alignment.ini",".ini","53","2024-02-25 09:24","2026-05-17 11:17","[WAFER ALIGNMENT] CoarseAlignDone=0 Rotate  w2t=0 ","-1169393"
"C:\job\VCAM Scan And Grab\Setup1\Recipes\Repeatability DIMA\AlignmentData.ini",".ini","731","2022-05-22 16:32","2026-05-17 11:17","[General] MinScore=97 MinTargetScore=0 AlignPointsNum=10 ForceToGMF=0 IsAffineEnabled=1 [Point_0] X=159654.700193 Y=1512","-2096325"
"C:\job\VCAM Scan And Grab\Setup1\Recipes\Repeatability DIMA\AlignRTP.ini",".ini","2822","2024-02-25 10:00","2026-05-17 11:17","[DIE_MAPPING] ROI_Size=128 ROI_Offset=0 WaferMap_MinScore=50 _04_DIE_MAPPING=0 [306a7e84-3bae-4443-bedf-ea9321f61841] 30","-1169357"
"C:\job\VCAM Scan And Grab\Setup1\Recipes\Repeatability DIMA\CleanReferenceFinalParams.ini",".ini","980","2024-02-04 20:03","2026-05-17 11:17","[FramePerSecond] Value=140 [General] Version=2 [CleanRefParams] SizeX=2048 SizeY=2048 minCriteria=-2 maxCriteria=-1 minC","-1198994"
"C:\job\VCAM Scan And Grab\Setup1\Recipes\Repeatability DIMA\CreateReference3dOptions.ini",".ini","307","2022-05-22 16:31","2026-05-17 11:17","[General] Version=0 Debug=0 [Registration] ReferenceRegBy=0 BigBlockRowsNumber=1000 YPartitionsNumber=3 MaxErrorPix=5 PS","-2096326"
"C:\job\VCAM Scan And Grab\Setup1\Recipes\Repeatability DIMA\DefaultWafer2Table.ini",".ini","1021","2024-02-25 09:26","2026-05-17 11:17","[WAFER ALIGNMENT] Wafer2Table_X=          0.9999577350         0.0053674849   -153582.0178077489 Wafer2Table_Y=         ","-1169391"
"C:\job\VCAM Scan And Grab\Setup1\Recipes\Repeatability DIMA\DieAlignment.dat_block.ini",".ini","129","2017-07-24 16:51","2026-05-17 11:17","[General] IsMultiIndex=0 DieCount=1 [Die_0] Row=0 Col=0 PosX=0.000000 PosY=0.000000 SizeX=957.000000 SizeY=1191.000000 ","-4635026"
"C:\job\VCAM Scan And Grab\Setup1\Recipes\Repeatability DIMA\ExternalCoordSystems.ini",".ini","33","2017-07-24 17:26","2026-05-17 11:17","[ExternalCoordSystems] Count=0 ","-4634991"
"C:\job\VCAM Scan And Grab\Setup1\Recipes\Repeatability DIMA\GlobalRTP.ini",".ini","3051","2024-02-25 09:57","2026-05-17 11:17","[GLOBAL_RTP] AdaptiveHistogram=0 AdaptiveHistogramByDieSegments=1 AdaptiveHistogramMinPixelCount=32 AreaForReduceFaults=","-1169359"
"C:\job\VCAM Scan And Grab\Setup1\Recipes\Repeatability DIMA\Job.dat",".dat","1864","2017-12-03 22:33","2026-05-17 11:17","  =*[��G��#�>��� Repeatability 3�2Surface0���������8 (C y $1c1ab1fa-0699-45d5-bdeb-0552261bd443Q�$  ","-4444604"
"C:\job\VCAM Scan And Grab\Setup1\Recipes\Repeatability DIMA\JobIllumLimits.ini",".ini","182","2018-12-10 22:30","2026-05-17 11:17","[EAGLET_106249] IllumCalibDate=2018-03-18 14:37:27 ForcedSkipToDate=2018-03-20 15:12:21 [EAGLET_106384] IllumCalibDate=2","-3908927"
"C:\job\VCAM Scan And Grab\Setup1\Recipes\Repeatability DIMA\Metadata.ini",".ini","158","2024-02-25 09:30","2026-05-17 11:17","[General] name=Repeatability Id=8b34fbba-c33b-4d14-86cf-09690b26a992 Version=0 [GeneralOnlineVerificationParams] UseSetG","-1169386"
"C:\job\VCAM Scan And Grab\Setup1\Recipes\Repeatability DIMA\OpticPreset.ini",".ini","3288","2024-02-25 09:30","2026-05-17 11:17","[General] Signature=1 [Scan2d] Id=2b77bbc9-77c1-4019-bddd-5a13dbb33ef4 FocusPosAboveChuck=809.988337887835 Mag=5 CameraN","-1169387"
"C:\job\VCAM Scan And Grab\Setup1\Recipes\Repeatability DIMA\ProductInfo.ini",".ini","3204","2024-03-05 14:18","2026-05-17 11:17","[General] GainOffsetMode=0 Reference_EdgeUncert=0 WaferTypeId=Patterned OCRWaferIDMask=II OCRWaferIDCtrlCharsMask= OCRCh","-1156139"
"C:\job\VCAM Scan And Grab\Setup1\Recipes\Repeatability DIMA\Recipe.ini",".ini","3976","2024-02-25 10:00","2026-05-17 11:17","[AutoCycle] AutoFocusEvery=1 ; None CleanReferenceEvery=1 ; None UnloadToAnotherCassette=0 ; Move wafers from Loadport A","-1169356"
"C:\job\VCAM Scan And Grab\Setup1\Recipes\Repeatability DIMA\RTP.txt",".txt","11460","2024-02-25 09:57","2026-05-17 11:17","[PostProcess]   ; Zone name Alg = Volume Shape_Violation_USL = 90000 ;  ( The Max bump volume allowed. )  Shape_Violatio","-1169359"
"C:\job\VCAM Scan And Grab\Setup1\Recipes\Repeatability DIMA\ScanOverlapLog.txt",".txt","450","2024-02-25 10:00","2026-05-17 11:17","Scan 2d Overlap [px], [um]; Pixel size = 1.693, 1.69 Minimum             :    32,   32,   54,   54 Detection           :","-1169357"
"C:\job\VCAM Scan And Grab\Setup1\Recipes\Repeatability DIMA\ScenarioMetadataGrab.xml",".xml","1117","2024-02-25 09:30","2026-05-17 11:17","<MultiOpticsScenarioGrabConfiguration VersionNumber=""2.0"">   <ScenarioGrab Id=""ec72be0a-8d27-4e9a-9c2d-17dc8334987e"" Nam","-1169386"
"C:\job\VCAM Scan And Grab\Setup1\Recipes\Repeatability DIMA\ScenariosMetadatas.ini",".ini","1106","2024-02-25 09:25","2026-05-17 11:17","[General] Version=1 [Scan2d] Id=4b00a21d-d12b-46ac-88e7-085ba3c125ec OpticsId=3259d894-0b5e-4b4c-9d2c-09a857ca8b81 Refer","-1169392"
"C:\job\VCAM Scan And Grab\Setup1\Recipes\Repeatability DIMA\UniqueArea.ini",".ini","20","2017-07-24 16:49","2026-05-17 11:17","[General] Count=0 ","-4635028"
"C:\job\VCAM Scan And Grab\Setup1\Recipes\Repeatability DIMA\Wafer2Table_LastKnown.ini",".ini","1120","2017-08-16 10:58","2026-05-17 11:17","[WAFER ALIGNMENT] Wafer2Table_X=          1.0000000000         0.0000000000   -156935.0399285386 Wafer2Table_Y=         ","-4602258"
"C:\job\VCAM Scan And Grab\Setup1\Recipes\Repeatability DIMA\Wafer2Table.ini",".ini","1021","2024-02-25 09:26","2026-05-17 11:17","[WAFER ALIGNMENT] Wafer2Table_X=          0.9999577350         0.0053674849   -153582.0178077489 Wafer2Table_Y=         ","-1169391"
"C:\job\VCAM Scan And Grab\Setup1\Recipes\Repeatability DIMA\WaferDataReadSettings.xml",".xml","195","2022-07-06 20:43","2026-05-17 11:17","<?xml version=""1.0""?> <WaferDataReadSettings xmlns:xsi=""http://www.w3.org/2001/XMLSchema-instance"" xmlns:xsd=""http://www","-2031274"
"C:\job\VCAM Scan And Grab\Setup1\Recipes\Repeatability DIMA\Waferinfo.ini",".ini","459","2024-02-25 10:00","2026-05-17 11:17","[General] hd_cmm=False hd_alignment=True hd_scan=True hd_robot=False hd_verification=True key_userobot=False key_auto=Tr","-1169357"
"C:\job\VCAM Scan And Grab\Setup1\Recipes\Repeatability DIMA\WaferMapRecipe.ini",".ini","1260","2025-02-11 11:02","2026-05-17 11:17","[GENERAL] SettingsPolicy=1 FiducialBin=-1 ImportSubPath= UpdateSubPath= ExportInAutoCycle=0 ExportInManualScan=0 AfterEx","-662414"
"C:\job\VCAM Scan And Grab\Setup1\Recipes\Repeatability DIMA\zones.ini",".ini","361","2024-02-25 09:57","2026-05-17 11:17","[General] Version=11 [ALGName] 255=PostProcess 0=Scan Area 1=Dark-3_5um 2=Bright-3_5um 3=Dark-5um [ALG] 255=PostProcess ","-1169360"
"C:\job\VCAM Scan And Grab\Setup1\Recipes\Repeatability DIMA\zones.txt",".txt","350","2024-02-25 09:57","2026-05-17 11:17","ScaleX =    1.0000000000; ScaleY =    1.0000000000   RefID       X        Y  Zone Count      Shape Data       1    478.5","-1169360"
"C:\job\VCAM Scan And Grab\Setup1\Recipes\Repeatability DIMA\ZoneVerifyOptics.ini",".ini","51","2024-02-25 09:57","2026-05-17 11:17","[General] Version=1 UseSetGrabForOnlineVerify=0 ","-1169360"
"C:\job\VCAM Scan And Grab\Setup1\Recipes\Repeatability DIMA\ZoomLevels.ini",".ini","179","2017-07-25 11:44","2026-05-17 11:17","[DIE] Step_X=1247.52066988039 Step_Y=1247.68386561697 [ZOOM_LEVELS] LEVEL_1=1 SaveCompressed=0 LEVEL_2=1 [LEVEL_1] SizeX","-4633893"
"C:\job\VCAM Scan And Grab\Setup1\Recipes\Repeatability DIMA\.dc_cache\TransactionsHistory.ini",".ini","366","2024-02-25 09:30","2026-05-17 11:17","[DeprecatedInV0] Namespace.RuntimeEntities.RecipePartsCollection_Runtime|RecipePartsCollection|CleanReferenceParams=1 Na","-1169386"
"C:\job\VCAM Scan And Grab\Setup1\Recipes\Repeatability DIMA\EAGLET_106160\OpticsPreset.ini",".ini","500","2017-07-25 11:44","2026-05-17 11:17","[RobotSetup] Name=106160_12inch_sens.cfg [General] Signature=0 Scan2d-Id=36d0b0c9-e250-4577-b197-ac9c8bbdd436 Scan2d-ZPo","-4633893"
"C:\job\VCAM Scan And Grab\Setup1\Recipes\Repeatability DIMA\FocusMapping\FocusMapping.ini",".ini","1928","2024-02-25 09:31","2026-05-17 11:17","[Mode] AutoFocusRange=100 CreateSurfaceScore=Good MinMatchModelScore=Good DurationOfOneSite=3 NumOfDiceToScan=15 Resolut","-1169386"
"C:\job\VCAM Scan And Grab\Setup1\Recipes\Repeatability DIMA\OpticLightMetadata\config.ini",".ini","259","2024-02-25 10:00","2026-05-17 11:17","[General] NominalDelta=0.000000 Exist=0 targetPos_X=0.000000 targetPos_Y=0.000000 minY=0.000000 minX=0.000000 maxY=0.000","-1169357"
"C:\job\VCAM Scan And Grab\Setup1\Recipes\Repeatability DIMA\ReferenceBackup\ZoomLevels.ini",".ini","179","2017-07-25 11:44","2026-05-17 11:17","[DIE] Step_X=1247.52066988039 Step_Y=1247.68386561697 [ZOOM_LEVELS] LEVEL_1=1 SaveCompressed=0 LEVEL_2=1 [LEVEL_1] SizeX","-4633893"
"C:\job\VCAM Scan And Grab\Setup1\Recipes\Repeatability DIMA\TrainData\Die.ini",".ini","1029","2024-02-04 20:03","2026-05-17 11:17","[UNIQUE_PATTERN] Exists=0 [DIE] TrainFileExists=0 Frames_Format=1 Step_X=2107.000000 Step_Y=2096.000000 PixelSize_X=1.68","-1198994"
"C:\job\VCAM Scan And Grab\Setup1\Recipes\Repeatability DIMA\TrainData\DieRefToTrain.txt",".txt","277","2017-07-25 11:44","2026-05-17 11:17","[DieRefToTrainImage] DR_2_TI_X=0.999999994567987 -0.000104230638998617 1251.15701246877 DR_2_TI_Y=0.000104230638998617 0","-4633893"
"C:\job\VCAM Scan And Grab\Setup1\Recipes\Repeatability DIMA\TrainData\FrameToChuck.ini",".ini","160","2017-07-25 11:44","2026-05-17 11:17","[FrameToChuck] F2C_X=          1.6841197289         0.0001321961     -1293.5054783618 F2C_Y=         -0.0001321961      ","-4633893"
"C:\job\VCAM Scan And Grab\Setup1\Recipes\Repeatability DIMA\TrainData\ZonesVectorInfo.csv",".csv","252","2024-02-25 09:57","2026-05-17 11:17","ID,zone,X,Y,SizeX,SizeY,ShapeType,Angle,Is3d 15,Dark-3_5um,707.19138,727.31952,13.4703119999999,13.46888,1,0,0 1,Bright-","-1169360"
"C:\job\VCAM Scan And Grab\Setup1\Recipes\Repeatability DIMA\TrainData\DieImage\DieImageToTable.ini",".ini","302","2017-07-25 11:44","2026-05-17 11:17","[DieImageToTable] I2T_X=1.68378898091718 0.000253474275405115 -1174.61785998963 I2T_Y=-0.000253501224577012 1.6836099809","-4633893"
"C:\job\VCAM Scan And Grab\Setup1\Recipes\Repeatability DIMA\TrainData\DieImage\ZoomLevels.ini",".ini","169","2017-07-25 11:44","2026-05-17 11:17","[ZOOM_LEVELS] LEVEL_1=1 SaveCompressed=0 LEVEL_2=1 LEVEL_4=1 [LEVEL_1] SizeX=3905 SizeY=3824 [LEVEL_2] SizeX=1952 SizeY=","-4633893"
"C:\job\VCAM Scan And Grab\Setup1\Recipes\Repeatability DIMA\WaferAlignData\Alignment_PatFindRtp.txt",".txt","485","2024-02-25 09:25","2026-05-17 11:17"," [09:25:25 02/25/24] Minimum Score           :  97    Minimum Start        :  90    Reduce Delta         :  10 Minimum T","-1169392"
"C:\job\VCAM Scan And Grab\Setup1\Recipes\Repeatability DIMA\WaferAlignData\Alignment_PatRes.txt",".txt","1813","2024-02-25 09:25","2026-05-17 11:17"," [09:25:25 02/25/24] ==========================================================================================  #    Co","-1169392"
"C:\job\VCAM Scan And Grab\Setup1\Recipes\Repeatability DIMA\WaferAlignData\Alignment_Stat.txt",".txt","426","2024-02-25 09:25","2026-05-17 11:17","  [09:25:25 02/25/24] ==================================================================================================","-1169392"
"C:\job\VCAM Scan And Grab\Setup1\Recipes\Repeatability DIMA\WaferAlignData\AlignmentStatisticsTime.txt",".txt","171","2024-02-25 09:25","2026-05-17 11:17","Alignment Statistics Grabbing Counter=10 Total=1984 Average=198.399994 Moving Counter=10 Total=2795 Average=279.500000 M","-1169392"
"C:\job\VCAM Scan And Grab\Setup1\Recipes\Repeatability DIMA\WaferAlignData\WaferManualAlign_PatFindRtp.txt",".txt","485","2024-02-25 09:26","2026-05-17 11:17"," [09:26:01 02/25/24] Minimum Score           :  97    Minimum Start        :  90    Reduce Delta         :  10 Minimum T","-1169391"
"C:\job\VCAM Scan And Grab\Setup1\Recipes\Repeatability DIMA\WaferAlignData\WaferManualAlign_PatRes.txt",".txt","1302","2024-02-25 09:26","2026-05-17 11:17"," [09:26:01 02/25/24] ==========================================================================================  #    Co","-1169391"
"C:\job\VCAM Scan And Grab\Setup1\Recipes\Repeatability DIMA\WaferAlignData\WaferManualAlign_Stat.txt",".txt","1274","2024-02-25 09:26","2026-05-17 11:17","  [09:26:01 02/25/24] ==================================================================================================","-1169391"
"C:\job\VCAM Scan And Grab\Setup1\Recipes\Repeatability DIMA\Zones\Bright-3_5um.ini",".ini","5689","2025-02-11 11:03","2026-05-17 11:17","[General] ZoneName=Bright-3_5um ZoneID=2 TypeName=Surface AutoTH=0 AutoProbe=0 [Surface] Enable=0 AlgorithmName=Surface ","-662414"
"C:\job\VCAM Scan And Grab\Setup1\Recipes\Repeatability DIMA\Zones\Dark-3_5um.ini",".ini","5684","2025-02-11 11:03","2026-05-17 11:17","[General] ZoneName=Dark-3_5um ZoneID=1 TypeName=Surface AutoTH=0 AutoProbe=0 [Surface] Enable=0 AlgorithmName=Surface Cl","-662414"
"C:\job\VCAM Scan And Grab\Setup1\Recipes\Repeatability DIMA\Zones\Dark-5um.ini",".ini","5684","2025-02-11 11:03","2026-05-17 11:17","[General] ZoneName=Dark-5um ZoneID=3 TypeName=Surface AutoTH=0 AutoProbe=0 [Surface] Enable=1 AlgorithmName=Surface Clas","-662414"
"C:\job\VCAM Scan And Grab\Setup1\Recipes\Repeatability DIMA\Zones\PostProcess.ini",".ini","1813","2025-02-11 11:03","2026-05-17 11:17","[General] ZoneName=PostProcess ZoneID=255 TypeName=PostProcess AutoTH=0 AutoProbe=0 [Volume] Enable=0 AlgorithmName=Volu","-662414"
"C:\job\VCAM Scan And Grab\Setup1\Recipes\Repeatability DIMA\Zones\Scan Area.ini",".ini","5670","2025-02-11 11:03","2026-05-17 11:17","[General] ZoneName=Scan Area ZoneID=63 TypeName=Surface AutoTH=0 AutoProbe=0 [Surface] Enable=0 AlgorithmName=Surface Cl","-662414"
"C:\job\VCAM Scan And Grab\Setup1\Recipes\TPT\Alignment.ini",".ini","38","2017-07-25 10:06","2026-05-17 11:17","[WAFER ALIGNMENT] CoarseAlignDone=1 ","-4633991"
"C:\job\VCAM Scan And Grab\Setup1\Recipes\TPT\AlignmentData.ini",".ini","730","2025-02-11 11:03","2026-05-17 11:17","[General] MinScore=97 MinTargetScore=0 AlignPointsNum=10 ForceToGMF=0 IsAffineEnabled=1 [Point_0] X=153832.077324 Y=1515","-662414"
"C:\job\VCAM Scan And Grab\Setup1\Recipes\TPT\AlignRTP.ini",".ini","2896","2025-02-11 11:10","2026-05-17 11:17","[DIE_MAPPING] ROI_Size=128 ROI_Offset=0 WaferMap_MinScore=50 _04_DIE_MAPPING=0 [DIE Alignment] Die__MinModelSize=32 Die_","-662407"
"C:\job\VCAM Scan And Grab\Setup1\Recipes\TPT\AQL.ini",".ini","491","2023-10-30 15:58","2026-05-17 11:17","[General] ckWaferAql2=0 optRandom-1=False optRandom-0=False ckWaferAql=0 fpRandomDice=1.0 fpWaferYield-2=1.0 optWafersSe","-1338919"
"C:\job\VCAM Scan And Grab\Setup1\Recipes\TPT\CleanReferenceFinalParams.ini",".ini","950","2023-03-20 19:13","2026-05-17 11:17","[General] Version=2 [CleanRefParams] SizeX=2048 SizeY=2048 minCriteria=-2 maxCriteria=-1 minCreateMul=2 maxCreateMul=2 m","-1661284"
"C:\job\VCAM Scan And Grab\Setup1\Recipes\TPT\CreateReference3dOptions.ini",".ini","324","2022-07-06 20:43","2026-05-17 11:17","[General] Version=0 Debug=0 [Registration] ReferenceRegBy=0 BigBlockRowsNumber=1000 YPartitionsNumber=3 MaxErrorPix=5 PS","-2031274"
"C:\job\VCAM Scan And Grab\Setup1\Recipes\TPT\DefaultWafer2Table.ini",".ini","1125","2017-07-25 10:06","2026-05-17 11:17","[WAFER ALIGNMENT] Wafer2Table_X=          0.9999990729         0.0002908860   -154934.3400690717 Wafer2Table_Y=         ","-4633991"
"C:\job\VCAM Scan And Grab\Setup1\Recipes\TPT\DieAlignment.dat_block.ini",".ini","129","2017-07-24 16:51","2026-05-17 11:17","[General] IsMultiIndex=0 DieCount=1 [Die_0] Row=0 Col=0 PosX=0.000000 PosY=0.000000 SizeX=957.000000 SizeY=1191.000000 ","-4635026"
"C:\job\VCAM Scan And Grab\Setup1\Recipes\TPT\ExternalCoordSystems.ini",".ini","33","2017-07-24 17:26","2026-05-17 11:17","[ExternalCoordSystems] Count=0 ","-4634991"
"C:\job\VCAM Scan And Grab\Setup1\Recipes\TPT\GlobalRTP.ini",".ini","3035","2025-02-11 11:03","2026-05-17 11:17","[GLOBAL_RTP] AdaptiveHistogram=0 AdaptiveHistogramByDieSegments=1 AdaptiveHistogramMinPixelCount=32 AreaForReduceFaults=","-662414"
"C:\job\VCAM Scan And Grab\Setup1\Recipes\TPT\Job.dat",".dat","1852","2017-07-25 10:11","2026-05-17 11:17","  ���{��N��R\���X�% Surface Scan Area_0�     ��@!     �@:$02a178a1-8f95-400d-9e07-021d42909e65Default ","-4633986"
"C:\job\VCAM Scan And Grab\Setup1\Recipes\TPT\JobIllumLimits.ini",".ini","85","2025-02-11 11:03","2026-05-17 11:17","[SW_QA-4] IllumCalibDate=2024-08-14 16:35:32 ForcedSkipToDate=2025-03-13 11:03:08 ","-662414"
"C:\job\VCAM Scan And Grab\Setup1\Recipes\TPT\Metadata.ini",".ini","73","2017-07-25 11:44","2026-05-17 11:17","[General] name=TPT Id=90d06b30-79f6-48ae-b87b-95756ee5f122 Version=0 ","-4633893"
"C:\job\VCAM Scan And Grab\Setup1\Recipes\TPT\OpticPreset.ini",".ini","979","2018-12-11 11:15","2026-05-17 11:17","[General] Signature=1 [Scan2d] Id=6d8c76f0-ce9d-40d7-8119-0b7a12067bc7 FocusPosAboveChuck=777.499863794052 Mag=5 CameraN","-3908162"
"C:\job\VCAM Scan And Grab\Setup1\Recipes\TPT\ProductInfo.ini",".ini","2787","2025-03-05 16:04","2026-05-17 11:17","[General] GainOffsetMode=0 Reference_EdgeUncert=0 WaferTypeId=Patterned OCRWaferIDMask=II OCRWaferIDCtrlCharsMask= OCRCh","-630433"
"C:\job\VCAM Scan And Grab\Setup1\Recipes\TPT\Recipe.ini",".ini","2444","2025-02-11 11:04","2026-05-17 11:17","[AutoCycle] AutoFocusEvery=1 ; None CleanReferenceEvery=1 ; None UnloadToAnotherCassette=0 ; Move wafers from Loadport A","-662412"
"C:\job\VCAM Scan And Grab\Setup1\Recipes\TPT\RTP.txt",".txt","18355","2025-02-11 11:03","2026-05-17 11:17","[PostProcess]   ; Zone name Alg = Volume Shape_Violation_USL = 90000 ;  ( The Max bump volume allowed. )  Shape_Violatio","-662414"
"C:\job\VCAM Scan And Grab\Setup1\Recipes\TPT\ScanOverlapLog.txt",".txt","450","2025-02-11 11:10","2026-05-17 11:17","Scan 2d Overlap [px], [um]; Pixel size = 1.693, 1.69 Minimum             :    32,   32,   54,   54 Detection           :","-662407"
"C:\job\VCAM Scan And Grab\Setup1\Recipes\TPT\ScenariosMetadatas.ini",".ini","985","2018-12-11 11:14","2026-05-17 11:17","[General] Version=1 [Scan2d] Id=c3334313-e949-490d-bb88-d72c6d33d968 OpticsId=74a1dbb4-ddd8-46f7-ba71-bf5d6fc29602 Refer","-3908163"
"C:\job\VCAM Scan And Grab\Setup1\Recipes\TPT\UniqueArea.ini",".ini","20","2017-07-24 16:49","2026-05-17 11:17","[General] Count=0 ","-4635028"
"C:\job\VCAM Scan And Grab\Setup1\Recipes\TPT\Wafer2Table_LastKnown.ini",".ini","1122","2017-07-24 16:49","2026-05-17 11:17","[WAFER ALIGNMENT] Wafer2Table_X=          0.9999295194         0.0001177025   -150296.4001458308 Wafer2Table_Y=         ","-4635028"
"C:\job\VCAM Scan And Grab\Setup1\Recipes\TPT\Wafer2Table.ini",".ini","1283","2025-02-11 11:03","2026-05-17 11:17","[WAFER ALIGNMENT] Wafer2Table_X=          0.9999929318        -0.0005088435   -154827.9432705407 Wafer2Table_Y=         ","-662414"
"C:\job\VCAM Scan And Grab\Setup1\Recipes\TPT\WaferDataReadSettings.xml",".xml","195","2022-07-25 10:59","2026-05-17 11:17","<?xml version=""1.0""?> <WaferDataReadSettings xmlns:xsi=""http://www.w3.org/2001/XMLSchema-instance"" xmlns:xsd=""http://www","-2004498"
"C:\job\VCAM Scan And Grab\Setup1\Recipes\TPT\Waferinfo.ini",".ini","393","2025-02-11 11:10","2026-05-17 11:17","[General] hd_cmm=False hd_alignment=True hd_scan=True hd_robot=False hd_verification=True key_userobot=False key_auto=Tr","-662407"
"C:\job\VCAM Scan And Grab\Setup1\Recipes\TPT\WaferMapRecipe.ini",".ini","1260","2025-02-11 11:02","2026-05-17 11:17","[GENERAL] SettingsPolicy=1 FiducialBin=-1 ImportSubPath= UpdateSubPath= ExportInAutoCycle=0 ExportInManualScan=0 AfterEx","-662414"
"C:\job\VCAM Scan And Grab\Setup1\Recipes\TPT\zones.ini",".ini","445","2017-07-25 10:11","2026-05-17 11:17","[General] Version=11 [ALGName] 255=PostProcess 0=Scan Area 1=Dark-3_5um 2=Bright-3_5um 3=Dark-5um 4=Bright-5um 5=Dark-10","-4633986"
"C:\job\VCAM Scan And Grab\Setup1\Recipes\TPT\zones.txt",".txt","530","2017-07-25 10:11","2026-05-17 11:17","ScaleX =    1.0000000000; ScaleY =    1.0000000000   RefID       X        Y  Zone Count      Shape Data       1    478.5","-4633986"
"C:\job\VCAM Scan And Grab\Setup1\Recipes\TPT\ZoneVerifyOptics.ini",".ini","51","2017-07-25 11:44","2026-05-17 11:17","[General] Version=1 UseSetGrabForOnlineVerify=0 ","-4633893"
"C:\job\VCAM Scan And Grab\Setup1\Recipes\TPT\ZoomLevels.ini",".ini","179","2017-07-24 16:48","2026-05-17 11:17","[DIE] Step_X=1247.52066988039 Step_Y=1247.68386561697 [ZOOM_LEVELS] LEVEL_1=1 SaveCompressed=0 LEVEL_2=1 [LEVEL_1] SizeX","-4635029"
"C:\job\VCAM Scan And Grab\Setup1\Recipes\TPT\.dc_cache\TransactionsHistory.ini",".ini","120","2023-03-20 19:13","2026-05-17 11:17","[DeprecatedInV0] Namespace.RuntimeEntities.RecipePartsCollection_Runtime|RecipePartsCollection|CleanReferenceParams=1 ","-1661284"
"C:\job\VCAM Scan And Grab\Setup1\Recipes\TPT\EAGLET_106160\OpticsPreset.ini",".ini","500","2017-07-25 11:44","2026-05-17 11:17","[RobotSetup] Name=106160_12inch_sens.cfg [General] Signature=0 Scan2d-Id=b36d8485-c876-4785-8f70-b9773ca86130 Scan2d-ZPo","-4633893"
"C:\job\VCAM Scan And Grab\Setup1\Recipes\TPT\OpticLightMetadata\config.ini",".ini","1131","2025-02-11 11:10","2026-05-17 11:17","[General] NominalDelta=0.000000000 Exist=0 targetPos_X=10592885482300052375351495947893948261085519603070163260109980132","-662407"
"C:\job\VCAM Scan And Grab\Setup1\Recipes\TPT\ReferenceBackup\ZoomLevels.ini",".ini","179","2017-07-25 11:44","2026-05-17 11:17","[DIE] Step_X=1247.52066988039 Step_Y=1247.68386561697 [ZOOM_LEVELS] LEVEL_1=1 SaveCompressed=0 LEVEL_2=1 [LEVEL_1] SizeX","-4633893"
"C:\job\VCAM Scan And Grab\Setup1\Recipes\TPT\SW_QA-4\OpticsPreset.ini",".ini","68","2023-03-20 19:13","2026-05-17 11:17","[Chuck] CenterX=158610.875 CenterY=138176.140625 CenterZ=-419.6 ","-1661284"
"C:\job\VCAM Scan And Grab\Setup1\Recipes\TPT\TrainData\Die.ini",".ini","1000","2017-07-25 11:44","2026-05-17 11:17","[UNIQUE_PATTERN] Exists=0 [DIE] TrainFileExists=0 Frames_Format=1 Step_X=2107.000000 Step_Y=2096.000000 PixelSize_X=1.68","-4633893"
"C:\job\VCAM Scan And Grab\Setup1\Recipes\TPT\TrainData\DieRefToTrain.txt",".txt","277","2017-07-25 11:44","2026-05-17 11:17","[DieRefToTrainImage] DR_2_TI_X=0.999999994567987 -0.000104230638998617 1251.15701246877 DR_2_TI_Y=0.000104230638998617 0","-4633893"
"C:\job\VCAM Scan And Grab\Setup1\Recipes\TPT\TrainData\FrameToChuck.ini",".ini","160","2017-07-25 11:44","2026-05-17 11:17","[FrameToChuck] F2C_X=          1.6841197289         0.0001321961     -1293.5054783618 F2C_Y=         -0.0001321961      ","-4633893"
"C:\job\VCAM Scan And Grab\Setup1\Recipes\TPT\TrainData\DieImage\DieImageToTable.ini",".ini","302","2017-07-25 11:44","2026-05-17 11:17","[DieImageToTable] I2T_X=1.68378898091718 0.000253474275405115 -1174.61785998963 I2T_Y=-0.000253501224577012 1.6836099809","-4633893"
"C:\job\VCAM Scan And Grab\Setup1\Recipes\TPT\TrainData\DieImage\ZoomLevels.ini",".ini","169","2017-07-25 11:44","2026-05-17 11:17","[ZOOM_LEVELS] LEVEL_1=1 SaveCompressed=0 LEVEL_2=1 LEVEL_4=1 [LEVEL_1] SizeX=3905 SizeY=3824 [LEVEL_2] SizeX=1952 SizeY=","-4633893"
"C:\job\VCAM Scan And Grab\Setup1\Recipes\TPT\WaferAlignData\Alignment_PatFindRtp.txt",".txt","485","2025-02-11 11:03","2026-05-17 11:17"," [11:03:27 02/11/25] Minimum Score           :  97    Minimum Start        :  90    Reduce Delta         :  10 Minimum T","-662414"
"C:\job\VCAM Scan And Grab\Setup1\Recipes\TPT\WaferAlignData\Alignment_PatRes.txt",".txt","2243","2025-02-11 11:03","2026-05-17 11:17"," [11:03:27 02/11/25] ==========================================================================================  #    Co","-662414"
"C:\job\VCAM Scan And Grab\Setup1\Recipes\TPT\WaferAlignData\Alignment_Stat.txt",".txt","1574","2025-02-11 11:03","2026-05-17 11:17","  [11:03:27 02/11/25] ==================================================================================================","-662414"
"C:\job\VCAM Scan And Grab\Setup1\Recipes\TPT\WaferAlignData\AlignmentData.ini",".ini","32","2025-02-11 11:03","2026-05-17 11:17","[General] AlignmentTime=18742 ","-662414"
"C:\job\VCAM Scan And Grab\Setup1\Recipes\TPT\WaferAlignData\AlignmentNotFound_rtp.txt",".txt","485","2025-02-06 15:51","2026-05-17 11:17"," [15:51:29 02/06/25] Minimum Score           :  85    Minimum Start        :  90    Reduce Delta         :  10 Minimum T","-669326"
"C:\job\VCAM Scan And Grab\Setup1\Recipes\TPT\WaferAlignData\AlignmentStatisticsTime.txt",".txt","169","2025-02-11 11:03","2026-05-17 11:17","Alignment Statistics Grabbing Counter=14 Total=4768 Average=340.571442 Moving Counter=14 Total=5482 Average=391.571442 M","-662414"
"C:\job\VCAM Scan And Grab\Setup1\Recipes\TPT\Zones\Bright-10um.ini",".ini","5795","2025-02-11 11:11","2026-05-17 11:17","[General] ZoneName=Bright-10um ZoneID=6 TypeName=Surface AutoTH=0 AutoProbe=0 [Surface] Enable=0 AlgorithmName=Surface C","-662406"
"C:\job\VCAM Scan And Grab\Setup1\Recipes\TPT\Zones\Bright-3_5um.ini",".ini","5797","2025-02-11 11:11","2026-05-17 11:17","[General] ZoneName=Bright-3_5um ZoneID=2 TypeName=Surface AutoTH=0 AutoProbe=0 [Surface] Enable=0 AlgorithmName=Surface ","-662406"
"C:\job\VCAM Scan And Grab\Setup1\Recipes\TPT\Zones\Bright-5um.ini",".ini","5794","2025-02-11 11:11","2026-05-17 11:17","[General] ZoneName=Bright-5um ZoneID=4 TypeName=Surface AutoTH=0 AutoProbe=0 [Surface] Enable=0 AlgorithmName=Surface Cl","-662406"
"C:\job\VCAM Scan And Grab\Setup1\Recipes\TPT\Zones\Dark-10um.ini",".ini","5790","2025-02-11 11:11","2026-05-17 11:17","[General] ZoneName=Dark-10um ZoneID=5 TypeName=Surface AutoTH=0 AutoProbe=0 [Surface] Enable=0 AlgorithmName=Surface Cla","-662406"
"C:\job\VCAM Scan And Grab\Setup1\Recipes\TPT\Zones\Dark-3_5um.ini",".ini","5792","2025-02-11 11:11","2026-05-17 11:17","[General] ZoneName=Dark-3_5um ZoneID=1 TypeName=Surface AutoTH=0 AutoProbe=0 [Surface] Enable=0 AlgorithmName=Surface Cl","-662406"
"C:\job\VCAM Scan And Grab\Setup1\Recipes\TPT\Zones\Dark-5um.ini",".ini","5792","2025-02-11 11:11","2026-05-17 11:17","[General] ZoneName=Dark-5um ZoneID=3 TypeName=Surface AutoTH=0 AutoProbe=0 [Surface] Enable=0 AlgorithmName=Surface Clas","-662406"
"C:\job\VCAM Scan And Grab\Setup1\Recipes\TPT\Zones\PostProcess.ini",".ini","1525","2025-02-11 11:11","2026-05-17 11:17","[General] ZoneName=PostProcess ZoneID=255 TypeName=PostProcess AutoTH=0 AutoProbe=0 [Volume] Enable=0 AlgorithmName=Volu","-662406"
"C:\job\VCAM Scan And Grab\Setup1\Recipes\TPT\Zones\Scan Area.ini",".ini","5793","2025-02-11 11:11","2026-05-17 11:17","[General] ZoneName=Scan Area ZoneID=63 TypeName=Surface AutoTH=0 AutoProbe=0 [Surface] Enable=1 AlgorithmName=Surface Cl","-662406"
"C:\job\VCAM Scan defects only\Metadata.ini",".ini","101","2025-03-05 16:05","2026-05-17 11:17","[General] name=VCAM Scan defects only Id=fb440f3d-bcfd-4a16-a2b7-748b199b3d0f Version=1 JobTag= ","-630432"
"C:\job\VCAM Scan defects only\VcamInstallerGuid.txt",".txt","36","2025-03-18 12:04","2026-05-17 11:17","a768aa22-3050-46d9-b4fc-0521e28c1ac6","-611953"
"C:\job\VCAM Scan defects only\.audit\manifest.json",".json","414","2026-05-17 11:17","2026-05-17 11:17","{   ""jobName"": ""VCAM Scan defects only"",   ""auditDbVersion"": ""1"",   ""created"": {     ""machine"": ""AMITA1"",     ""at"": ""202","0"
"C:\job\VCAM Scan defects only\Setup1\CTWRepeatabilityReport.xml",".xml","457","2020-12-21 12:18","2026-05-17 11:17","<?xml version=""1.0"" encoding=""utf-8""?> <Config xmlns:xsd=""http://www.w3.org/2001/XMLSchema"" xmlns:xsi=""http://www.w3.org","-2841059"
"C:\job\VCAM Scan defects only\Setup1\DefectsClustering.ini",".ini","236","2022-05-22 16:32","2026-05-17 11:17","[General] Distance=0 SelectedFirstSortingList=Priority SelectedSecondSortingList=Area SelectedFirstSortingListOrder=Asce","-2096325"
"C:\job\VCAM Scan defects only\Setup1\DieAlignment.dat_block.ini",".ini","117","2025-03-18 11:56","2026-05-17 11:17","[General] IsMultiIndex=0 DieCount=1 [Die_0] Row=0 Col=0 PosX=0.000 PosY=0.000 SizeX=957.000 SizeY=1191.000 ","-611961"
"C:\job\VCAM Scan defects only\Setup1\Metadata.ini",".ini","108","2025-03-05 16:04","2026-05-17 11:17","[General] name=Setup1 Id=b1e358b8-f095-44c9-9561-e71c8f80a1a5 Version=1 LastActiveRecipe=Repeatability ","-630433"
"C:\job\VCAM Scan defects only\Setup1\MultiRecipe.ini",".ini","232","2024-02-25 09:56","2026-05-17 11:17","[Scan] Recipes=0,2, recipe_1=,Repeatability,,,,,1 recipe_2=,TPT,,,,,2 SamplingCount=0 SamplingYield=0 MergingThreadCount","-1169361"
"C:\job\VCAM Scan defects only\Setup1\ProductionInfo.ini",".ini","133","2024-02-25 09:56","2026-05-17 11:17","[General] WaferDefectsCount=0 WaferDefectDiceRatio=0.000 BatchPassWafersCount=0 WaferDefectClassId=0 WaferDefectClassIdC","-1169361"
"C:\job\VCAM Scan defects only\Setup1\Scripts.ini",".ini","78","2020-12-09 14:26","2026-05-17 11:17","[General] ScriptAfterWaferPath = C:\CamtekProduction\Data\ScriptAfterScan.cmd","-2858211"
"C:\job\VCAM Scan defects only\Setup1\Recipes\Repeatability\Alignment.ini",".ini","53","2025-03-18 11:55","2026-05-17 11:17","[WAFER ALIGNMENT] CoarseAlignDone=1 Rotate  w2t=0 ","-611961"
"C:\job\VCAM Scan defects only\Setup1\Recipes\Repeatability\AlignmentData.ini",".ini","731","2022-05-22 16:32","2026-05-17 11:17","[General] MinScore=97 MinTargetScore=0 AlignPointsNum=10 ForceToGMF=0 IsAffineEnabled=1 [Point_0] X=159654.700193 Y=1512","-2096325"
"C:\job\VCAM Scan defects only\Setup1\Recipes\Repeatability\AlignRTP.ini",".ini","2896","2025-03-18 11:55","2026-05-17 11:17","[DIE_MAPPING] ROI_Size=128 ROI_Offset=0 WaferMap_MinScore=50 _04_DIE_MAPPING=0 [306a7e84-3bae-4443-bedf-ea9321f61841] 30","-611961"
"C:\job\VCAM Scan defects only\Setup1\Recipes\Repeatability\CleanReferenceFinalParams.ini",".ini","980","2024-02-04 20:03","2026-05-17 11:17","[FramePerSecond] Value=140 [General] Version=2 [CleanRefParams] SizeX=2048 SizeY=2048 minCriteria=-2 maxCriteria=-1 minC","-1198994"
"C:\job\VCAM Scan defects only\Setup1\Recipes\Repeatability\CreateReference3dOptions.ini",".ini","307","2022-05-22 16:31","2026-05-17 11:17","[General] Version=0 Debug=0 [Registration] ReferenceRegBy=0 BigBlockRowsNumber=1000 YPartitionsNumber=3 MaxErrorPix=5 PS","-2096326"
"C:\job\VCAM Scan defects only\Setup1\Recipes\Repeatability\DefaultWafer2Table.ini",".ini","1021","2024-02-25 09:26","2026-05-17 11:17","[WAFER ALIGNMENT] Wafer2Table_X=          0.9999577350         0.0053674849   -153582.0178077489 Wafer2Table_Y=         ","-1169391"
"C:\job\VCAM Scan defects only\Setup1\Recipes\Repeatability\DieAlignment.dat_block.ini",".ini","129","2017-07-24 16:51","2026-05-17 11:17","[General] IsMultiIndex=0 DieCount=1 [Die_0] Row=0 Col=0 PosX=0.000000 PosY=0.000000 SizeX=957.000000 SizeY=1191.000000 ","-4635026"
"C:\job\VCAM Scan defects only\Setup1\Recipes\Repeatability\ExternalCoordSystems.ini",".ini","33","2017-07-24 17:26","2026-05-17 11:17","[ExternalCoordSystems] Count=0 ","-4634991"
"C:\job\VCAM Scan defects only\Setup1\Recipes\Repeatability\GlobalRTP.ini",".ini","2749","2022-05-22 17:19","2026-05-17 11:17","[GLOBAL_RTP] AdaptiveHistogram=0 AdaptiveHistogramByDieSegments=1 AdaptiveHistogramMinPixelCount=32 AreaForReduceFaults=","-2096278"
"C:\job\VCAM Scan defects only\Setup1\Recipes\Repeatability\Job.dat",".dat","1864","2017-12-03 22:33","2026-05-17 11:17","  =*[��G��#�>��� Repeatability 3�2Surface0���������8 (C y $1c1ab1fa-0699-45d5-bdeb-0552261bd443Q�$  ","-4444604"
"C:\job\VCAM Scan defects only\Setup1\Recipes\Repeatability\JobIllumLimits.ini",".ini","182","2018-12-10 22:30","2026-05-17 11:17","[EAGLET_106249] IllumCalibDate=2018-03-18 14:37:27 ForcedSkipToDate=2018-03-20 15:12:21 [EAGLET_106384] IllumCalibDate=2","-3908927"
"C:\job\VCAM Scan defects only\Setup1\Recipes\Repeatability\Metadata.ini",".ini","158","2024-02-25 09:30","2026-05-17 11:17","[General] name=Repeatability Id=8b34fbba-c33b-4d14-86cf-09690b26a992 Version=0 [GeneralOnlineVerificationParams] UseSetG","-1169386"
"C:\job\VCAM Scan defects only\Setup1\Recipes\Repeatability\OpticPreset.ini",".ini","3288","2024-02-25 09:30","2026-05-17 11:17","[General] Signature=1 [Scan2d] Id=2b77bbc9-77c1-4019-bddd-5a13dbb33ef4 FocusPosAboveChuck=809.988337887835 Mag=5 CameraN","-1169387"
"C:\job\VCAM Scan defects only\Setup1\Recipes\Repeatability\OpticToVCamStorage.json",".json","360","2025-03-18 11:56","2026-05-17 11:17","[   {     ""OpticId"": ""3259d894-0b5e-4b4c-9d2c-09a857ca8b81"",     ""Scenario"": ""Scan"",     ""IsAutoFocus"": false,     ""Stor","-611961"
"C:\job\VCAM Scan defects only\Setup1\Recipes\Repeatability\ProductInfo.ini",".ini","3228","2025-03-18 11:55","2026-05-17 11:17","[General] GainOffsetMode=0 Reference_EdgeUncert=0 WaferTypeId=Patterned OCRWaferIDMask=II OCRWaferIDCtrlCharsMask= OCRCh","-611961"
"C:\job\VCAM Scan defects only\Setup1\Recipes\Repeatability\Recipe.ini",".ini","2521","2025-03-05 16:04","2026-05-17 11:17","[AutoCycle] AutoFocusEvery=1 ; None CleanReferenceEvery=1 ; None UnloadToAnotherCassette=0 ; Move wafers from Loadport A","-630433"
"C:\job\VCAM Scan defects only\Setup1\Recipes\Repeatability\RTP.txt",".txt","18342","2022-05-22 17:19","2026-05-17 11:17","[PostProcess]   ; Zone name Alg = Volume Shape_Violation_USL = 90000 ;  ( The Max bump volume allowed. )  Shape_Violatio","-2096278"
"C:\job\VCAM Scan defects only\Setup1\Recipes\Repeatability\ScanOverlapLog.txt",".txt","450","2025-03-18 11:55","2026-05-17 11:17","Scan 2d Overlap [px], [um]; Pixel size = 1.693, 1.69 Minimum             :    32,   32,   54,   54 Detection           :","-611961"
"C:\job\VCAM Scan defects only\Setup1\Recipes\Repeatability\ScenarioMetadataGrab.xml",".xml","1117","2024-02-25 09:30","2026-05-17 11:17","<MultiOpticsScenarioGrabConfiguration VersionNumber=""2.0"">   <ScenarioGrab Id=""ec72be0a-8d27-4e9a-9c2d-17dc8334987e"" Nam","-1169386"
"C:\job\VCAM Scan defects only\Setup1\Recipes\Repeatability\ScenariosMetadatas.ini",".ini","1106","2024-02-25 09:25","2026-05-17 11:17","[General] Version=1 [Scan2d] Id=4b00a21d-d12b-46ac-88e7-085ba3c125ec OpticsId=3259d894-0b5e-4b4c-9d2c-09a857ca8b81 Refer","-1169392"
"C:\job\VCAM Scan defects only\Setup1\Recipes\Repeatability\UniqueArea.ini",".ini","20","2017-07-24 16:49","2026-05-17 11:17","[General] Count=0 ","-4635028"
"C:\job\VCAM Scan defects only\Setup1\Recipes\Repeatability\Wafer2Table_LastKnown.ini",".ini","1120","2017-08-16 10:58","2026-05-17 11:17","[WAFER ALIGNMENT] Wafer2Table_X=          1.0000000000         0.0000000000   -156935.0399285386 Wafer2Table_Y=         ","-4602259"
"C:\job\VCAM Scan defects only\Setup1\Recipes\Repeatability\Wafer2Table.ini",".ini","1289","2025-03-18 11:55","2026-05-17 11:17","[WAFER ALIGNMENT] Wafer2Table_X=          1.0000135061        -0.0007891941   -152711.1311116226 Wafer2Table_Y=         ","-611962"
"C:\job\VCAM Scan defects only\Setup1\Recipes\Repeatability\WaferDataReadSettings.xml",".xml","195","2022-07-06 20:43","2026-05-17 11:17","<?xml version=""1.0""?> <WaferDataReadSettings xmlns:xsi=""http://www.w3.org/2001/XMLSchema-instance"" xmlns:xsd=""http://www","-2031274"
"C:\job\VCAM Scan defects only\Setup1\Recipes\Repeatability\Waferinfo.ini",".ini","485","2025-03-18 11:55","2026-05-17 11:17","[General] hd_cmm=False hd_alignment=True hd_scan=True hd_robot=False hd_verification=True key_userobot=False key_auto=Tr","-611962"
"C:\job\VCAM Scan defects only\Setup1\Recipes\Repeatability\WaferMapRecipe.ini",".ini","1260","2025-02-11 11:02","2026-05-17 11:17","[GENERAL] SettingsPolicy=1 FiducialBin=-1 ImportSubPath= UpdateSubPath= ExportInAutoCycle=0 ExportInManualScan=0 AfterEx","-662414"
"C:\job\VCAM Scan defects only\Setup1\Recipes\Repeatability\zones.ini",".ini","513","2024-02-25 09:27","2026-05-17 11:17","[General] Version=11 [ALGName] 255=PostProcess 0=Scan Area 1=Dark-3_5um 2=Bright-3_5um 3=Dark-5um 4=Bright-5um 5=Dark-10","-1169390"
"C:\job\VCAM Scan defects only\Setup1\Recipes\Repeatability\zones.txt",".txt","530","2024-02-25 09:27","2026-05-17 11:17","ScaleX =    1.0000000000; ScaleY =    1.0000000000   RefID       X        Y  Zone Count      Shape Data       1    478.5","-1169390"
"C:\job\VCAM Scan defects only\Setup1\Recipes\Repeatability\ZoneVerifyOptics.ini",".ini","51","2017-07-25 11:44","2026-05-17 11:17","[General] Version=1 UseSetGrabForOnlineVerify=0 ","-4633893"
"C:\job\VCAM Scan defects only\Setup1\Recipes\Repeatability\ZoomLevels.ini",".ini","179","2017-07-25 11:44","2026-05-17 11:17","[DIE] Step_X=1247.52066988039 Step_Y=1247.68386561697 [ZOOM_LEVELS] LEVEL_1=1 SaveCompressed=0 LEVEL_2=1 [LEVEL_1] SizeX","-4633893"
"C:\job\VCAM Scan defects only\Setup1\Recipes\Repeatability\.dc_cache\TransactionsHistory.ini",".ini","366","2024-02-25 09:30","2026-05-17 11:17","[DeprecatedInV0] Namespace.RuntimeEntities.RecipePartsCollection_Runtime|RecipePartsCollection|CleanReferenceParams=1 Na","-1169386"
"C:\job\VCAM Scan defects only\Setup1\Recipes\Repeatability\EAGLET_106160\OpticsPreset.ini",".ini","500","2017-07-25 11:44","2026-05-17 11:17","[RobotSetup] Name=106160_12inch_sens.cfg [General] Signature=0 Scan2d-Id=36d0b0c9-e250-4577-b197-ac9c8bbdd436 Scan2d-ZPo","-4633893"
"C:\job\VCAM Scan defects only\Setup1\Recipes\Repeatability\FocusMapping\FocusMapping.ini",".ini","2027","2025-03-05 16:06","2026-05-17 11:17","[Mode] AutoFocusRange=100 CreateSurfaceScore=Good MinMatchModelScore=Good DurationOfOneSite=3 NumOfDiceToScan=15 Resolut","-630431"
"C:\job\VCAM Scan defects only\Setup1\Recipes\Repeatability\OpticLightMetadata\config.ini",".ini","292","2025-03-18 11:55","2026-05-17 11:17","[General] NominalDelta=0.000000000 Exist=0 targetPos_X=0.000000000 targetPos_Y=0.000000000 minY=0.000000000 minX=0.00000","-611961"
"C:\job\VCAM Scan defects only\Setup1\Recipes\Repeatability\ReferenceBackup\ZoomLevels.ini",".ini","179","2017-07-25 11:44","2026-05-17 11:17","[DIE] Step_X=1247.52066988039 Step_Y=1247.68386561697 [ZOOM_LEVELS] LEVEL_1=1 SaveCompressed=0 LEVEL_2=1 [LEVEL_1] SizeX","-4633893"
"C:\job\VCAM Scan defects only\Setup1\Recipes\Repeatability\TrainData\Die.ini",".ini","1029","2024-02-04 20:03","2026-05-17 11:17","[UNIQUE_PATTERN] Exists=0 [DIE] TrainFileExists=0 Frames_Format=1 Step_X=2107.000000 Step_Y=2096.000000 PixelSize_X=1.68","-1198994"
"C:\job\VCAM Scan defects only\Setup1\Recipes\Repeatability\TrainData\DieRefToTrain.txt",".txt","277","2017-07-25 11:44","2026-05-17 11:17","[DieRefToTrainImage] DR_2_TI_X=0.999999994567987 -0.000104230638998617 1251.15701246877 DR_2_TI_Y=0.000104230638998617 0","-4633893"
"C:\job\VCAM Scan defects only\Setup1\Recipes\Repeatability\TrainData\FrameToChuck.ini",".ini","160","2017-07-25 11:44","2026-05-17 11:17","[FrameToChuck] F2C_X=          1.6841197289         0.0001321961     -1293.5054783618 F2C_Y=         -0.0001321961      ","-4633893"
"C:\job\VCAM Scan defects only\Setup1\Recipes\Repeatability\TrainData\ZonesVectorInfo.csv",".csv","464","2024-02-25 09:27","2026-05-17 11:17","ID,zone,X,Y,SizeX,SizeY,ShapeType,Angle,Is3d 15,Dark-3_5um,707.19138,727.31952,13.4703119999999,13.46888,1,0,0 1,Bright-","-1169390"
"C:\job\VCAM Scan defects only\Setup1\Recipes\Repeatability\TrainData\DieImage\DieImageToTable.ini",".ini","302","2017-07-25 11:44","2026-05-17 11:17","[DieImageToTable] I2T_X=1.68378898091718 0.000253474275405115 -1174.61785998963 I2T_Y=-0.000253501224577012 1.6836099809","-4633893"
"C:\job\VCAM Scan defects only\Setup1\Recipes\Repeatability\TrainData\DieImage\ZoomLevels.ini",".ini","169","2017-07-25 11:44","2026-05-17 11:17","[ZOOM_LEVELS] LEVEL_1=1 SaveCompressed=0 LEVEL_2=1 LEVEL_4=1 [LEVEL_1] SizeX=3905 SizeY=3824 [LEVEL_2] SizeX=1952 SizeY=","-4633893"
"C:\job\VCAM Scan defects only\Setup1\Recipes\Repeatability\WaferAlignData\Alignment_PatFindRtp.txt",".txt","485","2025-03-18 11:55","2026-05-17 11:17"," [11:55:55 03/18/25] Minimum Score           :  97    Minimum Start        :  90    Reduce Delta         :  10 Minimum T","-611962"
"C:\job\VCAM Scan defects only\Setup1\Recipes\Repeatability\WaferAlignData\Alignment_PatRes.txt",".txt","2243","2025-03-18 11:55","2026-05-17 11:17"," [11:55:55 03/18/25] ==========================================================================================  #    Co","-611962"
"C:\job\VCAM Scan defects only\Setup1\Recipes\Repeatability\WaferAlignData\Alignment_Stat.txt",".txt","1574","2025-03-18 11:55","2026-05-17 11:17","  [11:55:55 03/18/25] ==================================================================================================","-611962"
"C:\job\VCAM Scan defects only\Setup1\Recipes\Repeatability\WaferAlignData\AlignmentData.ini",".ini","32","2025-03-18 11:55","2026-05-17 11:17","[General] AlignmentTime=11454 ","-611962"
"C:\job\VCAM Scan defects only\Setup1\Recipes\Repeatability\WaferAlignData\AlignmentStatisticsTime.txt",".txt","169","2025-03-18 11:55","2026-05-17 11:17","Alignment Statistics Grabbing Counter=14 Total=4078 Average=291.285706 Moving Counter=14 Total=4970 Average=355.000000 M","-611962"
"C:\job\VCAM Scan defects only\Setup1\Recipes\Repeatability\Zones\Bright-10um.ini",".ini","5687","2025-02-11 11:03","2026-05-17 11:17","[General] ZoneName=Bright-10um ZoneID=6 TypeName=Surface AutoTH=0 AutoProbe=0 [Surface] Enable=1 AlgorithmName=Surface C","-662414"
"C:\job\VCAM Scan defects only\Setup1\Recipes\Repeatability\Zones\Bright-3_5um.ini",".ini","5689","2025-02-11 11:03","2026-05-17 11:17","[General] ZoneName=Bright-3_5um ZoneID=2 TypeName=Surface AutoTH=0 AutoProbe=0 [Surface] Enable=1 AlgorithmName=Surface ","-662414"
"C:\job\VCAM Scan defects only\Setup1\Recipes\Repeatability\Zones\Bright-5um.ini",".ini","5686","2025-02-11 11:03","2026-05-17 11:17","[General] ZoneName=Bright-5um ZoneID=4 TypeName=Surface AutoTH=0 AutoProbe=0 [Surface] Enable=1 AlgorithmName=Surface Cl","-662414"
"C:\job\VCAM Scan defects only\Setup1\Recipes\Repeatability\Zones\Dark-10um.ini",".ini","5682","2025-02-11 11:03","2026-05-17 11:17","[General] ZoneName=Dark-10um ZoneID=5 TypeName=Surface AutoTH=0 AutoProbe=0 [Surface] Enable=1 AlgorithmName=Surface Cla","-662414"
"C:\job\VCAM Scan defects only\Setup1\Recipes\Repeatability\Zones\Dark-3_5um.ini",".ini","5684","2025-02-11 11:03","2026-05-17 11:17","[General] ZoneName=Dark-3_5um ZoneID=1 TypeName=Surface AutoTH=0 AutoProbe=0 [Surface] Enable=1 AlgorithmName=Surface Cl","-662414"
"C:\job\VCAM Scan defects only\Setup1\Recipes\Repeatability\Zones\Dark-5um.ini",".ini","5684","2025-02-11 11:03","2026-05-17 11:17","[General] ZoneName=Dark-5um ZoneID=3 TypeName=Surface AutoTH=0 AutoProbe=0 [Surface] Enable=1 AlgorithmName=Surface Clas","-662414"
"C:\job\VCAM Scan defects only\Setup1\Recipes\Repeatability\Zones\PostProcess.ini",".ini","1813","2025-02-11 11:03","2026-05-17 11:17","[General] ZoneName=PostProcess ZoneID=255 TypeName=PostProcess AutoTH=0 AutoProbe=0 [Volume] Enable=0 AlgorithmName=Volu","-662414"
"C:\job\VCAM Scan defects only\Setup1\Recipes\Repeatability\Zones\Scan Area.ini",".ini","5670","2025-02-11 11:03","2026-05-17 11:17","[General] ZoneName=Scan Area ZoneID=63 TypeName=Surface AutoTH=0 AutoProbe=0 [Surface] Enable=0 AlgorithmName=Surface Cl","-662414"
"C:\job\VCAM Scan defects only\Setup1\Recipes\Repeatability DIMA\Alignment.ini",".ini","53","2024-02-25 09:24","2026-05-17 11:17","[WAFER ALIGNMENT] CoarseAlignDone=0 Rotate  w2t=0 ","-1169393"
"C:\job\VCAM Scan defects only\Setup1\Recipes\Repeatability DIMA\AlignmentData.ini",".ini","731","2022-05-22 16:32","2026-05-17 11:17","[General] MinScore=97 MinTargetScore=0 AlignPointsNum=10 ForceToGMF=0 IsAffineEnabled=1 [Point_0] X=159654.700193 Y=1512","-2096325"
"C:\job\VCAM Scan defects only\Setup1\Recipes\Repeatability DIMA\AlignRTP.ini",".ini","2822","2024-02-25 10:00","2026-05-17 11:17","[DIE_MAPPING] ROI_Size=128 ROI_Offset=0 WaferMap_MinScore=50 _04_DIE_MAPPING=0 [306a7e84-3bae-4443-bedf-ea9321f61841] 30","-1169357"
"C:\job\VCAM Scan defects only\Setup1\Recipes\Repeatability DIMA\CleanReferenceFinalParams.ini",".ini","980","2024-02-04 20:03","2026-05-17 11:17","[FramePerSecond] Value=140 [General] Version=2 [CleanRefParams] SizeX=2048 SizeY=2048 minCriteria=-2 maxCriteria=-1 minC","-1198994"
"C:\job\VCAM Scan defects only\Setup1\Recipes\Repeatability DIMA\CreateReference3dOptions.ini",".ini","307","2022-05-22 16:31","2026-05-17 11:17","[General] Version=0 Debug=0 [Registration] ReferenceRegBy=0 BigBlockRowsNumber=1000 YPartitionsNumber=3 MaxErrorPix=5 PS","-2096326"
"C:\job\VCAM Scan defects only\Setup1\Recipes\Repeatability DIMA\DefaultWafer2Table.ini",".ini","1021","2024-02-25 09:26","2026-05-17 11:17","[WAFER ALIGNMENT] Wafer2Table_X=          0.9999577350         0.0053674849   -153582.0178077489 Wafer2Table_Y=         ","-1169391"
"C:\job\VCAM Scan defects only\Setup1\Recipes\Repeatability DIMA\DieAlignment.dat_block.ini",".ini","129","2017-07-24 16:51","2026-05-17 11:17","[General] IsMultiIndex=0 DieCount=1 [Die_0] Row=0 Col=0 PosX=0.000000 PosY=0.000000 SizeX=957.000000 SizeY=1191.000000 ","-4635026"
"C:\job\VCAM Scan defects only\Setup1\Recipes\Repeatability DIMA\ExternalCoordSystems.ini",".ini","33","2017-07-24 17:26","2026-05-17 11:17","[ExternalCoordSystems] Count=0 ","-4634991"
"C:\job\VCAM Scan defects only\Setup1\Recipes\Repeatability DIMA\GlobalRTP.ini",".ini","3051","2024-02-25 09:57","2026-05-17 11:17","[GLOBAL_RTP] AdaptiveHistogram=0 AdaptiveHistogramByDieSegments=1 AdaptiveHistogramMinPixelCount=32 AreaForReduceFaults=","-1169360"
"C:\job\VCAM Scan defects only\Setup1\Recipes\Repeatability DIMA\Job.dat",".dat","1864","2017-12-03 22:33","2026-05-17 11:17","  =*[��G��#�>��� Repeatability 3�2Surface0���������8 (C y $1c1ab1fa-0699-45d5-bdeb-0552261bd443Q�$  ","-4444604"
"C:\job\VCAM Scan defects only\Setup1\Recipes\Repeatability DIMA\JobIllumLimits.ini",".ini","182","2018-12-10 22:30","2026-05-17 11:17","[EAGLET_106249] IllumCalibDate=2018-03-18 14:37:27 ForcedSkipToDate=2018-03-20 15:12:21 [EAGLET_106384] IllumCalibDate=2","-3908927"
"C:\job\VCAM Scan defects only\Setup1\Recipes\Repeatability DIMA\Metadata.ini",".ini","158","2024-02-25 09:30","2026-05-17 11:17","[General] name=Repeatability Id=8b34fbba-c33b-4d14-86cf-09690b26a992 Version=0 [GeneralOnlineVerificationParams] UseSetG","-1169386"
"C:\job\VCAM Scan defects only\Setup1\Recipes\Repeatability DIMA\OpticPreset.ini",".ini","3288","2024-02-25 09:30","2026-05-17 11:17","[General] Signature=1 [Scan2d] Id=2b77bbc9-77c1-4019-bddd-5a13dbb33ef4 FocusPosAboveChuck=809.988337887835 Mag=5 CameraN","-1169387"
"C:\job\VCAM Scan defects only\Setup1\Recipes\Repeatability DIMA\ProductInfo.ini",".ini","3204","2024-03-05 14:18","2026-05-17 11:17","[General] GainOffsetMode=0 Reference_EdgeUncert=0 WaferTypeId=Patterned OCRWaferIDMask=II OCRWaferIDCtrlCharsMask= OCRCh","-1156139"
"C:\job\VCAM Scan defects only\Setup1\Recipes\Repeatability DIMA\Recipe.ini",".ini","3976","2024-02-25 10:00","2026-05-17 11:17","[AutoCycle] AutoFocusEvery=1 ; None CleanReferenceEvery=1 ; None UnloadToAnotherCassette=0 ; Move wafers from Loadport A","-1169357"
"C:\job\VCAM Scan defects only\Setup1\Recipes\Repeatability DIMA\RTP.txt",".txt","11460","2024-02-25 09:57","2026-05-17 11:17","[PostProcess]   ; Zone name Alg = Volume Shape_Violation_USL = 90000 ;  ( The Max bump volume allowed. )  Shape_Violatio","-1169360"
"C:\job\VCAM Scan defects only\Setup1\Recipes\Repeatability DIMA\ScanOverlapLog.txt",".txt","450","2024-02-25 10:00","2026-05-17 11:17","Scan 2d Overlap [px], [um]; Pixel size = 1.693, 1.69 Minimum             :    32,   32,   54,   54 Detection           :","-1169357"
"C:\job\VCAM Scan defects only\Setup1\Recipes\Repeatability DIMA\ScenarioMetadataGrab.xml",".xml","1117","2024-02-25 09:30","2026-05-17 11:17","<MultiOpticsScenarioGrabConfiguration VersionNumber=""2.0"">   <ScenarioGrab Id=""ec72be0a-8d27-4e9a-9c2d-17dc8334987e"" Nam","-1169386"
"C:\job\VCAM Scan defects only\Setup1\Recipes\Repeatability DIMA\ScenariosMetadatas.ini",".ini","1106","2024-02-25 09:25","2026-05-17 11:17","[General] Version=1 [Scan2d] Id=4b00a21d-d12b-46ac-88e7-085ba3c125ec OpticsId=3259d894-0b5e-4b4c-9d2c-09a857ca8b81 Refer","-1169392"
"C:\job\VCAM Scan defects only\Setup1\Recipes\Repeatability DIMA\UniqueArea.ini",".ini","20","2017-07-24 16:49","2026-05-17 11:17","[General] Count=0 ","-4635028"
"C:\job\VCAM Scan defects only\Setup1\Recipes\Repeatability DIMA\Wafer2Table_LastKnown.ini",".ini","1120","2017-08-16 10:58","2026-05-17 11:17","[WAFER ALIGNMENT] Wafer2Table_X=          1.0000000000         0.0000000000   -156935.0399285386 Wafer2Table_Y=         ","-4602259"
"C:\job\VCAM Scan defects only\Setup1\Recipes\Repeatability DIMA\Wafer2Table.ini",".ini","1021","2024-02-25 09:26","2026-05-17 11:17","[WAFER ALIGNMENT] Wafer2Table_X=          0.9999577350         0.0053674849   -153582.0178077489 Wafer2Table_Y=         ","-1169391"
"C:\job\VCAM Scan defects only\Setup1\Recipes\Repeatability DIMA\WaferDataReadSettings.xml",".xml","195","2022-07-06 20:43","2026-05-17 11:17","<?xml version=""1.0""?> <WaferDataReadSettings xmlns:xsi=""http://www.w3.org/2001/XMLSchema-instance"" xmlns:xsd=""http://www","-2031274"
"C:\job\VCAM Scan defects only\Setup1\Recipes\Repeatability DIMA\Waferinfo.ini",".ini","459","2024-02-25 10:00","2026-05-17 11:17","[General] hd_cmm=False hd_alignment=True hd_scan=True hd_robot=False hd_verification=True key_userobot=False key_auto=Tr","-1169357"
"C:\job\VCAM Scan defects only\Setup1\Recipes\Repeatability DIMA\WaferMapRecipe.ini",".ini","1260","2025-02-11 11:02","2026-05-17 11:17","[GENERAL] SettingsPolicy=1 FiducialBin=-1 ImportSubPath= UpdateSubPath= ExportInAutoCycle=0 ExportInManualScan=0 AfterEx","-662415"
"C:\job\VCAM Scan defects only\Setup1\Recipes\Repeatability DIMA\zones.ini",".ini","361","2024-02-25 09:57","2026-05-17 11:17","[General] Version=11 [ALGName] 255=PostProcess 0=Scan Area 1=Dark-3_5um 2=Bright-3_5um 3=Dark-5um [ALG] 255=PostProcess ","-1169360"
"C:\job\VCAM Scan defects only\Setup1\Recipes\Repeatability DIMA\zones.txt",".txt","350","2024-02-25 09:57","2026-05-17 11:17","ScaleX =    1.0000000000; ScaleY =    1.0000000000   RefID       X        Y  Zone Count      Shape Data       1    478.5","-1169360"
"C:\job\VCAM Scan defects only\Setup1\Recipes\Repeatability DIMA\ZoneVerifyOptics.ini",".ini","51","2024-02-25 09:57","2026-05-17 11:17","[General] Version=1 UseSetGrabForOnlineVerify=0 ","-1169360"
"C:\job\VCAM Scan defects only\Setup1\Recipes\Repeatability DIMA\ZoomLevels.ini",".ini","179","2017-07-25 11:44","2026-05-17 11:17","[DIE] Step_X=1247.52066988039 Step_Y=1247.68386561697 [ZOOM_LEVELS] LEVEL_1=1 SaveCompressed=0 LEVEL_2=1 [LEVEL_1] SizeX","-4633893"
"C:\job\VCAM Scan defects only\Setup1\Recipes\Repeatability DIMA\.dc_cache\TransactionsHistory.ini",".ini","366","2024-02-25 09:30","2026-05-17 11:17","[DeprecatedInV0] Namespace.RuntimeEntities.RecipePartsCollection_Runtime|RecipePartsCollection|CleanReferenceParams=1 Na","-1169386"
"C:\job\VCAM Scan defects only\Setup1\Recipes\Repeatability DIMA\EAGLET_106160\OpticsPreset.ini",".ini","500","2017-07-25 11:44","2026-05-17 11:17","[RobotSetup] Name=106160_12inch_sens.cfg [General] Signature=0 Scan2d-Id=36d0b0c9-e250-4577-b197-ac9c8bbdd436 Scan2d-ZPo","-4633893"
"C:\job\VCAM Scan defects only\Setup1\Recipes\Repeatability DIMA\FocusMapping\FocusMapping.ini",".ini","1928","2024-02-25 09:31","2026-05-17 11:17","[Mode] AutoFocusRange=100 CreateSurfaceScore=Good MinMatchModelScore=Good DurationOfOneSite=3 NumOfDiceToScan=15 Resolut","-1169386"
"C:\job\VCAM Scan defects only\Setup1\Recipes\Repeatability DIMA\OpticLightMetadata\config.ini",".ini","259","2024-02-25 10:00","2026-05-17 11:17","[General] NominalDelta=0.000000 Exist=0 targetPos_X=0.000000 targetPos_Y=0.000000 minY=0.000000 minX=0.000000 maxY=0.000","-1169357"
"C:\job\VCAM Scan defects only\Setup1\Recipes\Repeatability DIMA\ReferenceBackup\ZoomLevels.ini",".ini","179","2017-07-25 11:44","2026-05-17 11:17","[DIE] Step_X=1247.52066988039 Step_Y=1247.68386561697 [ZOOM_LEVELS] LEVEL_1=1 SaveCompressed=0 LEVEL_2=1 [LEVEL_1] SizeX","-4633893"
"C:\job\VCAM Scan defects only\Setup1\Recipes\Repeatability DIMA\TrainData\Die.ini",".ini","1029","2024-02-04 20:03","2026-05-17 11:17","[UNIQUE_PATTERN] Exists=0 [DIE] TrainFileExists=0 Frames_Format=1 Step_X=2107.000000 Step_Y=2096.000000 PixelSize_X=1.68","-1198994"
"C:\job\VCAM Scan defects only\Setup1\Recipes\Repeatability DIMA\TrainData\DieRefToTrain.txt",".txt","277","2017-07-25 11:44","2026-05-17 11:17","[DieRefToTrainImage] DR_2_TI_X=0.999999994567987 -0.000104230638998617 1251.15701246877 DR_2_TI_Y=0.000104230638998617 0","-4633893"
"C:\job\VCAM Scan defects only\Setup1\Recipes\Repeatability DIMA\TrainData\FrameToChuck.ini",".ini","160","2017-07-25 11:44","2026-05-17 11:17","[FrameToChuck] F2C_X=          1.6841197289         0.0001321961     -1293.5054783618 F2C_Y=         -0.0001321961      ","-4633893"
"C:\job\VCAM Scan defects only\Setup1\Recipes\Repeatability DIMA\TrainData\ZonesVectorInfo.csv",".csv","252","2024-02-25 09:57","2026-05-17 11:17","ID,zone,X,Y,SizeX,SizeY,ShapeType,Angle,Is3d 15,Dark-3_5um,707.19138,727.31952,13.4703119999999,13.46888,1,0,0 1,Bright-","-1169360"
"C:\job\VCAM Scan defects only\Setup1\Recipes\Repeatability DIMA\TrainData\DieImage\DieImageToTable.ini",".ini","302","2017-07-25 11:44","2026-05-17 11:17","[DieImageToTable] I2T_X=1.68378898091718 0.000253474275405115 -1174.61785998963 I2T_Y=-0.000253501224577012 1.6836099809","-4633893"
"C:\job\VCAM Scan defects only\Setup1\Recipes\Repeatability DIMA\TrainData\DieImage\ZoomLevels.ini",".ini","169","2017-07-25 11:44","2026-05-17 11:17","[ZOOM_LEVELS] LEVEL_1=1 SaveCompressed=0 LEVEL_2=1 LEVEL_4=1 [LEVEL_1] SizeX=3905 SizeY=3824 [LEVEL_2] SizeX=1952 SizeY=","-4633893"
"C:\job\VCAM Scan defects only\Setup1\Recipes\Repeatability DIMA\WaferAlignData\Alignment_PatFindRtp.txt",".txt","485","2024-02-25 09:25","2026-05-17 11:17"," [09:25:25 02/25/24] Minimum Score           :  97    Minimum Start        :  90    Reduce Delta         :  10 Minimum T","-1169392"
"C:\job\VCAM Scan defects only\Setup1\Recipes\Repeatability DIMA\WaferAlignData\Alignment_PatRes.txt",".txt","1813","2024-02-25 09:25","2026-05-17 11:17"," [09:25:25 02/25/24] ==========================================================================================  #    Co","-1169392"
"C:\job\VCAM Scan defects only\Setup1\Recipes\Repeatability DIMA\WaferAlignData\Alignment_Stat.txt",".txt","426","2024-02-25 09:25","2026-05-17 11:17","  [09:25:25 02/25/24] ==================================================================================================","-1169392"
"C:\job\VCAM Scan defects only\Setup1\Recipes\Repeatability DIMA\WaferAlignData\AlignmentStatisticsTime.txt",".txt","171","2024-02-25 09:25","2026-05-17 11:17","Alignment Statistics Grabbing Counter=10 Total=1984 Average=198.399994 Moving Counter=10 Total=2795 Average=279.500000 M","-1169392"
"C:\job\VCAM Scan defects only\Setup1\Recipes\Repeatability DIMA\WaferAlignData\WaferManualAlign_PatFindRtp.txt",".txt","485","2024-02-25 09:26","2026-05-17 11:17"," [09:26:01 02/25/24] Minimum Score           :  97    Minimum Start        :  90    Reduce Delta         :  10 Minimum T","-1169391"
"C:\job\VCAM Scan defects only\Setup1\Recipes\Repeatability DIMA\WaferAlignData\WaferManualAlign_PatRes.txt",".txt","1302","2024-02-25 09:26","2026-05-17 11:17"," [09:26:01 02/25/24] ==========================================================================================  #    Co","-1169391"
"C:\job\VCAM Scan defects only\Setup1\Recipes\Repeatability DIMA\WaferAlignData\WaferManualAlign_Stat.txt",".txt","1274","2024-02-25 09:26","2026-05-17 11:17","  [09:26:01 02/25/24] ==================================================================================================","-1169391"
"C:\job\VCAM Scan defects only\Setup1\Recipes\Repeatability DIMA\Zones\Bright-3_5um.ini",".ini","5689","2025-02-11 11:03","2026-05-17 11:17","[General] ZoneName=Bright-3_5um ZoneID=2 TypeName=Surface AutoTH=0 AutoProbe=0 [Surface] Enable=0 AlgorithmName=Surface ","-662414"
"C:\job\VCAM Scan defects only\Setup1\Recipes\Repeatability DIMA\Zones\Dark-3_5um.ini",".ini","5684","2025-02-11 11:03","2026-05-17 11:17","[General] ZoneName=Dark-3_5um ZoneID=1 TypeName=Surface AutoTH=0 AutoProbe=0 [Surface] Enable=0 AlgorithmName=Surface Cl","-662414"
"C:\job\VCAM Scan defects only\Setup1\Recipes\Repeatability DIMA\Zones\Dark-5um.ini",".ini","5684","2025-02-11 11:03","2026-05-17 11:17","[General] ZoneName=Dark-5um ZoneID=3 TypeName=Surface AutoTH=0 AutoProbe=0 [Surface] Enable=1 AlgorithmName=Surface Clas","-662414"
"C:\job\VCAM Scan defects only\Setup1\Recipes\Repeatability DIMA\Zones\PostProcess.ini",".ini","1813","2025-02-11 11:03","2026-05-17 11:17","[General] ZoneName=PostProcess ZoneID=255 TypeName=PostProcess AutoTH=0 AutoProbe=0 [Volume] Enable=0 AlgorithmName=Volu","-662414"
"C:\job\VCAM Scan defects only\Setup1\Recipes\Repeatability DIMA\Zones\Scan Area.ini",".ini","5670","2025-02-11 11:03","2026-05-17 11:17","[General] ZoneName=Scan Area ZoneID=63 TypeName=Surface AutoTH=0 AutoProbe=0 [Surface] Enable=0 AlgorithmName=Surface Cl","-662414"
"C:\job\VCAM Scan defects only\Setup1\Recipes\TPT\Alignment.ini",".ini","38","2017-07-25 10:06","2026-05-17 11:17","[WAFER ALIGNMENT] CoarseAlignDone=1 ","-4633991"
"C:\job\VCAM Scan defects only\Setup1\Recipes\TPT\AlignmentData.ini",".ini","730","2025-02-11 11:03","2026-05-17 11:17","[General] MinScore=97 MinTargetScore=0 AlignPointsNum=10 ForceToGMF=0 IsAffineEnabled=1 [Point_0] X=153832.077324 Y=1515","-662414"
"C:\job\VCAM Scan defects only\Setup1\Recipes\TPT\AlignRTP.ini",".ini","2896","2025-02-11 11:10","2026-05-17 11:17","[DIE_MAPPING] ROI_Size=128 ROI_Offset=0 WaferMap_MinScore=50 _04_DIE_MAPPING=0 [DIE Alignment] Die__MinModelSize=32 Die_","-662407"
"C:\job\VCAM Scan defects only\Setup1\Recipes\TPT\AQL.ini",".ini","491","2023-10-30 15:58","2026-05-17 11:17","[General] ckWaferAql2=0 optRandom-1=False optRandom-0=False ckWaferAql=0 fpRandomDice=1.0 fpWaferYield-2=1.0 optWafersSe","-1338919"
"C:\job\VCAM Scan defects only\Setup1\Recipes\TPT\CleanReferenceFinalParams.ini",".ini","950","2023-03-20 19:13","2026-05-17 11:17","[General] Version=2 [CleanRefParams] SizeX=2048 SizeY=2048 minCriteria=-2 maxCriteria=-1 minCreateMul=2 maxCreateMul=2 m","-1661284"
"C:\job\VCAM Scan defects only\Setup1\Recipes\TPT\CreateReference3dOptions.ini",".ini","324","2022-07-06 20:43","2026-05-17 11:17","[General] Version=0 Debug=0 [Registration] ReferenceRegBy=0 BigBlockRowsNumber=1000 YPartitionsNumber=3 MaxErrorPix=5 PS","-2031274"
"C:\job\VCAM Scan defects only\Setup1\Recipes\TPT\DefaultWafer2Table.ini",".ini","1125","2017-07-25 10:06","2026-05-17 11:17","[WAFER ALIGNMENT] Wafer2Table_X=          0.9999990729         0.0002908860   -154934.3400690717 Wafer2Table_Y=         ","-4633991"
"C:\job\VCAM Scan defects only\Setup1\Recipes\TPT\DieAlignment.dat_block.ini",".ini","129","2017-07-24 16:51","2026-05-17 11:17","[General] IsMultiIndex=0 DieCount=1 [Die_0] Row=0 Col=0 PosX=0.000000 PosY=0.000000 SizeX=957.000000 SizeY=1191.000000 ","-4635026"
"C:\job\VCAM Scan defects only\Setup1\Recipes\TPT\ExternalCoordSystems.ini",".ini","33","2017-07-24 17:26","2026-05-17 11:17","[ExternalCoordSystems] Count=0 ","-4634991"
"C:\job\VCAM Scan defects only\Setup1\Recipes\TPT\GlobalRTP.ini",".ini","3035","2025-02-11 11:03","2026-05-17 11:17","[GLOBAL_RTP] AdaptiveHistogram=0 AdaptiveHistogramByDieSegments=1 AdaptiveHistogramMinPixelCount=32 AreaForReduceFaults=","-662414"
"C:\job\VCAM Scan defects only\Setup1\Recipes\TPT\Job.dat",".dat","1852","2017-07-25 10:11","2026-05-17 11:17","  ���{��N��R\���X�% Surface Scan Area_0�     ��@!     �@:$02a178a1-8f95-400d-9e07-021d42909e65Default ","-4633986"
"C:\job\VCAM Scan defects only\Setup1\Recipes\TPT\JobIllumLimits.ini",".ini","85","2025-02-11 11:03","2026-05-17 11:17","[SW_QA-4] IllumCalibDate=2024-08-14 16:35:32 ForcedSkipToDate=2025-03-13 11:03:08 ","-662414"
"C:\job\VCAM Scan defects only\Setup1\Recipes\TPT\Metadata.ini",".ini","73","2017-07-25 11:44","2026-05-17 11:17","[General] name=TPT Id=90d06b30-79f6-48ae-b87b-95756ee5f122 Version=0 ","-4633893"
"C:\job\VCAM Scan defects only\Setup1\Recipes\TPT\OpticPreset.ini",".ini","979","2018-12-11 11:15","2026-05-17 11:17","[General] Signature=1 [Scan2d] Id=6d8c76f0-ce9d-40d7-8119-0b7a12067bc7 FocusPosAboveChuck=777.499863794052 Mag=5 CameraN","-3908162"
"C:\job\VCAM Scan defects only\Setup1\Recipes\TPT\ProductInfo.ini",".ini","2787","2025-03-05 16:04","2026-05-17 11:17","[General] GainOffsetMode=0 Reference_EdgeUncert=0 WaferTypeId=Patterned OCRWaferIDMask=II OCRWaferIDCtrlCharsMask= OCRCh","-630433"
"C:\job\VCAM Scan defects only\Setup1\Recipes\TPT\Recipe.ini",".ini","2444","2025-02-11 11:04","2026-05-17 11:17","[AutoCycle] AutoFocusEvery=1 ; None CleanReferenceEvery=1 ; None UnloadToAnotherCassette=0 ; Move wafers from Loadport A","-662413"
"C:\job\VCAM Scan defects only\Setup1\Recipes\TPT\RTP.txt",".txt","18355","2025-02-11 11:03","2026-05-17 11:17","[PostProcess]   ; Zone name Alg = Volume Shape_Violation_USL = 90000 ;  ( The Max bump volume allowed. )  Shape_Violatio","-662414"
"C:\job\VCAM Scan defects only\Setup1\Recipes\TPT\ScanOverlapLog.txt",".txt","450","2025-02-11 11:10","2026-05-17 11:17","Scan 2d Overlap [px], [um]; Pixel size = 1.693, 1.69 Minimum             :    32,   32,   54,   54 Detection           :","-662407"
"C:\job\VCAM Scan defects only\Setup1\Recipes\TPT\ScenariosMetadatas.ini",".ini","985","2018-12-11 11:14","2026-05-17 11:17","[General] Version=1 [Scan2d] Id=c3334313-e949-490d-bb88-d72c6d33d968 OpticsId=74a1dbb4-ddd8-46f7-ba71-bf5d6fc29602 Refer","-3908163"
"C:\job\VCAM Scan defects only\Setup1\Recipes\TPT\UniqueArea.ini",".ini","20","2017-07-24 16:49","2026-05-17 11:17","[General] Count=0 ","-4635028"
"C:\job\VCAM Scan defects only\Setup1\Recipes\TPT\Wafer2Table_LastKnown.ini",".ini","1122","2017-07-24 16:49","2026-05-17 11:17","[WAFER ALIGNMENT] Wafer2Table_X=          0.9999295194         0.0001177025   -150296.4001458308 Wafer2Table_Y=         ","-4635028"
"C:\job\VCAM Scan defects only\Setup1\Recipes\TPT\Wafer2Table.ini",".ini","1283","2025-02-11 11:03","2026-05-17 11:17","[WAFER ALIGNMENT] Wafer2Table_X=          0.9999929318        -0.0005088435   -154827.9432705407 Wafer2Table_Y=         ","-662414"
"C:\job\VCAM Scan defects only\Setup1\Recipes\TPT\WaferDataReadSettings.xml",".xml","195","2022-07-25 10:59","2026-05-17 11:17","<?xml version=""1.0""?> <WaferDataReadSettings xmlns:xsi=""http://www.w3.org/2001/XMLSchema-instance"" xmlns:xsd=""http://www","-2004498"
"C:\job\VCAM Scan defects only\Setup1\Recipes\TPT\Waferinfo.ini",".ini","393","2025-02-11 11:10","2026-05-17 11:17","[General] hd_cmm=False hd_alignment=True hd_scan=True hd_robot=False hd_verification=True key_userobot=False key_auto=Tr","-662407"
"C:\job\VCAM Scan defects only\Setup1\Recipes\TPT\WaferMapRecipe.ini",".ini","1260","2025-02-11 11:02","2026-05-17 11:17","[GENERAL] SettingsPolicy=1 FiducialBin=-1 ImportSubPath= UpdateSubPath= ExportInAutoCycle=0 ExportInManualScan=0 AfterEx","-662415"
"C:\job\VCAM Scan defects only\Setup1\Recipes\TPT\zones.ini",".ini","445","2017-07-25 10:11","2026-05-17 11:17","[General] Version=11 [ALGName] 255=PostProcess 0=Scan Area 1=Dark-3_5um 2=Bright-3_5um 3=Dark-5um 4=Bright-5um 5=Dark-10","-4633986"
"C:\job\VCAM Scan defects only\Setup1\Recipes\TPT\zones.txt",".txt","530","2017-07-25 10:11","2026-05-17 11:17","ScaleX =    1.0000000000; ScaleY =    1.0000000000   RefID       X        Y  Zone Count      Shape Data       1    478.5","-4633986"
"C:\job\VCAM Scan defects only\Setup1\Recipes\TPT\ZoneVerifyOptics.ini",".ini","51","2017-07-25 11:44","2026-05-17 11:17","[General] Version=1 UseSetGrabForOnlineVerify=0 ","-4633893"
"C:\job\VCAM Scan defects only\Setup1\Recipes\TPT\ZoomLevels.ini",".ini","179","2017-07-24 16:48","2026-05-17 11:17","[DIE] Step_X=1247.52066988039 Step_Y=1247.68386561697 [ZOOM_LEVELS] LEVEL_1=1 SaveCompressed=0 LEVEL_2=1 [LEVEL_1] SizeX","-4635029"
"C:\job\VCAM Scan defects only\Setup1\Recipes\TPT\.dc_cache\TransactionsHistory.ini",".ini","120","2023-03-20 19:13","2026-05-17 11:17","[DeprecatedInV0] Namespace.RuntimeEntities.RecipePartsCollection_Runtime|RecipePartsCollection|CleanReferenceParams=1 ","-1661284"
"C:\job\VCAM Scan defects only\Setup1\Recipes\TPT\EAGLET_106160\OpticsPreset.ini",".ini","500","2017-07-25 11:44","2026-05-17 11:17","[RobotSetup] Name=106160_12inch_sens.cfg [General] Signature=0 Scan2d-Id=b36d8485-c876-4785-8f70-b9773ca86130 Scan2d-ZPo","-4633893"
"C:\job\VCAM Scan defects only\Setup1\Recipes\TPT\OpticLightMetadata\config.ini",".ini","1131","2025-02-11 11:10","2026-05-17 11:17","[General] NominalDelta=0.000000000 Exist=0 targetPos_X=10592885482300052375351495947893948261085519603070163260109980132","-662407"
"C:\job\VCAM Scan defects only\Setup1\Recipes\TPT\ReferenceBackup\ZoomLevels.ini",".ini","179","2017-07-25 11:44","2026-05-17 11:17","[DIE] Step_X=1247.52066988039 Step_Y=1247.68386561697 [ZOOM_LEVELS] LEVEL_1=1 SaveCompressed=0 LEVEL_2=1 [LEVEL_1] SizeX","-4633893"
"C:\job\VCAM Scan defects only\Setup1\Recipes\TPT\SW_QA-4\OpticsPreset.ini",".ini","68","2023-03-20 19:13","2026-05-17 11:17","[Chuck] CenterX=158610.875 CenterY=138176.140625 CenterZ=-419.6 ","-1661285"
"C:\job\VCAM Scan defects only\Setup1\Recipes\TPT\TrainData\Die.ini",".ini","1000","2017-07-25 11:44","2026-05-17 11:17","[UNIQUE_PATTERN] Exists=0 [DIE] TrainFileExists=0 Frames_Format=1 Step_X=2107.000000 Step_Y=2096.000000 PixelSize_X=1.68","-4633893"
"C:\job\VCAM Scan defects only\Setup1\Recipes\TPT\TrainData\DieRefToTrain.txt",".txt","277","2017-07-25 11:44","2026-05-17 11:17","[DieRefToTrainImage] DR_2_TI_X=0.999999994567987 -0.000104230638998617 1251.15701246877 DR_2_TI_Y=0.000104230638998617 0","-4633893"
"C:\job\VCAM Scan defects only\Setup1\Recipes\TPT\TrainData\FrameToChuck.ini",".ini","160","2017-07-25 11:44","2026-05-17 11:17","[FrameToChuck] F2C_X=          1.6841197289         0.0001321961     -1293.5054783618 F2C_Y=         -0.0001321961      ","-4633893"
"C:\job\VCAM Scan defects only\Setup1\Recipes\TPT\TrainData\DieImage\DieImageToTable.ini",".ini","302","2017-07-25 11:44","2026-05-17 11:17","[DieImageToTable] I2T_X=1.68378898091718 0.000253474275405115 -1174.61785998963 I2T_Y=-0.000253501224577012 1.6836099809","-4633893"
"C:\job\VCAM Scan defects only\Setup1\Recipes\TPT\TrainData\DieImage\ZoomLevels.ini",".ini","169","2017-07-25 11:44","2026-05-17 11:17","[ZOOM_LEVELS] LEVEL_1=1 SaveCompressed=0 LEVEL_2=1 LEVEL_4=1 [LEVEL_1] SizeX=3905 SizeY=3824 [LEVEL_2] SizeX=1952 SizeY=","-4633893"
"C:\job\VCAM Scan defects only\Setup1\Recipes\TPT\WaferAlignData\Alignment_PatFindRtp.txt",".txt","485","2025-02-11 11:03","2026-05-17 11:17"," [11:03:27 02/11/25] Minimum Score           :  97    Minimum Start        :  90    Reduce Delta         :  10 Minimum T","-662414"
"C:\job\VCAM Scan defects only\Setup1\Recipes\TPT\WaferAlignData\Alignment_PatRes.txt",".txt","2243","2025-02-11 11:03","2026-05-17 11:17"," [11:03:27 02/11/25] ==========================================================================================  #    Co","-662414"
"C:\job\VCAM Scan defects only\Setup1\Recipes\TPT\WaferAlignData\Alignment_Stat.txt",".txt","1574","2025-02-11 11:03","2026-05-17 11:17","  [11:03:27 02/11/25] ==================================================================================================","-662414"
"C:\job\VCAM Scan defects only\Setup1\Recipes\TPT\WaferAlignData\AlignmentData.ini",".ini","32","2025-02-11 11:03","2026-05-17 11:17","[General] AlignmentTime=18742 ","-662414"
"C:\job\VCAM Scan defects only\Setup1\Recipes\TPT\WaferAlignData\AlignmentNotFound_rtp.txt",".txt","485","2025-02-06 15:51","2026-05-17 11:17"," [15:51:29 02/06/25] Minimum Score           :  85    Minimum Start        :  90    Reduce Delta         :  10 Minimum T","-669326"
"C:\job\VCAM Scan defects only\Setup1\Recipes\TPT\WaferAlignData\AlignmentStatisticsTime.txt",".txt","169","2025-02-11 11:03","2026-05-17 11:17","Alignment Statistics Grabbing Counter=14 Total=4768 Average=340.571442 Moving Counter=14 Total=5482 Average=391.571442 M","-662414"
"C:\job\VCAM Scan defects only\Setup1\Recipes\TPT\Zones\Bright-10um.ini",".ini","5795","2025-02-11 11:11","2026-05-17 11:17","[General] ZoneName=Bright-10um ZoneID=6 TypeName=Surface AutoTH=0 AutoProbe=0 [Surface] Enable=0 AlgorithmName=Surface C","-662406"
"C:\job\VCAM Scan defects only\Setup1\Recipes\TPT\Zones\Bright-3_5um.ini",".ini","5797","2025-02-11 11:11","2026-05-17 11:17","[General] ZoneName=Bright-3_5um ZoneID=2 TypeName=Surface AutoTH=0 AutoProbe=0 [Surface] Enable=0 AlgorithmName=Surface ","-662406"
"C:\job\VCAM Scan defects only\Setup1\Recipes\TPT\Zones\Bright-5um.ini",".ini","5794","2025-02-11 11:11","2026-05-17 11:17","[General] ZoneName=Bright-5um ZoneID=4 TypeName=Surface AutoTH=0 AutoProbe=0 [Surface] Enable=0 AlgorithmName=Surface Cl","-662406"
"C:\job\VCAM Scan defects only\Setup1\Recipes\TPT\Zones\Dark-10um.ini",".ini","5790","2025-02-11 11:11","2026-05-17 11:17","[General] ZoneName=Dark-10um ZoneID=5 TypeName=Surface AutoTH=0 AutoProbe=0 [Surface] Enable=0 AlgorithmName=Surface Cla","-662406"
"C:\job\VCAM Scan defects only\Setup1\Recipes\TPT\Zones\Dark-3_5um.ini",".ini","5792","2025-02-11 11:11","2026-05-17 11:17","[General] ZoneName=Dark-3_5um ZoneID=1 TypeName=Surface AutoTH=0 AutoProbe=0 [Surface] Enable=0 AlgorithmName=Surface Cl","-662406"
"C:\job\VCAM Scan defects only\Setup1\Recipes\TPT\Zones\Dark-5um.ini",".ini","5792","2025-02-11 11:11","2026-05-17 11:17","[General] ZoneName=Dark-5um ZoneID=3 TypeName=Surface AutoTH=0 AutoProbe=0 [Surface] Enable=0 AlgorithmName=Surface Clas","-662406"
"C:\job\VCAM Scan defects only\Setup1\Recipes\TPT\Zones\PostProcess.ini",".ini","1525","2025-02-11 11:11","2026-05-17 11:17","[General] ZoneName=PostProcess ZoneID=255 TypeName=PostProcess AutoTH=0 AutoProbe=0 [Volume] Enable=0 AlgorithmName=Volu","-662406"
"C:\job\VCAM Scan defects only\Setup1\Recipes\TPT\Zones\Scan Area.ini",".ini","5793","2025-02-11 11:11","2026-05-17 11:17","[General] ZoneName=Scan Area ZoneID=63 TypeName=Surface AutoTH=0 AutoProbe=0 [Surface] Enable=1 AlgorithmName=Surface Cl","-662406"
"C:\job\VCAM ScanAll And Grab\Metadata.ini",".ini","100","2025-03-05 16:13","2026-05-17 11:17","[General] name=VCAM ScanAll And Grab Id=fb440f3d-bcfd-4a16-a2b7-748b199b3d0f Version=1 JobTag= ","-630424"
"C:\job\VCAM ScanAll And Grab\VcamInstallerGuid.txt",".txt","36","2025-03-18 12:04","2026-05-17 11:17","a768aa22-3050-46d9-b4fc-0521e28c1ac6","-611953"
"C:\job\VCAM ScanAll And Grab\.audit\manifest.json",".json","414","2026-05-17 11:18","2026-05-17 11:18","{   ""jobName"": ""VCAM ScanAll And Grab"",   ""auditDbVersion"": ""1"",   ""created"": {     ""machine"": ""AMITA1"",     ""at"": ""2026","0"
"C:\job\VCAM ScanAll And Grab\Setup1\CTWRepeatabilityReport.xml",".xml","457","2020-12-21 12:18","2026-05-17 11:17","<?xml version=""1.0"" encoding=""utf-8""?> <Config xmlns:xsd=""http://www.w3.org/2001/XMLSchema"" xmlns:xsi=""http://www.w3.org","-2841060"
"C:\job\VCAM ScanAll And Grab\Setup1\DefectsClustering.ini",".ini","236","2022-05-22 16:32","2026-05-17 11:17","[General] Distance=0 SelectedFirstSortingList=Priority SelectedSecondSortingList=Area SelectedFirstSortingListOrder=Asce","-2096325"
"C:\job\VCAM ScanAll And Grab\Setup1\DieAlignment.dat_block.ini",".ini","117","2025-03-18 11:57","2026-05-17 11:17","[General] IsMultiIndex=0 DieCount=1 [Die_0] Row=0 Col=0 PosX=0.000 PosY=0.000 SizeX=957.000 SizeY=1191.000 ","-611960"
"C:\job\VCAM ScanAll And Grab\Setup1\Metadata.ini",".ini","108","2025-03-05 16:04","2026-05-17 11:17","[General] name=Setup1 Id=b1e358b8-f095-44c9-9561-e71c8f80a1a5 Version=1 LastActiveRecipe=Repeatability ","-630433"
"C:\job\VCAM ScanAll And Grab\Setup1\MultiRecipe.ini",".ini","232","2024-02-25 09:56","2026-05-17 11:17","[Scan] Recipes=0,2, recipe_1=,Repeatability,,,,,1 recipe_2=,TPT,,,,,2 SamplingCount=0 SamplingYield=0 MergingThreadCount","-1169361"
"C:\job\VCAM ScanAll And Grab\Setup1\ProductionInfo.ini",".ini","133","2024-02-25 09:56","2026-05-17 11:17","[General] WaferDefectsCount=0 WaferDefectDiceRatio=0.000 BatchPassWafersCount=0 WaferDefectClassId=0 WaferDefectClassIdC","-1169361"
"C:\job\VCAM ScanAll And Grab\Setup1\Scripts.ini",".ini","78","2020-12-09 14:26","2026-05-17 11:17","[General] ScriptAfterWaferPath = C:\CamtekProduction\Data\ScriptAfterScan.cmd","-2858211"
"C:\job\VCAM ScanAll And Grab\Setup1\Recipes\Repeatability\Alignment.ini",".ini","53","2025-03-05 16:06","2026-05-17 11:17","[WAFER ALIGNMENT] CoarseAlignDone=1 Rotate  w2t=0 ","-630431"
"C:\job\VCAM ScanAll And Grab\Setup1\Recipes\Repeatability\AlignmentData.ini",".ini","731","2022-05-22 16:32","2026-05-17 11:17","[General] MinScore=97 MinTargetScore=0 AlignPointsNum=10 ForceToGMF=0 IsAffineEnabled=1 [Point_0] X=159654.700193 Y=1512","-2096325"
"C:\job\VCAM ScanAll And Grab\Setup1\Recipes\Repeatability\AlignRTP.ini",".ini","2896","2025-03-18 11:57","2026-05-17 11:17","[DIE_MAPPING] ROI_Size=128 ROI_Offset=0 WaferMap_MinScore=50 _04_DIE_MAPPING=0 [306a7e84-3bae-4443-bedf-ea9321f61841] 30","-611960"
"C:\job\VCAM ScanAll And Grab\Setup1\Recipes\Repeatability\CleanReferenceFinalParams.ini",".ini","980","2024-02-04 20:03","2026-05-17 11:17","[FramePerSecond] Value=140 [General] Version=2 [CleanRefParams] SizeX=2048 SizeY=2048 minCriteria=-2 maxCriteria=-1 minC","-1198994"
"C:\job\VCAM ScanAll And Grab\Setup1\Recipes\Repeatability\CreateReference3dOptions.ini",".ini","307","2022-05-22 16:31","2026-05-17 11:17","[General] Version=0 Debug=0 [Registration] ReferenceRegBy=0 BigBlockRowsNumber=1000 YPartitionsNumber=3 MaxErrorPix=5 PS","-2096326"
"C:\job\VCAM ScanAll And Grab\Setup1\Recipes\Repeatability\DefaultWafer2Table.ini",".ini","1021","2024-02-25 09:26","2026-05-17 11:17","[WAFER ALIGNMENT] Wafer2Table_X=          0.9999577350         0.0053674849   -153582.0178077489 Wafer2Table_Y=         ","-1169391"
"C:\job\VCAM ScanAll And Grab\Setup1\Recipes\Repeatability\DieAlignment.dat_block.ini",".ini","129","2017-07-24 16:51","2026-05-17 11:17","[General] IsMultiIndex=0 DieCount=1 [Die_0] Row=0 Col=0 PosX=0.000000 PosY=0.000000 SizeX=957.000000 SizeY=1191.000000 ","-4635026"
"C:\job\VCAM ScanAll And Grab\Setup1\Recipes\Repeatability\ExternalCoordSystems.ini",".ini","33","2017-07-24 17:26","2026-05-17 11:17","[ExternalCoordSystems] Count=0 ","-4634991"
"C:\job\VCAM ScanAll And Grab\Setup1\Recipes\Repeatability\GlobalRTP.ini",".ini","2749","2022-05-22 17:19","2026-05-17 11:17","[GLOBAL_RTP] AdaptiveHistogram=0 AdaptiveHistogramByDieSegments=1 AdaptiveHistogramMinPixelCount=32 AreaForReduceFaults=","-2096278"
"C:\job\VCAM ScanAll And Grab\Setup1\Recipes\Repeatability\Job.dat",".dat","1864","2017-12-03 22:33","2026-05-17 11:17","  =*[��G��#�>��� Repeatability 3�2Surface0���������8 (C y $1c1ab1fa-0699-45d5-bdeb-0552261bd443Q�$  ","-4444604"
"C:\job\VCAM ScanAll And Grab\Setup1\Recipes\Repeatability\JobIllumLimits.ini",".ini","182","2018-12-10 22:30","2026-05-17 11:17","[EAGLET_106249] IllumCalibDate=2018-03-18 14:37:27 ForcedSkipToDate=2018-03-20 15:12:21 [EAGLET_106384] IllumCalibDate=2","-3908927"
"C:\job\VCAM ScanAll And Grab\Setup1\Recipes\Repeatability\Metadata.ini",".ini","158","2024-02-25 09:30","2026-05-17 11:17","[General] name=Repeatability Id=8b34fbba-c33b-4d14-86cf-09690b26a992 Version=0 [GeneralOnlineVerificationParams] UseSetG","-1169387"
"C:\job\VCAM ScanAll And Grab\Setup1\Recipes\Repeatability\OpticPreset.ini",".ini","3288","2024-02-25 09:30","2026-05-17 11:17","[General] Signature=1 [Scan2d] Id=2b77bbc9-77c1-4019-bddd-5a13dbb33ef4 FocusPosAboveChuck=809.988337887835 Mag=5 CameraN","-1169387"
"C:\job\VCAM ScanAll And Grab\Setup1\Recipes\Repeatability\OpticToVCamStorage.json",".json","360","2025-03-18 11:58","2026-05-17 11:17","[   {     ""OpticId"": ""3259d894-0b5e-4b4c-9d2c-09a857ca8b81"",     ""Scenario"": ""Scan"",     ""IsAutoFocus"": false,     ""Stor","-611959"
"C:\job\VCAM ScanAll And Grab\Setup1\Recipes\Repeatability\ProductInfo.ini",".ini","3263","2025-03-18 11:57","2026-05-17 11:17","[General] GainOffsetMode=0 Reference_EdgeUncert=0 WaferTypeId=Patterned OCRWaferIDMask=II OCRWaferIDCtrlCharsMask= OCRCh","-611960"
"C:\job\VCAM ScanAll And Grab\Setup1\Recipes\Repeatability\Recipe.ini",".ini","2544","2025-03-05 16:12","2026-05-17 11:17","[AutoCycle] AutoFocusEvery=1 ; None CleanReferenceEvery=1 ; None UnloadToAnotherCassette=0 ; Move wafers from Loadport A","-630425"
"C:\job\VCAM ScanAll And Grab\Setup1\Recipes\Repeatability\RTP.txt",".txt","18342","2022-05-22 17:19","2026-05-17 11:17","[PostProcess]   ; Zone name Alg = Volume Shape_Violation_USL = 90000 ;  ( The Max bump volume allowed. )  Shape_Violatio","-2096278"
"C:\job\VCAM ScanAll And Grab\Setup1\Recipes\Repeatability\ScanOverlapLog.txt",".txt","450","2025-03-18 11:57","2026-05-17 11:17","Scan 2d Overlap [px], [um]; Pixel size = 1.693, 1.69 Minimum             :    32,   32,   54,   54 Detection           :","-611960"
"C:\job\VCAM ScanAll And Grab\Setup1\Recipes\Repeatability\ScenarioMetadataGrab.xml",".xml","1117","2024-02-25 09:30","2026-05-17 11:17","<MultiOpticsScenarioGrabConfiguration VersionNumber=""2.0"">   <ScenarioGrab Id=""ec72be0a-8d27-4e9a-9c2d-17dc8334987e"" Nam","-1169387"
"C:\job\VCAM ScanAll And Grab\Setup1\Recipes\Repeatability\ScenariosMetadatas.ini",".ini","1106","2024-02-25 09:25","2026-05-17 11:17","[General] Version=1 [Scan2d] Id=4b00a21d-d12b-46ac-88e7-085ba3c125ec OpticsId=3259d894-0b5e-4b4c-9d2c-09a857ca8b81 Refer","-1169392"
"C:\job\VCAM ScanAll And Grab\Setup1\Recipes\Repeatability\UniqueArea.ini",".ini","20","2017-07-24 16:49","2026-05-17 11:17","[General] Count=0 ","-4635028"
"C:\job\VCAM ScanAll And Grab\Setup1\Recipes\Repeatability\Wafer2Table_LastKnown.ini",".ini","1120","2017-08-16 10:58","2026-05-17 11:17","[WAFER ALIGNMENT] Wafer2Table_X=          1.0000000000         0.0000000000   -156935.0399285386 Wafer2Table_Y=         ","-4602259"
"C:\job\VCAM ScanAll And Grab\Setup1\Recipes\Repeatability\Wafer2Table.ini",".ini","1290","2025-03-18 11:57","2026-05-17 11:17","[WAFER ALIGNMENT] Wafer2Table_X=          1.0000136778        -0.0007891480   -152711.1226924140 Wafer2Table_Y=         ","-611960"
"C:\job\VCAM ScanAll And Grab\Setup1\Recipes\Repeatability\WaferDataReadSettings.xml",".xml","195","2022-07-06 20:43","2026-05-17 11:17","<?xml version=""1.0""?> <WaferDataReadSettings xmlns:xsi=""http://www.w3.org/2001/XMLSchema-instance"" xmlns:xsd=""http://www","-2031274"
"C:\job\VCAM ScanAll And Grab\Setup1\Recipes\Repeatability\Waferinfo.ini",".ini","484","2025-03-18 11:56","2026-05-17 11:17","[General] hd_cmm=False hd_alignment=True hd_scan=True hd_robot=False hd_verification=True key_userobot=False key_auto=Tr","-611961"
"C:\job\VCAM ScanAll And Grab\Setup1\Recipes\Repeatability\WaferMapRecipe.ini",".ini","1264","2025-03-05 16:10","2026-05-17 11:17","[GENERAL] SettingsPolicy=0 FiducialBin=-1 ImportSubPath= UpdateSubPath= ExportInAutoCycle=0 ExportInManualScan=0 AfterEx","-630427"
"C:\job\VCAM ScanAll And Grab\Setup1\Recipes\Repeatability\zones.ini",".ini","513","2024-02-25 09:27","2026-05-17 11:17","[General] Version=11 [ALGName] 255=PostProcess 0=Scan Area 1=Dark-3_5um 2=Bright-3_5um 3=Dark-5um 4=Bright-5um 5=Dark-10","-1169390"
"C:\job\VCAM ScanAll And Grab\Setup1\Recipes\Repeatability\zones.txt",".txt","530","2024-02-25 09:27","2026-05-17 11:17","ScaleX =    1.0000000000; ScaleY =    1.0000000000   RefID       X        Y  Zone Count      Shape Data       1    478.5","-1169390"
"C:\job\VCAM ScanAll And Grab\Setup1\Recipes\Repeatability\ZoneVerifyOptics.ini",".ini","51","2017-07-25 11:44","2026-05-17 11:17","[General] Version=1 UseSetGrabForOnlineVerify=0 ","-4633893"
"C:\job\VCAM ScanAll And Grab\Setup1\Recipes\Repeatability\ZoomLevels.ini",".ini","179","2017-07-25 11:44","2026-05-17 11:17","[DIE] Step_X=1247.52066988039 Step_Y=1247.68386561697 [ZOOM_LEVELS] LEVEL_1=1 SaveCompressed=0 LEVEL_2=1 [LEVEL_1] SizeX","-4633893"
"C:\job\VCAM ScanAll And Grab\Setup1\Recipes\Repeatability\.dc_cache\TransactionsHistory.ini",".ini","366","2024-02-25 09:30","2026-05-17 11:17","[DeprecatedInV0] Namespace.RuntimeEntities.RecipePartsCollection_Runtime|RecipePartsCollection|CleanReferenceParams=1 Na","-1169387"
"C:\job\VCAM ScanAll And Grab\Setup1\Recipes\Repeatability\EAGLET_106160\OpticsPreset.ini",".ini","500","2017-07-25 11:44","2026-05-17 11:17","[RobotSetup] Name=106160_12inch_sens.cfg [General] Signature=0 Scan2d-Id=36d0b0c9-e250-4577-b197-ac9c8bbdd436 Scan2d-ZPo","-4633893"
"C:\job\VCAM ScanAll And Grab\Setup1\Recipes\Repeatability\FocusMapping\FocusMapping.ini",".ini","2027","2025-03-05 16:06","2026-05-17 11:17","[Mode] AutoFocusRange=100 CreateSurfaceScore=Good MinMatchModelScore=Good DurationOfOneSite=3 NumOfDiceToScan=15 Resolut","-630431"
"C:\job\VCAM ScanAll And Grab\Setup1\Recipes\Repeatability\OpticLightMetadata\config.ini",".ini","292","2025-03-18 11:57","2026-05-17 11:17","[General] NominalDelta=0.000000000 Exist=0 targetPos_X=0.000000000 targetPos_Y=0.000000000 minY=0.000000000 minX=0.00000","-611960"
"C:\job\VCAM ScanAll And Grab\Setup1\Recipes\Repeatability\ReferenceBackup\ZoomLevels.ini",".ini","179","2017-07-25 11:44","2026-05-17 11:17","[DIE] Step_X=1247.52066988039 Step_Y=1247.68386561697 [ZOOM_LEVELS] LEVEL_1=1 SaveCompressed=0 LEVEL_2=1 [LEVEL_1] SizeX","-4633893"
"C:\job\VCAM ScanAll And Grab\Setup1\Recipes\Repeatability\TrainData\Die.ini",".ini","1029","2024-02-04 20:03","2026-05-17 11:17","[UNIQUE_PATTERN] Exists=0 [DIE] TrainFileExists=0 Frames_Format=1 Step_X=2107.000000 Step_Y=2096.000000 PixelSize_X=1.68","-1198994"
"C:\job\VCAM ScanAll And Grab\Setup1\Recipes\Repeatability\TrainData\DieRefToTrain.txt",".txt","277","2017-07-25 11:44","2026-05-17 11:17","[DieRefToTrainImage] DR_2_TI_X=0.999999994567987 -0.000104230638998617 1251.15701246877 DR_2_TI_Y=0.000104230638998617 0","-4633893"
"C:\job\VCAM ScanAll And Grab\Setup1\Recipes\Repeatability\TrainData\FrameToChuck.ini",".ini","160","2017-07-25 11:44","2026-05-17 11:17","[FrameToChuck] F2C_X=          1.6841197289         0.0001321961     -1293.5054783618 F2C_Y=         -0.0001321961      ","-4633893"
"C:\job\VCAM ScanAll And Grab\Setup1\Recipes\Repeatability\TrainData\ZonesVectorInfo.csv",".csv","464","2024-02-25 09:27","2026-05-17 11:17","ID,zone,X,Y,SizeX,SizeY,ShapeType,Angle,Is3d 15,Dark-3_5um,707.19138,727.31952,13.4703119999999,13.46888,1,0,0 1,Bright-","-1169390"
"C:\job\VCAM ScanAll And Grab\Setup1\Recipes\Repeatability\TrainData\DieImage\DieImageToTable.ini",".ini","302","2017-07-25 11:44","2026-05-17 11:17","[DieImageToTable] I2T_X=1.68378898091718 0.000253474275405115 -1174.61785998963 I2T_Y=-0.000253501224577012 1.6836099809","-4633893"
"C:\job\VCAM ScanAll And Grab\Setup1\Recipes\Repeatability\TrainData\DieImage\ZoomLevels.ini",".ini","169","2017-07-25 11:44","2026-05-17 11:17","[ZOOM_LEVELS] LEVEL_1=1 SaveCompressed=0 LEVEL_2=1 LEVEL_4=1 [LEVEL_1] SizeX=3905 SizeY=3824 [LEVEL_2] SizeX=1952 SizeY=","-4633893"
"C:\job\VCAM ScanAll And Grab\Setup1\Recipes\Repeatability\WaferAlignData\Alignment_PatFindRtp.txt",".txt","485","2025-03-18 11:57","2026-05-17 11:17"," [11:57:11 03/18/25] Minimum Score           :  97    Minimum Start        :  90    Reduce Delta         :  10 Minimum T","-611960"
"C:\job\VCAM ScanAll And Grab\Setup1\Recipes\Repeatability\WaferAlignData\Alignment_PatRes.txt",".txt","2243","2025-03-18 11:57","2026-05-17 11:17"," [11:57:11 03/18/25] ==========================================================================================  #    Co","-611960"
"C:\job\VCAM ScanAll And Grab\Setup1\Recipes\Repeatability\WaferAlignData\Alignment_Stat.txt",".txt","1574","2025-03-18 11:57","2026-05-17 11:17","  [11:57:11 03/18/25] ==================================================================================================","-611960"
"C:\job\VCAM ScanAll And Grab\Setup1\Recipes\Repeatability\WaferAlignData\AlignmentData.ini",".ini","32","2025-03-18 11:57","2026-05-17 11:17","[General] AlignmentTime=12673 ","-611960"
"C:\job\VCAM ScanAll And Grab\Setup1\Recipes\Repeatability\WaferAlignData\AlignmentStatisticsTime.txt",".txt","169","2025-03-18 11:57","2026-05-17 11:17","Alignment Statistics Grabbing Counter=14 Total=4545 Average=324.642853 Moving Counter=14 Total=5375 Average=383.928558 M","-611960"
"C:\job\VCAM ScanAll And Grab\Setup1\Recipes\Repeatability\Zones\Bright-10um.ini",".ini","5687","2025-02-11 11:03","2026-05-17 11:17","[General] ZoneName=Bright-10um ZoneID=6 TypeName=Surface AutoTH=0 AutoProbe=0 [Surface] Enable=1 AlgorithmName=Surface C","-662414"
"C:\job\VCAM ScanAll And Grab\Setup1\Recipes\Repeatability\Zones\Bright-3_5um.ini",".ini","5689","2025-02-11 11:03","2026-05-17 11:17","[General] ZoneName=Bright-3_5um ZoneID=2 TypeName=Surface AutoTH=0 AutoProbe=0 [Surface] Enable=1 AlgorithmName=Surface ","-662414"
"C:\job\VCAM ScanAll And Grab\Setup1\Recipes\Repeatability\Zones\Bright-5um.ini",".ini","5686","2025-02-11 11:03","2026-05-17 11:17","[General] ZoneName=Bright-5um ZoneID=4 TypeName=Surface AutoTH=0 AutoProbe=0 [Surface] Enable=1 AlgorithmName=Surface Cl","-662414"
"C:\job\VCAM ScanAll And Grab\Setup1\Recipes\Repeatability\Zones\Dark-10um.ini",".ini","5682","2025-02-11 11:03","2026-05-17 11:17","[General] ZoneName=Dark-10um ZoneID=5 TypeName=Surface AutoTH=0 AutoProbe=0 [Surface] Enable=1 AlgorithmName=Surface Cla","-662414"
"C:\job\VCAM ScanAll And Grab\Setup1\Recipes\Repeatability\Zones\Dark-3_5um.ini",".ini","5684","2025-02-11 11:03","2026-05-17 11:17","[General] ZoneName=Dark-3_5um ZoneID=1 TypeName=Surface AutoTH=0 AutoProbe=0 [Surface] Enable=1 AlgorithmName=Surface Cl","-662414"
"C:\job\VCAM ScanAll And Grab\Setup1\Recipes\Repeatability\Zones\Dark-5um.ini",".ini","5684","2025-02-11 11:03","2026-05-17 11:17","[General] ZoneName=Dark-5um ZoneID=3 TypeName=Surface AutoTH=0 AutoProbe=0 [Surface] Enable=1 AlgorithmName=Surface Clas","-662414"
"C:\job\VCAM ScanAll And Grab\Setup1\Recipes\Repeatability\Zones\PostProcess.ini",".ini","1813","2025-02-11 11:03","2026-05-17 11:17","[General] ZoneName=PostProcess ZoneID=255 TypeName=PostProcess AutoTH=0 AutoProbe=0 [Volume] Enable=0 AlgorithmName=Volu","-662414"
"C:\job\VCAM ScanAll And Grab\Setup1\Recipes\Repeatability\Zones\Scan Area.ini",".ini","5670","2025-02-11 11:03","2026-05-17 11:17","[General] ZoneName=Scan Area ZoneID=63 TypeName=Surface AutoTH=0 AutoProbe=0 [Surface] Enable=0 AlgorithmName=Surface Cl","-662414"
"C:\job\VCAM ScanAll And Grab\Setup1\Recipes\Repeatability DIMA\Alignment.ini",".ini","53","2024-02-25 09:24","2026-05-17 11:17","[WAFER ALIGNMENT] CoarseAlignDone=0 Rotate  w2t=0 ","-1169393"
"C:\job\VCAM ScanAll And Grab\Setup1\Recipes\Repeatability DIMA\AlignmentData.ini",".ini","731","2022-05-22 16:32","2026-05-17 11:17","[General] MinScore=97 MinTargetScore=0 AlignPointsNum=10 ForceToGMF=0 IsAffineEnabled=1 [Point_0] X=159654.700193 Y=1512","-2096325"
"C:\job\VCAM ScanAll And Grab\Setup1\Recipes\Repeatability DIMA\AlignRTP.ini",".ini","2822","2024-02-25 10:00","2026-05-17 11:17","[DIE_MAPPING] ROI_Size=128 ROI_Offset=0 WaferMap_MinScore=50 _04_DIE_MAPPING=0 [306a7e84-3bae-4443-bedf-ea9321f61841] 30","-1169357"
"C:\job\VCAM ScanAll And Grab\Setup1\Recipes\Repeatability DIMA\CleanReferenceFinalParams.ini",".ini","980","2024-02-04 20:03","2026-05-17 11:17","[FramePerSecond] Value=140 [General] Version=2 [CleanRefParams] SizeX=2048 SizeY=2048 minCriteria=-2 maxCriteria=-1 minC","-1198994"
"C:\job\VCAM ScanAll And Grab\Setup1\Recipes\Repeatability DIMA\CreateReference3dOptions.ini",".ini","307","2022-05-22 16:31","2026-05-17 11:17","[General] Version=0 Debug=0 [Registration] ReferenceRegBy=0 BigBlockRowsNumber=1000 YPartitionsNumber=3 MaxErrorPix=5 PS","-2096326"
"C:\job\VCAM ScanAll And Grab\Setup1\Recipes\Repeatability DIMA\DefaultWafer2Table.ini",".ini","1021","2024-02-25 09:26","2026-05-17 11:17","[WAFER ALIGNMENT] Wafer2Table_X=          0.9999577350         0.0053674849   -153582.0178077489 Wafer2Table_Y=         ","-1169391"
"C:\job\VCAM ScanAll And Grab\Setup1\Recipes\Repeatability DIMA\DieAlignment.dat_block.ini",".ini","129","2017-07-24 16:51","2026-05-17 11:17","[General] IsMultiIndex=0 DieCount=1 [Die_0] Row=0 Col=0 PosX=0.000000 PosY=0.000000 SizeX=957.000000 SizeY=1191.000000 ","-4635026"
"C:\job\VCAM ScanAll And Grab\Setup1\Recipes\Repeatability DIMA\ExternalCoordSystems.ini",".ini","33","2017-07-24 17:26","2026-05-17 11:17","[ExternalCoordSystems] Count=0 ","-4634991"
"C:\job\VCAM ScanAll And Grab\Setup1\Recipes\Repeatability DIMA\GlobalRTP.ini",".ini","3051","2024-02-25 09:57","2026-05-17 11:17","[GLOBAL_RTP] AdaptiveHistogram=0 AdaptiveHistogramByDieSegments=1 AdaptiveHistogramMinPixelCount=32 AreaForReduceFaults=","-1169360"
"C:\job\VCAM ScanAll And Grab\Setup1\Recipes\Repeatability DIMA\Job.dat",".dat","1864","2017-12-03 22:33","2026-05-17 11:17","  =*[��G��#�>��� Repeatability 3�2Surface0���������8 (C y $1c1ab1fa-0699-45d5-bdeb-0552261bd443Q�$  ","-4444604"
"C:\job\VCAM ScanAll And Grab\Setup1\Recipes\Repeatability DIMA\JobIllumLimits.ini",".ini","182","2018-12-10 22:30","2026-05-17 11:17","[EAGLET_106249] IllumCalibDate=2018-03-18 14:37:27 ForcedSkipToDate=2018-03-20 15:12:21 [EAGLET_106384] IllumCalibDate=2","-3908927"
"C:\job\VCAM ScanAll And Grab\Setup1\Recipes\Repeatability DIMA\Metadata.ini",".ini","158","2024-02-25 09:30","2026-05-17 11:17","[General] name=Repeatability Id=8b34fbba-c33b-4d14-86cf-09690b26a992 Version=0 [GeneralOnlineVerificationParams] UseSetG","-1169387"
"C:\job\VCAM ScanAll And Grab\Setup1\Recipes\Repeatability DIMA\OpticPreset.ini",".ini","3288","2024-02-25 09:30","2026-05-17 11:17","[General] Signature=1 [Scan2d] Id=2b77bbc9-77c1-4019-bddd-5a13dbb33ef4 FocusPosAboveChuck=809.988337887835 Mag=5 CameraN","-1169387"
"C:\job\VCAM ScanAll And Grab\Setup1\Recipes\Repeatability DIMA\ProductInfo.ini",".ini","3204","2024-03-05 14:18","2026-05-17 11:17","[General] GainOffsetMode=0 Reference_EdgeUncert=0 WaferTypeId=Patterned OCRWaferIDMask=II OCRWaferIDCtrlCharsMask= OCRCh","-1156139"
"C:\job\VCAM ScanAll And Grab\Setup1\Recipes\Repeatability DIMA\Recipe.ini",".ini","3976","2024-02-25 10:00","2026-05-17 11:17","[AutoCycle] AutoFocusEvery=1 ; None CleanReferenceEvery=1 ; None UnloadToAnotherCassette=0 ; Move wafers from Loadport A","-1169357"
"C:\job\VCAM ScanAll And Grab\Setup1\Recipes\Repeatability DIMA\RTP.txt",".txt","11460","2024-02-25 09:57","2026-05-17 11:17","[PostProcess]   ; Zone name Alg = Volume Shape_Violation_USL = 90000 ;  ( The Max bump volume allowed. )  Shape_Violatio","-1169360"
"C:\job\VCAM ScanAll And Grab\Setup1\Recipes\Repeatability DIMA\ScanOverlapLog.txt",".txt","450","2024-02-25 10:00","2026-05-17 11:17","Scan 2d Overlap [px], [um]; Pixel size = 1.693, 1.69 Minimum             :    32,   32,   54,   54 Detection           :","-1169357"
"C:\job\VCAM ScanAll And Grab\Setup1\Recipes\Repeatability DIMA\ScenarioMetadataGrab.xml",".xml","1117","2024-02-25 09:30","2026-05-17 11:17","<MultiOpticsScenarioGrabConfiguration VersionNumber=""2.0"">   <ScenarioGrab Id=""ec72be0a-8d27-4e9a-9c2d-17dc8334987e"" Nam","-1169387"
"C:\job\VCAM ScanAll And Grab\Setup1\Recipes\Repeatability DIMA\ScenariosMetadatas.ini",".ini","1106","2024-02-25 09:25","2026-05-17 11:17","[General] Version=1 [Scan2d] Id=4b00a21d-d12b-46ac-88e7-085ba3c125ec OpticsId=3259d894-0b5e-4b4c-9d2c-09a857ca8b81 Refer","-1169392"
"C:\job\VCAM ScanAll And Grab\Setup1\Recipes\Repeatability DIMA\UniqueArea.ini",".ini","20","2017-07-24 16:49","2026-05-17 11:17","[General] Count=0 ","-4635028"
"C:\job\VCAM ScanAll And Grab\Setup1\Recipes\Repeatability DIMA\Wafer2Table_LastKnown.ini",".ini","1120","2017-08-16 10:58","2026-05-17 11:17","[WAFER ALIGNMENT] Wafer2Table_X=          1.0000000000         0.0000000000   -156935.0399285386 Wafer2Table_Y=         ","-4602259"
"C:\job\VCAM ScanAll And Grab\Setup1\Recipes\Repeatability DIMA\Wafer2Table.ini",".ini","1021","2024-02-25 09:26","2026-05-17 11:17","[WAFER ALIGNMENT] Wafer2Table_X=          0.9999577350         0.0053674849   -153582.0178077489 Wafer2Table_Y=         ","-1169392"
"C:\job\VCAM ScanAll And Grab\Setup1\Recipes\Repeatability DIMA\WaferDataReadSettings.xml",".xml","195","2022-07-06 20:43","2026-05-17 11:17","<?xml version=""1.0""?> <WaferDataReadSettings xmlns:xsi=""http://www.w3.org/2001/XMLSchema-instance"" xmlns:xsd=""http://www","-2031274"
"C:\job\VCAM ScanAll And Grab\Setup1\Recipes\Repeatability DIMA\Waferinfo.ini",".ini","459","2024-02-25 10:00","2026-05-17 11:17","[General] hd_cmm=False hd_alignment=True hd_scan=True hd_robot=False hd_verification=True key_userobot=False key_auto=Tr","-1169358"
"C:\job\VCAM ScanAll And Grab\Setup1\Recipes\Repeatability DIMA\WaferMapRecipe.ini",".ini","1260","2025-02-11 11:02","2026-05-17 11:17","[GENERAL] SettingsPolicy=1 FiducialBin=-1 ImportSubPath= UpdateSubPath= ExportInAutoCycle=0 ExportInManualScan=0 AfterEx","-662415"
"C:\job\VCAM ScanAll And Grab\Setup1\Recipes\Repeatability DIMA\zones.ini",".ini","361","2024-02-25 09:57","2026-05-17 11:17","[General] Version=11 [ALGName] 255=PostProcess 0=Scan Area 1=Dark-3_5um 2=Bright-3_5um 3=Dark-5um [ALG] 255=PostProcess ","-1169360"
"C:\job\VCAM ScanAll And Grab\Setup1\Recipes\Repeatability DIMA\zones.txt",".txt","350","2024-02-25 09:57","2026-05-17 11:17","ScaleX =    1.0000000000; ScaleY =    1.0000000000   RefID       X        Y  Zone Count      Shape Data       1    478.5","-1169360"
"C:\job\VCAM ScanAll And Grab\Setup1\Recipes\Repeatability DIMA\ZoneVerifyOptics.ini",".ini","51","2024-02-25 09:57","2026-05-17 11:17","[General] Version=1 UseSetGrabForOnlineVerify=0 ","-1169360"
"C:\job\VCAM ScanAll And Grab\Setup1\Recipes\Repeatability DIMA\ZoomLevels.ini",".ini","179","2017-07-25 11:44","2026-05-17 11:17","[DIE] Step_X=1247.52066988039 Step_Y=1247.68386561697 [ZOOM_LEVELS] LEVEL_1=1 SaveCompressed=0 LEVEL_2=1 [LEVEL_1] SizeX","-4633893"
"C:\job\VCAM ScanAll And Grab\Setup1\Recipes\Repeatability DIMA\.dc_cache\TransactionsHistory.ini",".ini","366","2024-02-25 09:30","2026-05-17 11:17","[DeprecatedInV0] Namespace.RuntimeEntities.RecipePartsCollection_Runtime|RecipePartsCollection|CleanReferenceParams=1 Na","-1169387"
"C:\job\VCAM ScanAll And Grab\Setup1\Recipes\Repeatability DIMA\EAGLET_106160\OpticsPreset.ini",".ini","500","2017-07-25 11:44","2026-05-17 11:17","[RobotSetup] Name=106160_12inch_sens.cfg [General] Signature=0 Scan2d-Id=36d0b0c9-e250-4577-b197-ac9c8bbdd436 Scan2d-ZPo","-4633893"
"C:\job\VCAM ScanAll And Grab\Setup1\Recipes\Repeatability DIMA\FocusMapping\FocusMapping.ini",".ini","1928","2024-02-25 09:31","2026-05-17 11:17","[Mode] AutoFocusRange=100 CreateSurfaceScore=Good MinMatchModelScore=Good DurationOfOneSite=3 NumOfDiceToScan=15 Resolut","-1169387"
"C:\job\VCAM ScanAll And Grab\Setup1\Recipes\Repeatability DIMA\OpticLightMetadata\config.ini",".ini","259","2024-02-25 10:00","2026-05-17 11:17","[General] NominalDelta=0.000000 Exist=0 targetPos_X=0.000000 targetPos_Y=0.000000 minY=0.000000 minX=0.000000 maxY=0.000","-1169357"
"C:\job\VCAM ScanAll And Grab\Setup1\Recipes\Repeatability DIMA\ReferenceBackup\ZoomLevels.ini",".ini","179","2017-07-25 11:44","2026-05-17 11:17","[DIE] Step_X=1247.52066988039 Step_Y=1247.68386561697 [ZOOM_LEVELS] LEVEL_1=1 SaveCompressed=0 LEVEL_2=1 [LEVEL_1] SizeX","-4633893"
"C:\job\VCAM ScanAll And Grab\Setup1\Recipes\Repeatability DIMA\TrainData\Die.ini",".ini","1029","2024-02-04 20:03","2026-05-17 11:17","[UNIQUE_PATTERN] Exists=0 [DIE] TrainFileExists=0 Frames_Format=1 Step_X=2107.000000 Step_Y=2096.000000 PixelSize_X=1.68","-1198994"
"C:\job\VCAM ScanAll And Grab\Setup1\Recipes\Repeatability DIMA\TrainData\DieRefToTrain.txt",".txt","277","2017-07-25 11:44","2026-05-17 11:17","[DieRefToTrainImage] DR_2_TI_X=0.999999994567987 -0.000104230638998617 1251.15701246877 DR_2_TI_Y=0.000104230638998617 0","-4633893"
"C:\job\VCAM ScanAll And Grab\Setup1\Recipes\Repeatability DIMA\TrainData\FrameToChuck.ini",".ini","160","2017-07-25 11:44","2026-05-17 11:17","[FrameToChuck] F2C_X=          1.6841197289         0.0001321961     -1293.5054783618 F2C_Y=         -0.0001321961      ","-4633893"
"C:\job\VCAM ScanAll And Grab\Setup1\Recipes\Repeatability DIMA\TrainData\ZonesVectorInfo.csv",".csv","252","2024-02-25 09:57","2026-05-17 11:17","ID,zone,X,Y,SizeX,SizeY,ShapeType,Angle,Is3d 15,Dark-3_5um,707.19138,727.31952,13.4703119999999,13.46888,1,0,0 1,Bright-","-1169360"
"C:\job\VCAM ScanAll And Grab\Setup1\Recipes\Repeatability DIMA\TrainData\DieImage\DieImageToTable.ini",".ini","302","2017-07-25 11:44","2026-05-17 11:17","[DieImageToTable] I2T_X=1.68378898091718 0.000253474275405115 -1174.61785998963 I2T_Y=-0.000253501224577012 1.6836099809","-4633893"
"C:\job\VCAM ScanAll And Grab\Setup1\Recipes\Repeatability DIMA\TrainData\DieImage\ZoomLevels.ini",".ini","169","2017-07-25 11:44","2026-05-17 11:17","[ZOOM_LEVELS] LEVEL_1=1 SaveCompressed=0 LEVEL_2=1 LEVEL_4=1 [LEVEL_1] SizeX=3905 SizeY=3824 [LEVEL_2] SizeX=1952 SizeY=","-4633893"
"C:\job\VCAM ScanAll And Grab\Setup1\Recipes\Repeatability DIMA\WaferAlignData\Alignment_PatFindRtp.txt",".txt","485","2024-02-25 09:25","2026-05-17 11:17"," [09:25:25 02/25/24] Minimum Score           :  97    Minimum Start        :  90    Reduce Delta         :  10 Minimum T","-1169392"
"C:\job\VCAM ScanAll And Grab\Setup1\Recipes\Repeatability DIMA\WaferAlignData\Alignment_PatRes.txt",".txt","1813","2024-02-25 09:25","2026-05-17 11:17"," [09:25:25 02/25/24] ==========================================================================================  #    Co","-1169392"
"C:\job\VCAM ScanAll And Grab\Setup1\Recipes\Repeatability DIMA\WaferAlignData\Alignment_Stat.txt",".txt","426","2024-02-25 09:25","2026-05-17 11:17","  [09:25:25 02/25/24] ==================================================================================================","-1169392"
"C:\job\VCAM ScanAll And Grab\Setup1\Recipes\Repeatability DIMA\WaferAlignData\AlignmentStatisticsTime.txt",".txt","171","2024-02-25 09:25","2026-05-17 11:17","Alignment Statistics Grabbing Counter=10 Total=1984 Average=198.399994 Moving Counter=10 Total=2795 Average=279.500000 M","-1169392"
"C:\job\VCAM ScanAll And Grab\Setup1\Recipes\Repeatability DIMA\WaferAlignData\WaferManualAlign_PatFindRtp.txt",".txt","485","2024-02-25 09:26","2026-05-17 11:17"," [09:26:01 02/25/24] Minimum Score           :  97    Minimum Start        :  90    Reduce Delta         :  10 Minimum T","-1169392"
"C:\job\VCAM ScanAll And Grab\Setup1\Recipes\Repeatability DIMA\WaferAlignData\WaferManualAlign_PatRes.txt",".txt","1302","2024-02-25 09:26","2026-05-17 11:17"," [09:26:01 02/25/24] ==========================================================================================  #    Co","-1169392"
"C:\job\VCAM ScanAll And Grab\Setup1\Recipes\Repeatability DIMA\WaferAlignData\WaferManualAlign_Stat.txt",".txt","1274","2024-02-25 09:26","2026-05-17 11:17","  [09:26:01 02/25/24] ==================================================================================================","-1169392"
"C:\job\VCAM ScanAll And Grab\Setup1\Recipes\Repeatability DIMA\Zones\Bright-3_5um.ini",".ini","5689","2025-02-11 11:03","2026-05-17 11:17","[General] ZoneName=Bright-3_5um ZoneID=2 TypeName=Surface AutoTH=0 AutoProbe=0 [Surface] Enable=0 AlgorithmName=Surface ","-662414"
"C:\job\VCAM ScanAll And Grab\Setup1\Recipes\Repeatability DIMA\Zones\Dark-3_5um.ini",".ini","5684","2025-02-11 11:03","2026-05-17 11:17","[General] ZoneName=Dark-3_5um ZoneID=1 TypeName=Surface AutoTH=0 AutoProbe=0 [Surface] Enable=0 AlgorithmName=Surface Cl","-662414"
"C:\job\VCAM ScanAll And Grab\Setup1\Recipes\Repeatability DIMA\Zones\Dark-5um.ini",".ini","5684","2025-02-11 11:03","2026-05-17 11:17","[General] ZoneName=Dark-5um ZoneID=3 TypeName=Surface AutoTH=0 AutoProbe=0 [Surface] Enable=1 AlgorithmName=Surface Clas","-662414"
"C:\job\VCAM ScanAll And Grab\Setup1\Recipes\Repeatability DIMA\Zones\PostProcess.ini",".ini","1813","2025-02-11 11:03","2026-05-17 11:17","[General] ZoneName=PostProcess ZoneID=255 TypeName=PostProcess AutoTH=0 AutoProbe=0 [Volume] Enable=0 AlgorithmName=Volu","-662414"
"C:\job\VCAM ScanAll And Grab\Setup1\Recipes\Repeatability DIMA\Zones\Scan Area.ini",".ini","5670","2025-02-11 11:03","2026-05-17 11:17","[General] ZoneName=Scan Area ZoneID=63 TypeName=Surface AutoTH=0 AutoProbe=0 [Surface] Enable=0 AlgorithmName=Surface Cl","-662414"
"C:\job\VCAM ScanAll And Grab\Setup1\Recipes\TPT\Alignment.ini",".ini","38","2017-07-25 10:06","2026-05-17 11:17","[WAFER ALIGNMENT] CoarseAlignDone=1 ","-4633991"
"C:\job\VCAM ScanAll And Grab\Setup1\Recipes\TPT\AlignmentData.ini",".ini","730","2025-02-11 11:03","2026-05-17 11:17","[General] MinScore=97 MinTargetScore=0 AlignPointsNum=10 ForceToGMF=0 IsAffineEnabled=1 [Point_0] X=153832.077324 Y=1515","-662414"
"C:\job\VCAM ScanAll And Grab\Setup1\Recipes\TPT\AlignRTP.ini",".ini","2896","2025-02-11 11:10","2026-05-17 11:17","[DIE_MAPPING] ROI_Size=128 ROI_Offset=0 WaferMap_MinScore=50 _04_DIE_MAPPING=0 [DIE Alignment] Die__MinModelSize=32 Die_","-662408"
"C:\job\VCAM ScanAll And Grab\Setup1\Recipes\TPT\AQL.ini",".ini","491","2023-10-30 15:58","2026-05-17 11:17","[General] ckWaferAql2=0 optRandom-1=False optRandom-0=False ckWaferAql=0 fpRandomDice=1.0 fpWaferYield-2=1.0 optWafersSe","-1338919"
"C:\job\VCAM ScanAll And Grab\Setup1\Recipes\TPT\CleanReferenceFinalParams.ini",".ini","950","2023-03-20 19:13","2026-05-17 11:17","[General] Version=2 [CleanRefParams] SizeX=2048 SizeY=2048 minCriteria=-2 maxCriteria=-1 minCreateMul=2 maxCreateMul=2 m","-1661284"
"C:\job\VCAM ScanAll And Grab\Setup1\Recipes\TPT\CreateReference3dOptions.ini",".ini","324","2022-07-06 20:43","2026-05-17 11:17","[General] Version=0 Debug=0 [Registration] ReferenceRegBy=0 BigBlockRowsNumber=1000 YPartitionsNumber=3 MaxErrorPix=5 PS","-2031274"
"C:\job\VCAM ScanAll And Grab\Setup1\Recipes\TPT\DefaultWafer2Table.ini",".ini","1125","2017-07-25 10:06","2026-05-17 11:17","[WAFER ALIGNMENT] Wafer2Table_X=          0.9999990729         0.0002908860   -154934.3400690717 Wafer2Table_Y=         ","-4633992"
"C:\job\VCAM ScanAll And Grab\Setup1\Recipes\TPT\DieAlignment.dat_block.ini",".ini","129","2017-07-24 16:51","2026-05-17 11:17","[General] IsMultiIndex=0 DieCount=1 [Die_0] Row=0 Col=0 PosX=0.000000 PosY=0.000000 SizeX=957.000000 SizeY=1191.000000 ","-4635026"
"C:\job\VCAM ScanAll And Grab\Setup1\Recipes\TPT\ExternalCoordSystems.ini",".ini","33","2017-07-24 17:26","2026-05-17 11:17","[ExternalCoordSystems] Count=0 ","-4634991"
"C:\job\VCAM ScanAll And Grab\Setup1\Recipes\TPT\GlobalRTP.ini",".ini","3035","2025-02-11 11:03","2026-05-17 11:17","[GLOBAL_RTP] AdaptiveHistogram=0 AdaptiveHistogramByDieSegments=1 AdaptiveHistogramMinPixelCount=32 AreaForReduceFaults=","-662414"
"C:\job\VCAM ScanAll And Grab\Setup1\Recipes\TPT\Job.dat",".dat","1852","2017-07-25 10:11","2026-05-17 11:17","  ���{��N��R\���X�% Surface Scan Area_0�     ��@!     �@:$02a178a1-8f95-400d-9e07-021d42909e65Default ","-4633986"
"C:\job\VCAM ScanAll And Grab\Setup1\Recipes\TPT\JobIllumLimits.ini",".ini","85","2025-02-11 11:03","2026-05-17 11:17","[SW_QA-4] IllumCalibDate=2024-08-14 16:35:32 ForcedSkipToDate=2025-03-13 11:03:08 ","-662414"
"C:\job\VCAM ScanAll And Grab\Setup1\Recipes\TPT\Metadata.ini",".ini","73","2017-07-25 11:44","2026-05-17 11:17","[General] name=TPT Id=90d06b30-79f6-48ae-b87b-95756ee5f122 Version=0 ","-4633893"
"C:\job\VCAM ScanAll And Grab\Setup1\Recipes\TPT\OpticPreset.ini",".ini","979","2018-12-11 11:15","2026-05-17 11:17","[General] Signature=1 [Scan2d] Id=6d8c76f0-ce9d-40d7-8119-0b7a12067bc7 FocusPosAboveChuck=777.499863794052 Mag=5 CameraN","-3908163"
"C:\job\VCAM ScanAll And Grab\Setup1\Recipes\TPT\ProductInfo.ini",".ini","2787","2025-03-05 16:04","2026-05-17 11:17","[General] GainOffsetMode=0 Reference_EdgeUncert=0 WaferTypeId=Patterned OCRWaferIDMask=II OCRWaferIDCtrlCharsMask= OCRCh","-630434"
"C:\job\VCAM ScanAll And Grab\Setup1\Recipes\TPT\Recipe.ini",".ini","2444","2025-02-11 11:04","2026-05-17 11:17","[AutoCycle] AutoFocusEvery=1 ; None CleanReferenceEvery=1 ; None UnloadToAnotherCassette=0 ; Move wafers from Loadport A","-662413"
"C:\job\VCAM ScanAll And Grab\Setup1\Recipes\TPT\RTP.txt",".txt","18355","2025-02-11 11:03","2026-05-17 11:17","[PostProcess]   ; Zone name Alg = Volume Shape_Violation_USL = 90000 ;  ( The Max bump volume allowed. )  Shape_Violatio","-662414"
"C:\job\VCAM ScanAll And Grab\Setup1\Recipes\TPT\ScanOverlapLog.txt",".txt","450","2025-02-11 11:10","2026-05-17 11:17","Scan 2d Overlap [px], [um]; Pixel size = 1.693, 1.69 Minimum             :    32,   32,   54,   54 Detection           :","-662408"
"C:\job\VCAM ScanAll And Grab\Setup1\Recipes\TPT\ScenariosMetadatas.ini",".ini","985","2018-12-11 11:14","2026-05-17 11:17","[General] Version=1 [Scan2d] Id=c3334313-e949-490d-bb88-d72c6d33d968 OpticsId=74a1dbb4-ddd8-46f7-ba71-bf5d6fc29602 Refer","-3908163"
"C:\job\VCAM ScanAll And Grab\Setup1\Recipes\TPT\UniqueArea.ini",".ini","20","2017-07-24 16:49","2026-05-17 11:17","[General] Count=0 ","-4635028"
"C:\job\VCAM ScanAll And Grab\Setup1\Recipes\TPT\Wafer2Table_LastKnown.ini",".ini","1122","2017-07-24 16:49","2026-05-17 11:17","[WAFER ALIGNMENT] Wafer2Table_X=          0.9999295194         0.0001177025   -150296.4001458308 Wafer2Table_Y=         ","-4635029"
"C:\job\VCAM ScanAll And Grab\Setup1\Recipes\TPT\Wafer2Table.ini",".ini","1283","2025-02-11 11:03","2026-05-17 11:17","[WAFER ALIGNMENT] Wafer2Table_X=          0.9999929318        -0.0005088435   -154827.9432705407 Wafer2Table_Y=         ","-662414"
"C:\job\VCAM ScanAll And Grab\Setup1\Recipes\TPT\WaferDataReadSettings.xml",".xml","195","2022-07-25 10:59","2026-05-17 11:17","<?xml version=""1.0""?> <WaferDataReadSettings xmlns:xsi=""http://www.w3.org/2001/XMLSchema-instance"" xmlns:xsd=""http://www","-2004498"
"C:\job\VCAM ScanAll And Grab\Setup1\Recipes\TPT\Waferinfo.ini",".ini","393","2025-02-11 11:10","2026-05-17 11:17","[General] hd_cmm=False hd_alignment=True hd_scan=True hd_robot=False hd_verification=True key_userobot=False key_auto=Tr","-662408"
"C:\job\VCAM ScanAll And Grab\Setup1\Recipes\TPT\WaferMapRecipe.ini",".ini","1260","2025-02-11 11:02","2026-05-17 11:17","[GENERAL] SettingsPolicy=1 FiducialBin=-1 ImportSubPath= UpdateSubPath= ExportInAutoCycle=0 ExportInManualScan=0 AfterEx","-662415"
"C:\job\VCAM ScanAll And Grab\Setup1\Recipes\TPT\zones.ini",".ini","445","2017-07-25 10:11","2026-05-17 11:17","[General] Version=11 [ALGName] 255=PostProcess 0=Scan Area 1=Dark-3_5um 2=Bright-3_5um 3=Dark-5um 4=Bright-5um 5=Dark-10","-4633986"
"C:\job\VCAM ScanAll And Grab\Setup1\Recipes\TPT\zones.txt",".txt","530","2017-07-25 10:11","2026-05-17 11:17","ScaleX =    1.0000000000; ScaleY =    1.0000000000   RefID       X        Y  Zone Count      Shape Data       1    478.5","-4633986"
"C:\job\VCAM ScanAll And Grab\Setup1\Recipes\TPT\ZoneVerifyOptics.ini",".ini","51","2017-07-25 11:44","2026-05-17 11:17","[General] Version=1 UseSetGrabForOnlineVerify=0 ","-4633893"
"C:\job\VCAM ScanAll And Grab\Setup1\Recipes\TPT\ZoomLevels.ini",".ini","179","2017-07-24 16:48","2026-05-17 11:17","[DIE] Step_X=1247.52066988039 Step_Y=1247.68386561697 [ZOOM_LEVELS] LEVEL_1=1 SaveCompressed=0 LEVEL_2=1 [LEVEL_1] SizeX","-4635029"
"C:\job\VCAM ScanAll And Grab\Setup1\Recipes\TPT\.dc_cache\TransactionsHistory.ini",".ini","120","2023-03-20 19:13","2026-05-17 11:17","[DeprecatedInV0] Namespace.RuntimeEntities.RecipePartsCollection_Runtime|RecipePartsCollection|CleanReferenceParams=1 ","-1661284"
"C:\job\VCAM ScanAll And Grab\Setup1\Recipes\TPT\EAGLET_106160\OpticsPreset.ini",".ini","500","2017-07-25 11:44","2026-05-17 11:17","[RobotSetup] Name=106160_12inch_sens.cfg [General] Signature=0 Scan2d-Id=b36d8485-c876-4785-8f70-b9773ca86130 Scan2d-ZPo","-4633893"
"C:\job\VCAM ScanAll And Grab\Setup1\Recipes\TPT\OpticLightMetadata\config.ini",".ini","1131","2025-02-11 11:10","2026-05-17 11:17","[General] NominalDelta=0.000000000 Exist=0 targetPos_X=10592885482300052375351495947893948261085519603070163260109980132","-662408"
"C:\job\VCAM ScanAll And Grab\Setup1\Recipes\TPT\ReferenceBackup\ZoomLevels.ini",".ini","179","2017-07-25 11:44","2026-05-17 11:17","[DIE] Step_X=1247.52066988039 Step_Y=1247.68386561697 [ZOOM_LEVELS] LEVEL_1=1 SaveCompressed=0 LEVEL_2=1 [LEVEL_1] SizeX","-4633893"
"C:\job\VCAM ScanAll And Grab\Setup1\Recipes\TPT\SW_QA-4\OpticsPreset.ini",".ini","68","2023-03-20 19:13","2026-05-17 11:17","[Chuck] CenterX=158610.875 CenterY=138176.140625 CenterZ=-419.6 ","-1661285"
"C:\job\VCAM ScanAll And Grab\Setup1\Recipes\TPT\TrainData\Die.ini",".ini","1000","2017-07-25 11:44","2026-05-17 11:17","[UNIQUE_PATTERN] Exists=0 [DIE] TrainFileExists=0 Frames_Format=1 Step_X=2107.000000 Step_Y=2096.000000 PixelSize_X=1.68","-4633893"
"C:\job\VCAM ScanAll And Grab\Setup1\Recipes\TPT\TrainData\DieRefToTrain.txt",".txt","277","2017-07-25 11:44","2026-05-17 11:17","[DieRefToTrainImage] DR_2_TI_X=0.999999994567987 -0.000104230638998617 1251.15701246877 DR_2_TI_Y=0.000104230638998617 0","-4633893"
"C:\job\VCAM ScanAll And Grab\Setup1\Recipes\TPT\TrainData\FrameToChuck.ini",".ini","160","2017-07-25 11:44","2026-05-17 11:17","[FrameToChuck] F2C_X=          1.6841197289         0.0001321961     -1293.5054783618 F2C_Y=         -0.0001321961      ","-4633893"
"C:\job\VCAM ScanAll And Grab\Setup1\Recipes\TPT\TrainData\DieImage\DieImageToTable.ini",".ini","302","2017-07-25 11:44","2026-05-17 11:17","[DieImageToTable] I2T_X=1.68378898091718 0.000253474275405115 -1174.61785998963 I2T_Y=-0.000253501224577012 1.6836099809","-4633893"
"C:\job\VCAM ScanAll And Grab\Setup1\Recipes\TPT\TrainData\DieImage\ZoomLevels.ini",".ini","169","2017-07-25 11:44","2026-05-17 11:17","[ZOOM_LEVELS] LEVEL_1=1 SaveCompressed=0 LEVEL_2=1 LEVEL_4=1 [LEVEL_1] SizeX=3905 SizeY=3824 [LEVEL_2] SizeX=1952 SizeY=","-4633893"
"C:\job\VCAM ScanAll And Grab\Setup1\Recipes\TPT\WaferAlignData\Alignment_PatFindRtp.txt",".txt","485","2025-02-11 11:03","2026-05-17 11:17"," [11:03:27 02/11/25] Minimum Score           :  97    Minimum Start        :  90    Reduce Delta         :  10 Minimum T","-662414"
"C:\job\VCAM ScanAll And Grab\Setup1\Recipes\TPT\WaferAlignData\Alignment_PatRes.txt",".txt","2243","2025-02-11 11:03","2026-05-17 11:17"," [11:03:27 02/11/25] ==========================================================================================  #    Co","-662414"
"C:\job\VCAM ScanAll And Grab\Setup1\Recipes\TPT\WaferAlignData\Alignment_Stat.txt",".txt","1574","2025-02-11 11:03","2026-05-17 11:17","  [11:03:27 02/11/25] ==================================================================================================","-662414"
"C:\job\VCAM ScanAll And Grab\Setup1\Recipes\TPT\WaferAlignData\AlignmentData.ini",".ini","32","2025-02-11 11:03","2026-05-17 11:17","[General] AlignmentTime=18742 ","-662414"
"C:\job\VCAM ScanAll And Grab\Setup1\Recipes\TPT\WaferAlignData\AlignmentNotFound_rtp.txt",".txt","485","2025-02-06 15:51","2026-05-17 11:17"," [15:51:29 02/06/25] Minimum Score           :  85    Minimum Start        :  90    Reduce Delta         :  10 Minimum T","-669326"
"C:\job\VCAM ScanAll And Grab\Setup1\Recipes\TPT\WaferAlignData\AlignmentStatisticsTime.txt",".txt","169","2025-02-11 11:03","2026-05-17 11:17","Alignment Statistics Grabbing Counter=14 Total=4768 Average=340.571442 Moving Counter=14 Total=5482 Average=391.571442 M","-662414"
"C:\job\VCAM ScanAll And Grab\Setup1\Recipes\TPT\Zones\Bright-10um.ini",".ini","5795","2025-02-11 11:11","2026-05-17 11:17","[General] ZoneName=Bright-10um ZoneID=6 TypeName=Surface AutoTH=0 AutoProbe=0 [Surface] Enable=0 AlgorithmName=Surface C","-662407"
"C:\job\VCAM ScanAll And Grab\Setup1\Recipes\TPT\Zones\Bright-3_5um.ini",".ini","5797","2025-02-11 11:11","2026-05-17 11:17","[General] ZoneName=Bright-3_5um ZoneID=2 TypeName=Surface AutoTH=0 AutoProbe=0 [Surface] Enable=0 AlgorithmName=Surface ","-662407"
"C:\job\VCAM ScanAll And Grab\Setup1\Recipes\TPT\Zones\Bright-5um.ini",".ini","5794","2025-02-11 11:11","2026-05-17 11:17","[General] ZoneName=Bright-5um ZoneID=4 TypeName=Surface AutoTH=0 AutoProbe=0 [Surface] Enable=0 AlgorithmName=Surface Cl","-662407"
"C:\job\VCAM ScanAll And Grab\Setup1\Recipes\TPT\Zones\Dark-10um.ini",".ini","5790","2025-02-11 11:11","2026-05-17 11:17","[General] ZoneName=Dark-10um ZoneID=5 TypeName=Surface AutoTH=0 AutoProbe=0 [Surface] Enable=0 AlgorithmName=Surface Cla","-662407"
"C:\job\VCAM ScanAll And Grab\Setup1\Recipes\TPT\Zones\Dark-3_5um.ini",".ini","5792","2025-02-11 11:11","2026-05-17 11:17","[General] ZoneName=Dark-3_5um ZoneID=1 TypeName=Surface AutoTH=0 AutoProbe=0 [Surface] Enable=0 AlgorithmName=Surface Cl","-662407"
"C:\job\VCAM ScanAll And Grab\Setup1\Recipes\TPT\Zones\Dark-5um.ini",".ini","5792","2025-02-11 11:11","2026-05-17 11:17","[General] ZoneName=Dark-5um ZoneID=3 TypeName=Surface AutoTH=0 AutoProbe=0 [Surface] Enable=0 AlgorithmName=Surface Clas","-662407"
"C:\job\VCAM ScanAll And Grab\Setup1\Recipes\TPT\Zones\PostProcess.ini",".ini","1525","2025-02-11 11:11","2026-05-17 11:17","[General] ZoneName=PostProcess ZoneID=255 TypeName=PostProcess AutoTH=0 AutoProbe=0 [Volume] Enable=0 AlgorithmName=Volu","-662407"
"C:\job\VCAM ScanAll And Grab\Setup1\Recipes\TPT\Zones\Scan Area.ini",".ini","5793","2025-02-11 11:11","2026-05-17 11:17","[General] ZoneName=Scan Area ZoneID=63 TypeName=Surface AutoTH=0 AutoProbe=0 [Surface] Enable=1 AlgorithmName=Surface Cl","-662407"
"C:\job\VCAM TNE 10.0\Metadata.ini",".ini","78","2025-03-05 13:54","2026-05-17 11:17","[General] name=TNE 10.0 Id=8aa8a019-9b43-4264-9a87-be5f107c085f Version=1 ","-630563"
"C:\job\VCAM TNE 10.0\VcamInstallerGuid.txt",".txt","36","2025-03-18 12:04","2026-05-17 11:17","a768aa22-3050-46d9-b4fc-0521e28c1ac6","-611953"
"C:\job\VCAM TNE 10.0\.audit\manifest.json",".json","406","2026-05-17 11:18","2026-05-17 11:18","{   ""jobName"": ""VCAM TNE 10.0"",   ""auditDbVersion"": ""1"",   ""created"": {     ""machine"": ""AMITA1"",     ""at"": ""2026-05-17T0","0"
"C:\job\VCAM TNE 10.0\300mm\DefectsClustering.ini",".ini","236","2025-03-05 14:24","2026-05-17 11:17","[General] Enabled=0 ClusteringAfterMerge=0 Distance=0 SelectedFirstSortingList=Priority SelectedSecondSortingList=Area S","-630533"
"C:\job\VCAM TNE 10.0\300mm\Metadata.ini",".ini","101","2025-03-05 13:54","2026-05-17 11:17","[General] name=300mm Id=ba29076f-6517-4afb-9cb0-cc1b758d92f4 Version=1 LastActiveRecipe=Recipe1 ","-630563"
"C:\job\VCAM TNE 10.0\300mm\MultiRecipe.ini",".ini","133","2025-03-05 13:54","2026-05-17 11:17","[Scan] recipe_1=0,Recipe1,,,,, MergingThreadCount=0 doSeparateRecipe=0 DoGrabAfterMerge=0 Recipes=0, [General] Version=1","-630563"
"C:\job\VCAM TNE 10.0\300mm\Transitions.xml",".xml","583","2025-03-18 11:50","2026-05-17 11:17","<TransitionsSetupConfiguration VersionNumber=""0"">   <TransitionsCollection>     <Transition Id=""977e4709-b39d-4ea9-a7b7-","-611967"
"C:\job\VCAM TNE 10.0\300mm\Recipes\Recipe1\Alignment.ini",".ini","38","2025-03-05 14:20","2026-05-17 11:17","[WAFER ALIGNMENT] CoarseAlignDone=1 ","-630537"
"C:\job\VCAM TNE 10.0\300mm\Recipes\Recipe1\AlignmentData.ini",".ini","1018","2025-03-05 14:20","2026-05-17 11:17","[General] MinScore=85 MinTargetScore=0 IsAffineEnabled=1 AlignPointsNum=10 PreprocessTargetImage=1 ForceToGMF=0 [Point_0","-630537"
"C:\job\VCAM TNE 10.0\300mm\Recipes\Recipe1\AlignRtp.ini",".ini","2896","2025-03-18 11:45","2026-05-17 11:17","[DIE Alignment] Die__MinModelSize=32 Die__MinScore=85 Die__ExtraScanLength_um=0.000000 Die__ExtraScanLength_X_um=0.00000","-611972"
"C:\job\VCAM TNE 10.0\300mm\Recipes\Recipe1\CcsLocalMeas.ini",".ini","209","2025-03-05 13:54","2026-05-17 11:17","[ScanParams] MarginX=0 MarginY=0 ScanStepX=0 ScanStepY=0 ResultsToRevisit= ScanDefects_Enabled=0 ScanDefects_SizeX=0 Sca","-630563"
"C:\job\VCAM TNE 10.0\300mm\Recipes\Recipe1\CleanReferenceFinalParams.ini",".ini","985","2025-03-05 14:08","2026-05-17 11:17","[General] Version=2 [CleanRefParams] SizeX=2048 SizeY=2048 minCriteria=-2 maxCriteria=-1 minCreateMul=2 maxCreateMul=2 m","-630549"
"C:\job\VCAM TNE 10.0\300mm\Recipes\Recipe1\CreateReference3dOptions.ini",".ini","322","2025-03-05 13:54","2026-05-17 11:17","[General] Version=0 Debug=0 [Registration] ReferenceRegBy=4 BigBlockRowsNumber=1000 YPartitionsNumber=3 MaxErrorPix=3 PS","-630563"
"C:\job\VCAM TNE 10.0\300mm\Recipes\Recipe1\DefaultWafer2Table.ini",".ini","1290","2025-03-05 14:07","2026-05-17 11:17","[WAFER ALIGNMENT] Wafer2Table_X=          0.9999839313        -0.0012335757   -150885.5966633707 Wafer2Table_Y=         ","-630550"
"C:\job\VCAM TNE 10.0\300mm\Recipes\Recipe1\DieMapRegPos.txt",".txt","350","2025-03-05 14:07","2026-05-17 11:17","ScaleX =    1.0000000000; ScaleY =    1.0000000000   RefID       X        Y  Zone Count      Shape Data       1    266.0","-630551"
"C:\job\VCAM TNE 10.0\300mm\Recipes\Recipe1\ExternalCoordSystems.ini",".ini","33","2025-03-05 13:54","2026-05-17 11:17","[ExternalCoordSystems] Count=0 ","-630563"
"C:\job\VCAM TNE 10.0\300mm\Recipes\Recipe1\GlobalRTP.ini",".ini","2925","2025-03-05 14:24","2026-05-17 11:17","[GLOBAL_RTP] LSL_Height=100.000000 USL_Height=140.000000 NominalHeight=120.000000 BumpType=1 CCS_Step=3.000000 CCS_Step_","-630533"
"C:\job\VCAM TNE 10.0\300mm\Recipes\Recipe1\ImageProcessing.log",".log","37","2025-03-05 14:03","2026-05-17 11:17","_previouseAlignmentDataExists = 0 ","-630554"
"C:\job\VCAM TNE 10.0\300mm\Recipes\Recipe1\Metadata.ini",".ini","77","2025-03-05 13:54","2026-05-17 11:17","[General] name=Recipe1 Id=b13f9271-c4bc-44eb-acf0-33dc08bb7f01 Version=0 ","-630563"
"C:\job\VCAM TNE 10.0\300mm\Recipes\Recipe1\OpticPreset.ini",".ini","3057","2025-03-05 14:45","2026-05-17 11:17","[General] Signature=1 [Scan2d] Id=173a0b21-b5d9-4283-9749-e6eaa3e24e00 FocusPosAboveChuck=777.099999397049 Mag=5 Mode=-1","-630512"
"C:\job\VCAM TNE 10.0\300mm\Recipes\Recipe1\OpticToVCamStorage.json",".json","184","2025-03-18 11:50","2026-05-17 11:17","[   {     ""OpticId"": ""173a0b21-b5d9-4283-9749-e6eaa3e24e00"",     ""Scenario"": ""Alignment"",     ""IsAutoFocus"": false,     ","-611967"
"C:\job\VCAM TNE 10.0\300mm\Recipes\Recipe1\OverlayScan.ini",".ini","52","2025-03-05 13:54","2026-05-17 11:17","[General] Id=7dc04558-8edf-d4e4-94ed-9e2705e7a65c ","-630563"
"C:\job\VCAM TNE 10.0\300mm\Recipes\Recipe1\Params_AlignRTP.ini",".ini","2892","2025-03-05 14:03","2026-05-17 11:17","[DIE Alignment] Die__MinModelSize=32 Die__MinScore=85 Die__ExtraScanLength_um=0.000000 Die__ExtraScanLength_X_um=0.00000","-630554"
"C:\job\VCAM TNE 10.0\300mm\Recipes\Recipe1\Params_SystemInfo.ini",".ini","2363","2025-03-05 14:03","2026-05-17 11:17","[SystemParams] Gain=0 GainFx=0 Offset=0 Distortion=0 SizeX=2048 SizeY=2048 OffsetX=0 OffsetY=0 CameraType=3 ImageSizeInB","-630554"
"C:\job\VCAM TNE 10.0\300mm\Recipes\Recipe1\Params_WaferInfo.ini",".ini","1968","2025-03-05 14:03","2026-05-17 11:17","[Path] SetupPath=c:\job\TNE 10.0\300mm\Recipes\Recipe1\ RecipeName=Recipe1 RecipePath=c:\job\TNE 10.0\300mm\Recipes\Reci","-630554"
"C:\job\VCAM TNE 10.0\300mm\Recipes\Recipe1\ProductInfo.ini",".ini","2452","2025-03-18 11:45","2026-05-17 11:17","[AutoFocus] SearchUseDefault=1 ScanDelta=0 OnLimitViolationAction=0 FocusVAriationLimit=0 LimitFocusVariation=0 RetriesC","-611972"
"C:\job\VCAM TNE 10.0\300mm\Recipes\Recipe1\Recipe.ini",".ini","3797","2025-03-05 14:45","2026-05-17 11:17","[AutoCycle] AutoFocusEvery=1 ; None CleanReferenceEvery=1 ; None UnloadToAnotherCassette=0 ; Move wafers from Loadport B","-630513"
"C:\job\VCAM TNE 10.0\300mm\Recipes\Recipe1\RTP.txt",".txt","7028","2025-03-05 14:24","2026-05-17 11:17","[PostProcess]   ; Zone name Alg = Warp_Direction_Calculation Inner_Radius_[Microns] = 1 ;  ( Radius of the inner circle,","-630533"
"C:\job\VCAM TNE 10.0\300mm\Recipes\Recipe1\SamplingMetrology.ini",".ini","73","2025-03-05 13:54","2026-05-17 11:17","[General] Version=0 Id=2f7ce695-68e2-4fab-091d-edade3ebdd64 UseCSV=0 ","-630563"
"C:\job\VCAM TNE 10.0\300mm\Recipes\Recipe1\ScanOverlapLog.txt",".txt","450","2025-03-18 11:45","2026-05-17 11:17","Scan 2d Overlap [px], [um]; Pixel size = 0.846, 0.85 Minimum             :    32,   32,   27,   27 Detection           :","-611972"
"C:\job\VCAM TNE 10.0\300mm\Recipes\Recipe1\ScenariosMetadatas.ini",".ini","1507","2025-03-05 14:45","2026-05-17 11:17","[General] Version=1 [Scan2d] Id=e4527a4f-e222-4b3d-ba77-2c09df84db95 OpticsId=173a0b21-b5d9-4283-9749-e6eaa3e24e00 Refer","-630512"
"C:\job\VCAM TNE 10.0\300mm\Recipes\Recipe1\TNESetup.ini",".ini","61","2025-03-05 14:24","2026-05-17 11:17","[General] TNESetup-MaxRadius=2000 TNESetup-MinRadius=6000 ","-630533"
"C:\job\VCAM TNE 10.0\300mm\Recipes\Recipe1\UniqueArea.ini",".ini","20","2025-03-05 13:54","2026-05-17 11:17","[General] Count=0 ","-630563"
"C:\job\VCAM TNE 10.0\300mm\Recipes\Recipe1\Wafer2Table.ini",".ini","503","2025-03-18 11:50","2026-05-17 11:17","[WAFER ALIGNMENT] Wafer2Table_X=          0.9999839313        -0.0012335757   -150964.3617106234 Wafer2Table_Y=         ","-611967"
"C:\job\VCAM TNE 10.0\300mm\Recipes\Recipe1\WaferDataReadSettings.xml",".xml","195","2025-03-05 13:54","2026-05-17 11:17","<?xml version=""1.0""?> <WaferDataReadSettings xmlns:xsi=""http://www.w3.org/2001/XMLSchema-instance"" xmlns:xsd=""http://www","-630563"
"C:\job\VCAM TNE 10.0\300mm\Recipes\Recipe1\Waferinfo.ini",".ini","229","2025-03-18 11:45","2026-05-17 11:17","[Robot] Rotation=0 SideUp=1 [General] hd_robot=False InkBinList= LimitNumberOfInkedDice=0 hd_cmm=False key_minarea=2500 ","-611972"
"C:\job\VCAM TNE 10.0\300mm\Recipes\Recipe1\WaferMapRecipe.ini",".ini","833","2025-03-05 13:54","2026-05-17 11:17","[GENERAL] SettingsPolicy=0 FiducialBin=-1 [Input_Update] Enable=0 FileMask= ImportDirectory= UpdateDirectory= AutoMatchE","-630563"
"C:\job\VCAM TNE 10.0\300mm\Recipes\Recipe1\zones.ini",".ini","245","2025-03-05 14:09","2026-05-17 11:17","[General] Version=11 [ALGName] 255=PostProcess 0=Scan Area [ALG] 255=PostProcess 0=Surface [BinCodes] 255=-1 0=-1 [Color","-630549"
"C:\job\VCAM TNE 10.0\300mm\Recipes\Recipe1\zones.txt",".txt","170","2025-03-05 14:09","2026-05-17 11:17","ScaleX =    1.0000000000; ScaleY =    1.0000000000   RefID       X        Y  Zone Count      Shape Data       1    592.5","-630549"
"C:\job\VCAM TNE 10.0\300mm\Recipes\Recipe1\ZoomLevels.ini",".ini","164","2025-03-05 14:05","2026-05-17 11:17","[ZOOM_LEVELS] LEVEL_1=1 SaveCompressed=0 LEVEL_2=1 [LEVEL_1] SizeX=1185 SizeY=1181 [LEVEL_2] SizeX=592 SizeY=590 [DIE] S","-630552"
"C:\job\VCAM TNE 10.0\300mm\Recipes\Recipe1\.dc_cache\TransactionsHistory.ini",".ini","120","2025-03-05 14:08","2026-05-17 11:17","[DeprecatedInV0] Namespace.RuntimeEntities.RecipePartsCollection_Runtime|RecipePartsCollection|CleanReferenceParams=1 ","-630549"
"C:\job\VCAM TNE 10.0\300mm\Recipes\Recipe1\ReferenceBackup\ZoomLevels.ini",".ini","176","2025-03-05 14:05","2026-05-17 11:17","[ZOOM_LEVELS] LEVEL_1=1 SaveCompressed=0 LEVEL_2=1 [LEVEL_1] SizeX=1185 SizeY=1181 [LEVEL_2] SizeX=592 SizeY=590 [DIE] S","-630552"
"C:\job\VCAM TNE 10.0\300mm\Recipes\Recipe1\SW_QA-4\OpticsPreset.ini",".ini","109","2025-03-05 14:04","2026-05-17 11:17","[RobotSetup] Name=106463_Bare_12.cfg [Chuck] CenterX=158151.296875 CenterY=140564.40625 CenterZ=-389.4 ","-630554"
"C:\job\VCAM TNE 10.0\300mm\Recipes\Recipe1\TrainData\Die.ini",".ini","1183","2025-03-05 14:05","2026-05-17 11:17","[DIE] PixelSize_X=1.69342956440773 PixelSize_Y=1.69342956440773 FrameSizeX=2048 FrameSizeY=2048 Step_X=2100 Step_Y=2102 ","-630552"
"C:\job\VCAM TNE 10.0\300mm\Recipes\Recipe1\TrainData\DieRefToTrain.txt",".txt","277","2025-03-05 14:03","2026-05-17 11:17","[DieRefToTrainImage] DR_2_TI_X=0.999999662439277 -0.000821657673733359 1080.28937424161 DR_2_TI_Y=0.000821657673733359 0","-630554"
"C:\job\VCAM TNE 10.0\300mm\Recipes\Recipe1\TrainData\FrameToChuck.ini",".ini","160","2025-03-05 14:03","2026-05-17 11:17","[FrameToChuck] F2C_X=          1.6934295287         0.0003475749     -1734.4277541655 F2C_Y=         -0.0003475749      ","-630554"
"C:\job\VCAM TNE 10.0\300mm\Recipes\Recipe1\TrainData\ZonesVectorInfo.csv",".csv","46","2025-03-05 14:09","2026-05-17 11:17","ID,zone,X,Y,SizeX,SizeY,ShapeType,Angle,Is3d ","-630549"
"C:\job\VCAM TNE 10.0\300mm\Recipes\Recipe1\TrainData\DieImage\DieImageToTable.ini",".ini","251","2025-03-05 14:03","2026-05-17 11:17","[DieImageToTable] I2T_X=1.69342945685646 -0.000603540371947919 -1706.43660435844 I2T_Y=0.000603540371947919 1.6934294568","-630554"
"C:\job\VCAM TNE 10.0\300mm\Recipes\Recipe1\TrainData\DieImage\ZoomLevels.ini",".ini","79","2025-03-05 14:03","2026-05-17 11:17","[ZOOM_LEVELS] LEVEL_1=1 SaveCompressed=0 [LEVEL_1] SizeX=3817 SizeY=3819 ","-630554"
"C:\job\VCAM TNE 10.0\300mm\Recipes\Recipe1\TrainData\ReferenceBackup\ZoomLevels.ini",".ini","79","2025-03-05 14:03","2026-05-17 11:17","[ZOOM_LEVELS] LEVEL_1=1 SaveCompressed=0 [LEVEL_1] SizeX=3817 SizeY=3819 ","-630554"
"C:\job\VCAM TNE 10.0\300mm\Recipes\Recipe1\WaferAlignData\Alignment_PatFindRtp.txt",".txt","485","2025-03-18 11:45","2026-05-17 11:17"," [11:45:46 03/18/25] Minimum Score           :  85    Minimum Start        :  90    Reduce Delta         :  10 Minimum T","-611972"
"C:\job\VCAM TNE 10.0\300mm\Recipes\Recipe1\WaferAlignData\Alignment_PatRes.txt",".txt","1683","2025-03-18 11:45","2026-05-17 11:17"," [11:45:46 03/18/25] ==========================================================================================  #    Co","-611972"
"C:\job\VCAM TNE 10.0\300mm\Recipes\Recipe1\WaferAlignData\Alignment_Stat.txt",".txt","1574","2025-03-18 11:45","2026-05-17 11:17","  [11:45:46 03/18/25] ==================================================================================================","-611972"
"C:\job\VCAM TNE 10.0\300mm\Recipes\Recipe1\WaferAlignData\AlignmentData.ini",".ini","32","2025-03-18 11:45","2026-05-17 11:17","[General] AlignmentTime=10239 ","-611972"
"C:\job\VCAM TNE 10.0\300mm\Recipes\Recipe1\WaferAlignData\AlignmentStatisticsTime.txt",".txt","169","2025-03-18 11:45","2026-05-17 11:17","Alignment Statistics Grabbing Counter=10 Total=2797 Average=279.700012 Moving Counter=10 Total=4810 Average=481.000000 M","-611972"
"C:\job\VCAM TNE 10.0\300mm\Recipes\Recipe1\Zones\PostProcess.ini",".ini","4355","2025-03-05 14:24","2026-05-17 11:17","[General] ZoneName=PostProcess ZoneID=255 TypeName=PostProcess AutoTH=0 AutoProbe=0 [Warp Direction Calculation] Enable=","-630534"
"C:\job\VCAM TNE 10.0\300mm\Recipes\Recipe1\Zones\Scan Area.ini",".ini","5670","2025-03-05 14:24","2026-05-17 11:17","[General] ZoneName=Scan Area ZoneID=63 TypeName=Surface AutoTH=0 AutoProbe=0 [Surface] Enable=1 AlgorithmName=Surface Cl","-630534"
"C:\job\VCAM with CCS FM\Metadata.ini",".ini","95","2024-05-12 11:42","2026-05-17 11:17","[General] name=VCAM with CCS FM Id=aefb2805-95e6-4cdf-ad14-29d5f8d41c9e Version=1 JobTag= ","-1058375"
"C:\job\VCAM with CCS FM\VcamInstallerGuid.txt",".txt","36","2025-03-18 12:04","2026-05-17 11:17","a768aa22-3050-46d9-b4fc-0521e28c1ac6","-611953"
"C:\job\VCAM with CCS FM\.audit\manifest.json",".json","409","2026-05-17 11:18","2026-05-17 11:18","{   ""jobName"": ""VCAM with CCS FM"",   ""auditDbVersion"": ""1"",   ""created"": {     ""machine"": ""AMITA1"",     ""at"": ""2026-05-1","0"
"C:\job\VCAM with CCS FM\300mm\CurrWaferSurfaceInterpolation.ini",".ini","864","2025-03-18 11:33","2026-05-17 11:17","ThinPlate 90 113671.797701303 -4759.58408067859 818.138964843765 100 82232.1959369708 -80384.186599055 825.523046875012 ","-611984"
"C:\job\VCAM with CCS FM\300mm\CurrWaferSurfaceInterpolation.md",".md","29","2024-05-09 11:31","2026-05-17 11:17","[General] IsInChuckSpace=1 ","-1062707"
"C:\job\VCAM with CCS FM\300mm\DefectsClustering.ini",".ini","236","2024-05-09 11:34","2026-05-17 11:17","[General] Enabled=0 ClusteringAfterMerge=0 Distance=0 SelectedFirstSortingList=Priority SelectedSecondSortingList=Area S","-1062704"
"C:\job\VCAM with CCS FM\300mm\DieAlignment.dat_block.ini",".ini","118","2025-03-18 11:35","2026-05-17 11:17","[General] IsMultiIndex=0 DieCount=1 [Die_0] Row=0 Col=0 PosX=0.000 PosY=0.000 SizeX=3664.000 SizeY=3666.000 ","-611983"
"C:\job\VCAM with CCS FM\300mm\Metadata.ini",".ini","101","2024-05-09 11:25","2026-05-17 11:17","[General] name=300mm Id=e8ef1174-062c-48df-a6f3-8e76a67ee36d Version=1 LastActiveRecipe=Default ","-1062712"
"C:\job\VCAM with CCS FM\300mm\MultiRecipe.ini",".ini","133","2024-05-09 11:25","2026-05-17 11:17","[Scan] recipe_1=0,Default,,,,, MergingThreadCount=0 doSeparateRecipe=0 DoGrabAfterMerge=0 Recipes=0, [General] Version=1","-1062712"
"C:\job\VCAM with CCS FM\300mm\ProductionInfo.ini",".ini","197","2025-03-16 11:24","2026-05-17 11:17","[General] WaferDefectsCount=0 WaferDefectDiceRatio=0.000 WaferDefectClassId=0 WaferDefectClassIdCount=0 BatchPassWafersC","-614873"
"C:\job\VCAM with CCS FM\300mm\Recipes\Default\Alignment.ini",".ini","53","2025-03-18 11:33","2026-05-17 11:17","[WAFER ALIGNMENT] CoarseAlignDone=1 Rotate  w2t=0 ","-611984"
"C:\job\VCAM with CCS FM\300mm\Recipes\Default\AlignmentData.ini",".ini","820","2024-05-09 11:34","2026-05-17 11:17","[General] MinScore=85 MinTargetScore=0 IsAffineEnabled=1 AlignPointsNum=8 ForceToGMF=0 [Point_0] X=160596.476305823 Y=16","-1062703"
"C:\job\VCAM with CCS FM\300mm\Recipes\Default\AlignRtp.ini",".ini","2896","2025-03-18 11:34","2026-05-17 11:17","[DIE Alignment] Die__MinModelSize=32 Die__MinScore=85 Die__ExtraScanLength_um=0.000000 Die__ExtraScanLength_X_um=0.00000","-611984"
"C:\job\VCAM with CCS FM\300mm\Recipes\Default\CcsLocalMeas.ini",".ini","172","2024-05-09 11:25","2026-05-17 11:17","[ScanParams] MarginX=0 MarginY=0 ScanStepX=0 ScanStepY=0 ResultsToRevisit= ScanDefects_Enabled=0 ScanDefects_SizeX=0 Sca","-1062712"
"C:\job\VCAM with CCS FM\300mm\Recipes\Default\CleanReferenceFinalParams.ini",".ini","984","2024-05-09 11:28","2026-05-17 11:17","[General] Version=2 [CleanRefParams] SizeX=2048 SizeY=2048 minCriteria=-2 maxCriteria=-1 minCreateMul=2 maxCreateMul=2 m","-1062709"
"C:\job\VCAM with CCS FM\300mm\Recipes\Default\CreateReference3dOptions.ini",".ini","324","2024-05-09 11:25","2026-05-17 11:17","[General] Version=0 Debug=0 [Registration] ReferenceRegBy=0 BigBlockRowsNumber=1000 YPartitionsNumber=3 MaxErrorPix=5 PS","-1062712"
"C:\job\VCAM with CCS FM\300mm\Recipes\Default\CurrWaferSurfaceInterpolation.ini",".ini","855","2025-03-18 11:33","2026-05-17 11:17","ThinPlate 90 157690.590772851 164086.857821793 821.796093750006 100 226988.390772851 164086.857821793 818.200976562515 1","-611984"
"C:\job\VCAM with CCS FM\300mm\Recipes\Default\CurrWaferSurfaceInterpolation.md",".md","29","2024-05-12 11:47","2026-05-17 11:17","[General] IsInChuckSpace=0 ","-1058371"
"C:\job\VCAM with CCS FM\300mm\Recipes\Default\DefaultWafer2Table.ini",".ini","1094","2024-05-09 11:28","2026-05-17 11:17","[WAFER ALIGNMENT] Wafer2Table_X=          0.9999843230         0.0050387038   -158223.2064593470 Wafer2Table_Y=         ","-1062709"
"C:\job\VCAM with CCS FM\300mm\Recipes\Default\DefaultWaferSurfaceInterpolation.ini",".ini","835","2024-05-12 11:47","2026-05-17 11:17","ThinPlate 90 157690.590772851 164086.857821793 777.31962890625 100 226988.390772851 164086.857821793 805.15263671875 100","-1058371"
"C:\job\VCAM with CCS FM\300mm\Recipes\Default\DefaultWaferSurfaceInterpolation.md",".md","29","2024-05-12 11:47","2026-05-17 11:17","[General] IsInChuckSpace=0 ","-1058371"
"C:\job\VCAM with CCS FM\300mm\Recipes\Default\DieAlignment.dat_block.ini",".ini","118","2024-05-09 11:28","2026-05-17 11:17","[General] IsMultiIndex=0 DieCount=1 [Die_0] Row=0 Col=0 PosX=0.000 PosY=0.000 SizeX=3664.000 SizeY=3666.000 ","-1062709"
"C:\job\VCAM with CCS FM\300mm\Recipes\Default\DieMapAlignRes.dat_block.ini",".ini","118","2024-05-09 11:28","2026-05-17 11:17","[General] IsMultiIndex=0 DieCount=1 [Die_0] Row=0 Col=0 PosX=0.000 PosY=0.000 SizeX=3664.000 SizeY=3666.000 ","-1062709"
"C:\job\VCAM with CCS FM\300mm\Recipes\Default\ExternalCoordSystems.ini",".ini","33","2024-05-09 11:26","2026-05-17 11:17","[ExternalCoordSystems] Count=0 ","-1062712"
"C:\job\VCAM with CCS FM\300mm\Recipes\Default\ImageProcessing.log",".log","37","2024-05-09 11:27","2026-05-17 11:17","_previouseAlignmentDataExists = 0 ","-1062710"
"C:\job\VCAM with CCS FM\300mm\Recipes\Default\Metadata.ini",".ini","77","2024-05-09 11:25","2026-05-17 11:17","[General] name=Default Id=2abd0329-b267-4f5f-a1e1-4ee69b32b226 Version=0 ","-1062712"
"C:\job\VCAM with CCS FM\300mm\Recipes\Default\OpticPreset.ini",".ini","1955","2024-05-12 11:47","2026-05-17 11:17","[General] Signature=3 [Scan2d] Id=14a256df-6c5e-4393-90ba-8d252dd365dd Zwafer=19.1929274389108 Mag=5 Mode=-1 CameraName=","-1058371"
"C:\job\VCAM with CCS FM\300mm\Recipes\Default\OpticToVCamStorage.json",".json","539","2025-03-18 11:35","2026-05-17 11:17","[   {     ""OpticId"": ""14a256df-6c5e-4393-90ba-8d252dd365dd"",     ""Scenario"": ""Scan"",     ""IsAutoFocus"": false,     ""Stor","-611983"
"C:\job\VCAM with CCS FM\300mm\Recipes\Default\Params_AlignRTP.ini",".ini","2821","2024-05-09 11:27","2026-05-17 11:17","[DIE Alignment] Die__MinModelSize=0 Die__MinScore=50 Die__ExtraScanLength_um=0.000000 Die__ExtraScanLength_X_um=0.000000","-1062710"
"C:\job\VCAM with CCS FM\300mm\Recipes\Default\Params_SystemInfo.ini",".ini","2359","2024-05-09 11:27","2026-05-17 11:17","[SystemParams] Gain=0 GainFx=0 Offset=0 Distortion=0 SizeX=2048 SizeY=2048 OffsetX=0 OffsetY=0 CameraType=3 ImageSizeInB","-1062710"
"C:\job\VCAM with CCS FM\300mm\Recipes\Default\Params_WaferInfo.ini",".ini","1372","2024-05-09 11:27","2026-05-17 11:17","[Path] SetupPath=c:\job\VCAM with FM\300mm\Recipes\Default\ RecipeName=Default RecipePath=c:\job\VCAM with FM\300mm\Reci","-1062710"
"C:\job\VCAM with CCS FM\300mm\Recipes\Default\ProductInfo.ini",".ini","2959","2025-03-18 11:33","2026-05-17 11:17","[AutoFocus] SearchUseDefault=1 ScanDelta=0 OnLimitViolationAction=0 FocusVAriationLimit=0 LimitFocusVariation=0 RetriesC","-611984"
"C:\job\VCAM with CCS FM\300mm\Recipes\Default\Recipe.ini",".ini","3784","2024-05-09 11:34","2026-05-17 11:17","[AutoCycle] AutoFocusEvery=3 ; Wafer CleanReferenceEvery=1 ; None UnloadToAnotherCassette=0 ; Move wafers from Loadport ","-1062704"
"C:\job\VCAM with CCS FM\300mm\Recipes\Default\s_Bumps.dat.md",".md","654","2023-07-24 22:56","2026-05-17 11:17","<root> <RecordSize Size=""36""/> <Fields> <Field Name=""waferRegion"" Id=""1073741827"" Offset=""0"" Vartype=""17""/> <Field Name=","-1479621"
"C:\job\VCAM with CCS FM\300mm\Recipes\Default\s_Height.dat.md",".md","578","2023-07-24 22:56","2026-05-17 11:17","<root> <RecordSize Size=""28""/> <Fields> <Field Name=""zone"" Id=""1073741824"" Offset=""0"" Vartype=""17""/> <Field Name=""recipe","-1479621"
"C:\job\VCAM with CCS FM\300mm\Recipes\Default\s_Prob.dat.md",".md","1434","2023-07-24 22:56","2026-05-17 11:17","<root> <RecordSize Size=""76""/> <Fields> <Field Name=""waferRegion"" Id=""1073741827"" Offset=""0"" Vartype=""17""/> <Field Name=","-1479621"
"C:\job\VCAM with CCS FM\300mm\Recipes\Default\SamplingMetrology.ini",".ini","73","2024-05-09 11:25","2026-05-17 11:17","[General] Version=0 Id=31d8db1e-4342-41e4-f6f5-8e132166e8eb UseCSV=0 ","-1062712"
"C:\job\VCAM with CCS FM\300mm\Recipes\Default\ScanOverlapLog.txt",".txt","450","2025-03-18 11:34","2026-05-17 11:17","Scan 2d Overlap [px], [um]; Pixel size = 1.693, 1.69 Minimum             :    32,   32,   54,   54 Detection           :","-611984"
"C:\job\VCAM with CCS FM\300mm\Recipes\Default\ScanOverviewImage_Recipes-Default.txt",".txt","321","2024-05-09 11:28","2026-05-17 11:17","[ScanOverviewImage] I_2_WM_X=         76.9030761719         0.0000000000     -3152.4000000000 I_2_WM_Y=          0.00000","-1062709"
"C:\job\VCAM with CCS FM\300mm\Recipes\Default\ScenariosMetadatas.ini",".ini","1543","2024-05-12 11:47","2026-05-17 11:17","[General] Version=1 [Scan2d] Id=ec953c5e-b8da-4aac-ad67-caf8a489565a OpticsId=14a256df-6c5e-4393-90ba-8d252dd365dd Refer","-1058371"
"C:\job\VCAM with CCS FM\300mm\Recipes\Default\UniqueArea.ini",".ini","20","2024-05-09 11:26","2026-05-17 11:17","[General] Count=0 ","-1062712"
"C:\job\VCAM with CCS FM\300mm\Recipes\Default\Wafer2Table.ini",".ini","1129","2025-03-18 11:33","2026-05-17 11:17","[WAFER ALIGNMENT] Wafer2Table_X=          1.0000118757        -0.0007906515   -157293.6579087000 Wafer2Table_Y=         ","-611984"
"C:\job\VCAM with CCS FM\300mm\Recipes\Default\WaferDataReadSettings.xml",".xml","195","2024-05-09 11:25","2026-05-17 11:17","<?xml version=""1.0""?> <WaferDataReadSettings xmlns:xsi=""http://www.w3.org/2001/XMLSchema-instance"" xmlns:xsd=""http://www","-1062712"
"C:\job\VCAM with CCS FM\300mm\Recipes\Default\Waferinfo.ini",".ini","332","2025-03-18 11:33","2026-05-17 11:17","[Robot] SideUp=1 [General] hd_robot=False InkBinList= LimitNumberOfInkedDice=0 hd_cmm=False key_minarea=2500 ScanService","-611984"
"C:\job\VCAM with CCS FM\300mm\Recipes\Default\WaferMapRecipe.ini",".ini","833","2025-03-13 16:41","2026-05-17 11:17","[GENERAL] SettingsPolicy=0 FiducialBin=-1 [Input_Update] Enable=0 FileMask= ImportDirectory= UpdateDirectory= AutoMatchE","-618877"
"C:\job\VCAM with CCS FM\300mm\Recipes\Default\zones.ini",".ini","210","2024-05-09 11:33","2026-05-17 11:17","[General] Version=11 [ALGName] 255=PostProcess 0=Scan Area [ALG] 255=PostProcess 0=Surface [BinCodes] 255=-1 0=-1 [Color","-1062704"
"C:\job\VCAM with CCS FM\300mm\Recipes\Default\zones.txt",".txt","170","2024-05-09 11:33","2026-05-17 11:17","ScaleX =    1.0000000000; ScaleY =    1.0000000000   RefID       X        Y  Zone Count      Shape Data       1   1831.5","-1062704"
"C:\job\VCAM with CCS FM\300mm\Recipes\Default\ZoomLevels.ini",".ini","210","2024-05-09 11:27","2026-05-17 11:17","[ZOOM_LEVELS] LEVEL_1=1 SaveCompressed=0 LEVEL_2=1 LEVEL_4=1 [LEVEL_1] SizeX=3663 SizeY=3665 [LEVEL_2] SizeX=1831 SizeY=","-1062711"
"C:\job\VCAM with CCS FM\300mm\Recipes\Default\.dc_cache\TransactionsHistory.ini",".ini","366","2024-05-09 11:31","2026-05-17 11:17","[DeprecatedInV0] Namespace.RuntimeEntities.RecipePartsCollection_Runtime|RecipePartsCollection|CleanReferenceParams=1 Na","-1062707"
"C:\job\VCAM with CCS FM\300mm\Recipes\Default\DebugAFMapping\FocusMappingDebug_Default.txt",".txt","3108","2025-03-18 11:33","2026-05-17 11:17","CCS Range:     -1.0 Id  ,   ,Validation result,      dZ,   Distance,  Intensity,    Wafer X,    Wafer Y,   Z chuck0,    ","-611984"
"C:\job\VCAM with CCS FM\300mm\Recipes\Default\FocusMapping\FocusMapping.ini",".ini","2201","2025-03-13 16:41","2026-05-17 11:17","[Mode] AutoFocusRange=100 CreateSurfaceScore=Good MinMatchModelScore=Good DurationOfOneSite=3 NumOfDiceToScan=15 Resolut","-618877"
"C:\job\VCAM with CCS FM\300mm\Recipes\Default\FocusMapping\FocusPointsForScan.xml",".xml","2702","2024-05-12 11:47","2026-05-17 11:17","<FocusPointsCollection VersionNumber=""0.0"" FocusPointsCount=""15"" ModelsStamp=""0-377967CF80101CA0ABFA36766BC9B41B"">   <Fo","-1058371"
"C:\job\VCAM with CCS FM\300mm\Recipes\Default\FocusMapping\Model_27f7e49a-5411-4adb-8513-a25954e2ea67\FocusModel.ini",".ini","308","2024-05-12 11:47","2026-05-17 11:17","[General] Offset=0 ModelIndex=0 Enabled=1 DisplayName=Model0 Id=2cf2fee0-9e28-472f-88e7-b744a1934b1f Version=1 ModelType","-1058371"
"C:\job\VCAM with CCS FM\300mm\Recipes\Default\OpticLightMetadata\config.ini",".ini","1941","2025-03-18 11:33","2026-05-17 11:17","[General] NominalDelta=0.000000000 Exist=0 targetPos_X=73123224334374173371045397030592329866691777240885332646277338516","-611984"
"C:\job\VCAM with CCS FM\300mm\Recipes\Default\ReferenceBackup\ZoomLevels.ini",".ini","210","2024-05-09 11:27","2026-05-17 11:17","[ZOOM_LEVELS] LEVEL_1=1 SaveCompressed=0 LEVEL_2=1 LEVEL_4=1 [LEVEL_1] SizeX=3663 SizeY=3665 [LEVEL_2] SizeX=1831 SizeY=","-1062711"
"C:\job\VCAM with CCS FM\300mm\Recipes\Default\SW_QA-4\OpticsPreset.ini",".ini","109","2024-05-09 11:27","2026-05-17 11:17","[RobotSetup] Name=106463_Bare_12.cfg [Chuck] CenterX=158151.296875 CenterY=140564.40625 CenterZ=-389.4 ","-1062711"
"C:\job\VCAM with CCS FM\300mm\Recipes\Default\TrainData\Die.ini",".ini","1096","2024-05-09 11:27","2026-05-17 11:17","[DIE] PixelSize_X=1.69340775638712 PixelSize_Y=1.69340775638712 FrameSizeX=2048 FrameSizeY=2048 Step_X=6335 Step_Y=6273 ","-1062711"
"C:\job\VCAM with CCS FM\300mm\Recipes\Default\TrainData\DieRefToTrain.txt",".txt","155","2024-05-09 11:26","2026-05-17 11:17","[DieRefToTrainImage] DR_2_TI_X=0.999999999103495 4.23439501984036E-05 1082.24782467296 DR_2_TI_Y=-4.23439501984036E-05 0","-1062711"
"C:\job\VCAM with CCS FM\300mm\Recipes\Default\TrainData\FrameToChuck.ini",".ini","160","2024-05-09 11:26","2026-05-17 11:17","[FrameToChuck] F2C_X=          1.6934077205         0.0003485676     -1734.4064389956 F2C_Y=         -0.0003485676      ","-1062711"
"C:\job\VCAM with CCS FM\300mm\Recipes\Default\TrainData\ZonesVectorInfo.csv",".csv","46","2024-05-09 11:33","2026-05-17 11:17","ID,zone,X,Y,SizeX,SizeY,ShapeType,Angle,Is3d ","-1062704"
"C:\job\VCAM with CCS FM\300mm\Recipes\Default\TrainData\DieImage\DieImageToTable.ini",".ini","144","2024-05-09 11:26","2026-05-17 11:17","[DieImageToTable] I2T_X=1.69338720014523 0.00834384661641267 -1746.04512623266 I2T_Y=-0.00834384661641267 1.693387200145","-1062711"
"C:\job\VCAM with CCS FM\300mm\Recipes\Default\TrainData\DieImage\ZoomLevels.ini",".ini","79","2024-05-09 11:26","2026-05-17 11:17","[ZOOM_LEVELS] LEVEL_1=1 SaveCompressed=0 [LEVEL_1] SizeX=8782 SizeY=8780 ","-1062711"
"C:\job\VCAM with CCS FM\300mm\Recipes\Default\TrainData\ReferenceBackup\ZoomLevels.ini",".ini","79","2024-05-09 11:26","2026-05-17 11:17","[ZOOM_LEVELS] LEVEL_1=1 SaveCompressed=0 [LEVEL_1] SizeX=8782 SizeY=8780 ","-1062711"
"C:\job\VCAM with CCS FM\300mm\Recipes\Default\WaferAlignData\Alignment_PatFindRtp.txt",".txt","485","2025-03-18 11:33","2026-05-17 11:17"," [11:33:38 03/18/25] Minimum Score           :  85    Minimum Start        :  90    Reduce Delta         :  10 Minimum T","-611984"
"C:\job\VCAM with CCS FM\300mm\Recipes\Default\WaferAlignData\Alignment_PatRes.txt",".txt","1301","2025-03-18 11:33","2026-05-17 11:17"," [11:33:38 03/18/25] ==========================================================================================  #    Co","-611984"
"C:\job\VCAM with CCS FM\300mm\Recipes\Default\WaferAlignData\Alignment_Stat.txt",".txt","1410","2025-03-18 11:33","2026-05-17 11:17","  [11:33:38 03/18/25] ==================================================================================================","-611984"
"C:\job\VCAM with CCS FM\300mm\Recipes\Default\WaferAlignData\AlignmentData.ini",".ini","31","2025-03-18 11:33","2026-05-17 11:17","[General] AlignmentTime=9547 ","-611984"
"C:\job\VCAM with CCS FM\300mm\Recipes\Default\WaferAlignData\AlignmentStatisticsTime.txt",".txt","166","2025-03-18 11:33","2026-05-17 11:17","Alignment Statistics Grabbing Counter=8 Total=2812 Average=351.500000 Moving Counter=8 Total=3468 Average=433.500000 Mov","-611984"
"C:\job\VCAM with CCS FM\300mm\Recipes\Default\Zones\PostProcess.ini",".ini","2166","2024-05-09 11:33","2026-05-17 11:17","[General] ZoneName=PostProcess ZoneID=255 TypeName=PostProcess AutoTH=0 AutoProbe=0 [Warp Direction Calculation] Enable=","-1062704"
"C:\job\VCAM with CCS FM\300mm\Recipes\Default\Zones\Scan Area.ini",".ini","5646","2024-05-09 11:33","2026-05-17 11:17","[General] ZoneName=Scan Area ZoneID=63 TypeName=Surface AutoTH=0 AutoProbe=0 [Surface] Enable=1 AlgorithmName=Surface Cl","-1062704"
"C:\job\VCAM with FM\Metadata.ini",".ini","91","2024-05-09 11:25","2026-05-17 11:17","[General] name=VCAM with FM Id=aefb2805-95e6-4cdf-ad14-29d5f8d41c9e Version=1 JobTag= ","-1062712"
"C:\job\VCAM with FM\VcamInstallerGuid.txt",".txt","36","2025-03-18 12:04","2026-05-17 11:17","a768aa22-3050-46d9-b4fc-0521e28c1ac6","-611953"
"C:\job\VCAM with FM\.audit\manifest.json",".json","405","2026-05-17 11:18","2026-05-17 11:18","{   ""jobName"": ""VCAM with FM"",   ""auditDbVersion"": ""1"",   ""created"": {     ""machine"": ""AMITA1"",     ""at"": ""2026-05-17T08","0"
"C:\job\VCAM with FM\300mm\CurrWaferSurfaceInterpolation.ini",".ini","1056","2025-03-18 11:38","2026-05-17 11:17","ThinPlate 70 114685.511310755 -4751.28999696174 778.533726281253 78.6167722914036 83245.8590723013 -80375.8368510503 782","-611979"
"C:\job\VCAM with FM\300mm\CurrWaferSurfaceInterpolation.md",".md","29","2024-05-09 11:31","2026-05-17 11:17","[General] IsInChuckSpace=1 ","-1062707"
"C:\job\VCAM with FM\300mm\DefectsClustering.ini",".ini","236","2024-05-09 11:34","2026-05-17 11:17","[General] Enabled=0 ClusteringAfterMerge=0 Distance=0 SelectedFirstSortingList=Priority SelectedSecondSortingList=Area S","-1062704"
"C:\job\VCAM with FM\300mm\DieAlignment.dat_block.ini",".ini","118","2025-03-18 11:39","2026-05-17 11:17","[General] IsMultiIndex=0 DieCount=1 [Die_0] Row=0 Col=0 PosX=0.000 PosY=0.000 SizeX=3664.000 SizeY=3666.000 ","-611979"
"C:\job\VCAM with FM\300mm\Metadata.ini",".ini","101","2024-05-09 11:25","2026-05-17 11:17","[General] name=300mm Id=e8ef1174-062c-48df-a6f3-8e76a67ee36d Version=1 LastActiveRecipe=Default ","-1062712"
"C:\job\VCAM with FM\300mm\MultiRecipe.ini",".ini","133","2024-05-09 11:25","2026-05-17 11:17","[Scan] recipe_1=0,Default,,,,, MergingThreadCount=0 doSeparateRecipe=0 DoGrabAfterMerge=0 Recipes=0, [General] Version=1","-1062712"
"C:\job\VCAM with FM\300mm\ProductionInfo.ini",".ini","133","2024-05-09 11:34","2026-05-17 11:17","[General] WaferDefectsCount=0 WaferDefectDiceRatio=0.000 WaferDefectClassId=0 WaferDefectClassIdCount=0 BatchPassWafersC","-1062704"
"C:\job\VCAM with FM\300mm\Recipes\Default\Alignment.ini",".ini","53","2024-05-12 11:41","2026-05-17 11:17","[WAFER ALIGNMENT] CoarseAlignDone=1 Rotate  w2t=0 ","-1058376"
"C:\job\VCAM with FM\300mm\Recipes\Default\AlignmentData.ini",".ini","820","2024-05-09 11:34","2026-05-17 11:17","[General] MinScore=85 MinTargetScore=0 IsAffineEnabled=1 AlignPointsNum=8 ForceToGMF=0 [Point_0] X=160596.476305823 Y=16","-1062703"
"C:\job\VCAM with FM\300mm\Recipes\Default\AlignRtp.ini",".ini","2896","2025-03-18 11:38","2026-05-17 11:17","[DIE Alignment] Die__MinModelSize=32 Die__MinScore=85 Die__ExtraScanLength_um=0.000000 Die__ExtraScanLength_X_um=0.00000","-611979"
"C:\job\VCAM with FM\300mm\Recipes\Default\CcsLocalMeas.ini",".ini","172","2024-05-09 11:25","2026-05-17 11:17","[ScanParams] MarginX=0 MarginY=0 ScanStepX=0 ScanStepY=0 ResultsToRevisit= ScanDefects_Enabled=0 ScanDefects_SizeX=0 Sca","-1062712"
"C:\job\VCAM with FM\300mm\Recipes\Default\CleanReferenceFinalParams.ini",".ini","984","2024-05-09 11:28","2026-05-17 11:17","[General] Version=2 [CleanRefParams] SizeX=2048 SizeY=2048 minCriteria=-2 maxCriteria=-1 minCreateMul=2 maxCreateMul=2 m","-1062709"
"C:\job\VCAM with FM\300mm\Recipes\Default\CreateReference3dOptions.ini",".ini","324","2024-05-09 11:25","2026-05-17 11:17","[General] Version=0 Debug=0 [Registration] ReferenceRegBy=0 BigBlockRowsNumber=1000 YPartitionsNumber=3 MaxErrorPix=5 PS","-1062713"
"C:\job\VCAM with FM\300mm\Recipes\Default\CurrWaferSurfaceInterpolation.ini",".ini","1046","2025-03-18 11:38","2026-05-17 11:17","ThinPlate 70 158704.782168848 164095.189409369 782.392868987191 77.5521014057185 228002.582168848 164095.189409369 777.8","-611979"
"C:\job\VCAM with FM\300mm\Recipes\Default\CurrWaferSurfaceInterpolation.md",".md","29","2024-05-09 11:31","2026-05-17 11:17","[General] IsInChuckSpace=0 ","-1062707"
"C:\job\VCAM with FM\300mm\Recipes\Default\DefaultWafer2Table.ini",".ini","1094","2024-05-09 11:28","2026-05-17 11:17","[WAFER ALIGNMENT] Wafer2Table_X=          0.9999843230         0.0050387038   -158223.2064593470 Wafer2Table_Y=         ","-1062709"
"C:\job\VCAM with FM\300mm\Recipes\Default\DefaultWaferSurfaceInterpolation.ini",".ini","1044","2024-05-09 11:31","2026-05-17 11:17","ThinPlate 70 158705.35033704 164095.221803069 786.600209599529 97.5876432254217 228002.146987369 164096.195608987 778.52","-1062707"
"C:\job\VCAM with FM\300mm\Recipes\Default\DefaultWaferSurfaceInterpolation.md",".md","29","2024-05-09 11:31","2026-05-17 11:17","[General] IsInChuckSpace=0 ","-1062707"
"C:\job\VCAM with FM\300mm\Recipes\Default\DieAlignment.dat_block.ini",".ini","118","2024-05-09 11:28","2026-05-17 11:17","[General] IsMultiIndex=0 DieCount=1 [Die_0] Row=0 Col=0 PosX=0.000 PosY=0.000 SizeX=3664.000 SizeY=3666.000 ","-1062709"
"C:\job\VCAM with FM\300mm\Recipes\Default\DieMapAlignRes.dat_block.ini",".ini","118","2024-05-09 11:28","2026-05-17 11:17","[General] IsMultiIndex=0 DieCount=1 [Die_0] Row=0 Col=0 PosX=0.000 PosY=0.000 SizeX=3664.000 SizeY=3666.000 ","-1062709"
"C:\job\VCAM with FM\300mm\Recipes\Default\ExternalCoordSystems.ini",".ini","33","2024-05-09 11:26","2026-05-17 11:17","[ExternalCoordSystems] Count=0 ","-1062712"
"C:\job\VCAM with FM\300mm\Recipes\Default\ImageProcessing.log",".log","37","2024-05-09 11:27","2026-05-17 11:17","_previouseAlignmentDataExists = 0 ","-1062710"
"C:\job\VCAM with FM\300mm\Recipes\Default\Metadata.ini",".ini","77","2024-05-09 11:25","2026-05-17 11:17","[General] name=Default Id=2abd0329-b267-4f5f-a1e1-4ee69b32b226 Version=0 ","-1062713"
"C:\job\VCAM with FM\300mm\Recipes\Default\OpticPreset.ini",".ini","1497","2024-05-09 11:31","2026-05-17 11:17","[General] Signature=3 [Scan2d] Id=14a256df-6c5e-4393-90ba-8d252dd365dd Zwafer=0.909364272538937 Mag=5 Mode=-1 CameraName","-1062707"
"C:\job\VCAM with FM\300mm\Recipes\Default\OpticToVCamStorage.json",".json","539","2025-03-18 11:39","2026-05-17 11:17","[   {     ""OpticId"": ""14a256df-6c5e-4393-90ba-8d252dd365dd"",     ""Scenario"": ""Scan"",     ""IsAutoFocus"": false,     ""Stor","-611979"
"C:\job\VCAM with FM\300mm\Recipes\Default\Params_AlignRTP.ini",".ini","2821","2024-05-09 11:27","2026-05-17 11:17","[DIE Alignment] Die__MinModelSize=0 Die__MinScore=50 Die__ExtraScanLength_um=0.000000 Die__ExtraScanLength_X_um=0.000000","-1062710"
"C:\job\VCAM with FM\300mm\Recipes\Default\Params_SystemInfo.ini",".ini","2359","2024-05-09 11:27","2026-05-17 11:17","[SystemParams] Gain=0 GainFx=0 Offset=0 Distortion=0 SizeX=2048 SizeY=2048 OffsetX=0 OffsetY=0 CameraType=3 ImageSizeInB","-1062710"
"C:\job\VCAM with FM\300mm\Recipes\Default\Params_WaferInfo.ini",".ini","1372","2024-05-09 11:27","2026-05-17 11:17","[Path] SetupPath=c:\job\VCAM with FM\300mm\Recipes\Default\ RecipeName=Default RecipePath=c:\job\VCAM with FM\300mm\Reci","-1062710"
"C:\job\VCAM with FM\300mm\Recipes\Default\ProductInfo.ini",".ini","2929","2025-03-18 11:38","2026-05-17 11:17","[AutoFocus] SearchUseDefault=1 ScanDelta=0 OnLimitViolationAction=0 FocusVAriationLimit=0 LimitFocusVariation=0 RetriesC","-611979"
"C:\job\VCAM with FM\300mm\Recipes\Default\Recipe.ini",".ini","3784","2024-05-09 11:34","2026-05-17 11:17","[AutoCycle] AutoFocusEvery=3 ; Wafer CleanReferenceEvery=1 ; None UnloadToAnotherCassette=0 ; Move wafers from Loadport ","-1062704"
"C:\job\VCAM with FM\300mm\Recipes\Default\s_Bumps.dat.md",".md","654","2023-07-24 22:56","2026-05-17 11:17","<root> <RecordSize Size=""36""/> <Fields> <Field Name=""waferRegion"" Id=""1073741827"" Offset=""0"" Vartype=""17""/> <Field Name=","-1479621"
"C:\job\VCAM with FM\300mm\Recipes\Default\s_Height.dat.md",".md","578","2023-07-24 22:56","2026-05-17 11:17","<root> <RecordSize Size=""28""/> <Fields> <Field Name=""zone"" Id=""1073741824"" Offset=""0"" Vartype=""17""/> <Field Name=""recipe","-1479621"
"C:\job\VCAM with FM\300mm\Recipes\Default\s_Prob.dat.md",".md","1434","2023-07-24 22:56","2026-05-17 11:17","<root> <RecordSize Size=""76""/> <Fields> <Field Name=""waferRegion"" Id=""1073741827"" Offset=""0"" Vartype=""17""/> <Field Name=","-1479621"
"C:\job\VCAM with FM\300mm\Recipes\Default\SamplingMetrology.ini",".ini","73","2024-05-09 11:25","2026-05-17 11:17","[General] Version=0 Id=31d8db1e-4342-41e4-f6f5-8e132166e8eb UseCSV=0 ","-1062713"
"C:\job\VCAM with FM\300mm\Recipes\Default\ScanOverlapLog.txt",".txt","450","2025-03-18 11:38","2026-05-17 11:17","Scan 2d Overlap [px], [um]; Pixel size = 1.693, 1.69 Minimum             :    32,   32,   54,   54 Detection           :","-611979"
"C:\job\VCAM with FM\300mm\Recipes\Default\ScanOverviewImage_Recipes-Default.txt",".txt","321","2024-05-09 11:28","2026-05-17 11:17","[ScanOverviewImage] I_2_WM_X=         76.9030761719         0.0000000000     -3152.4000000000 I_2_WM_Y=          0.00000","-1062709"
"C:\job\VCAM with FM\300mm\Recipes\Default\ScenariosMetadatas.ini",".ini","1543","2024-05-09 11:31","2026-05-17 11:17","[General] Version=1 [Scan2d] Id=ec953c5e-b8da-4aac-ad67-caf8a489565a OpticsId=14a256df-6c5e-4393-90ba-8d252dd365dd Refer","-1062707"
"C:\job\VCAM with FM\300mm\Recipes\Default\UniqueArea.ini",".ini","20","2024-05-09 11:26","2026-05-17 11:17","[General] Count=0 ","-1062712"
"C:\job\VCAM with FM\300mm\Recipes\Default\Wafer2Table.ini",".ini","1129","2025-03-18 11:38","2026-05-17 11:17","[WAFER ALIGNMENT] Wafer2Table_X=          1.0000114853        -0.0007898212   -157294.1659534373 Wafer2Table_Y=         ","-611979"
"C:\job\VCAM with FM\300mm\Recipes\Default\WaferDataReadSettings.xml",".xml","195","2024-05-09 11:25","2026-05-17 11:17","<?xml version=""1.0""?> <WaferDataReadSettings xmlns:xsi=""http://www.w3.org/2001/XMLSchema-instance"" xmlns:xsd=""http://www","-1062712"
"C:\job\VCAM with FM\300mm\Recipes\Default\Waferinfo.ini",".ini","290","2025-03-18 11:38","2026-05-17 11:17","[Robot] SideUp=1 [General] hd_robot=False InkBinList= LimitNumberOfInkedDice=0 hd_cmm=False key_minarea=2500 ScanService","-611979"
"C:\job\VCAM with FM\300mm\Recipes\Default\WaferMapRecipe.ini",".ini","833","2025-03-18 11:38","2026-05-17 11:17","[GENERAL] SettingsPolicy=0 FiducialBin=-1 [Input_Update] Enable=0 FileMask= ImportDirectory= UpdateDirectory= AutoMatchE","-611980"
"C:\job\VCAM with FM\300mm\Recipes\Default\zones.ini",".ini","210","2024-05-09 11:33","2026-05-17 11:17","[General] Version=11 [ALGName] 255=PostProcess 0=Scan Area [ALG] 255=PostProcess 0=Surface [BinCodes] 255=-1 0=-1 [Color","-1062704"
"C:\job\VCAM with FM\300mm\Recipes\Default\zones.txt",".txt","170","2024-05-09 11:33","2026-05-17 11:17","ScaleX =    1.0000000000; ScaleY =    1.0000000000   RefID       X        Y  Zone Count      Shape Data       1   1831.5","-1062704"
"C:\job\VCAM with FM\300mm\Recipes\Default\ZoomLevels.ini",".ini","210","2024-05-09 11:27","2026-05-17 11:17","[ZOOM_LEVELS] LEVEL_1=1 SaveCompressed=0 LEVEL_2=1 LEVEL_4=1 [LEVEL_1] SizeX=3663 SizeY=3665 [LEVEL_2] SizeX=1831 SizeY=","-1062711"
"C:\job\VCAM with FM\300mm\Recipes\Default\.dc_cache\TransactionsHistory.ini",".ini","366","2024-05-09 11:31","2026-05-17 11:17","[DeprecatedInV0] Namespace.RuntimeEntities.RecipePartsCollection_Runtime|RecipePartsCollection|CleanReferenceParams=1 Na","-1062707"
"C:\job\VCAM with FM\300mm\Recipes\Default\DebugAFMapping\FocusMappingDebug_Default.txt",".txt","2201","2025-03-18 11:38","2026-05-17 11:17","Id  ,   ,Match Score,AF Score,Final Score,     dZ, Range,Zchuck0, Zchuck, Zstage0,  Zstage, Wafer X, Wafer Y, Chuck X, C","-611979"
"C:\job\VCAM with FM\300mm\Recipes\Default\FocusMapping\FocusMapping.ini",".ini","2201","2025-03-18 11:38","2026-05-17 11:17","[Mode] AutoFocusRange=100 CreateSurfaceScore=Good MinMatchModelScore=Good DurationOfOneSite=3 NumOfDiceToScan=15 Resolut","-611979"
"C:\job\VCAM with FM\300mm\Recipes\Default\FocusMapping\FocusPointsForScan.xml",".xml","2699","2024-05-09 11:31","2026-05-17 11:17","<FocusPointsCollection VersionNumber=""0.0"" FocusPointsCount=""15"" ModelsStamp=""0-7BFB14EC5DEE16B18CAE195196C312E4"">   <Fo","-1062707"
"C:\job\VCAM with FM\300mm\Recipes\Default\FocusMapping\Model_4a53948a-16a3-45f4-b0d4-0bfce8a4b3ac\FocusModel.ini",".ini","277","2024-05-09 11:31","2026-05-17 11:17","[General] Offset=0 ModelIndex=0 Enabled=1 DisplayName=Model0 Id=446a5014-4647-4ebe-abd0-8db3173b0d86 Version=1 ModelType","-1062707"
"C:\job\VCAM with FM\300mm\Recipes\Default\OpticLightMetadata\config.ini",".ini","1941","2025-03-18 11:38","2026-05-17 11:17","[General] NominalDelta=0.000000000 Exist=0 targetPos_X=73123224334374173371045397030592329866691777240885332646277338516","-611979"
"C:\job\VCAM with FM\300mm\Recipes\Default\ReferenceBackup\ZoomLevels.ini",".ini","210","2024-05-09 11:27","2026-05-17 11:17","[ZOOM_LEVELS] LEVEL_1=1 SaveCompressed=0 LEVEL_2=1 LEVEL_4=1 [LEVEL_1] SizeX=3663 SizeY=3665 [LEVEL_2] SizeX=1831 SizeY=","-1062711"
"C:\job\VCAM with FM\300mm\Recipes\Default\SW_QA-4\OpticsPreset.ini",".ini","109","2024-05-09 11:27","2026-05-17 11:17","[RobotSetup] Name=106463_Bare_12.cfg [Chuck] CenterX=158151.296875 CenterY=140564.40625 CenterZ=-389.4 ","-1062711"
"C:\job\VCAM with FM\300mm\Recipes\Default\TrainData\Die.ini",".ini","1096","2024-05-09 11:27","2026-05-17 11:17","[DIE] PixelSize_X=1.69340775638712 PixelSize_Y=1.69340775638712 FrameSizeX=2048 FrameSizeY=2048 Step_X=6335 Step_Y=6273 ","-1062711"
"C:\job\VCAM with FM\300mm\Recipes\Default\TrainData\DieRefToTrain.txt",".txt","155","2024-05-09 11:26","2026-05-17 11:17","[DieRefToTrainImage] DR_2_TI_X=0.999999999103495 4.23439501984036E-05 1082.24782467296 DR_2_TI_Y=-4.23439501984036E-05 0","-1062711"
"C:\job\VCAM with FM\300mm\Recipes\Default\TrainData\FrameToChuck.ini",".ini","160","2024-05-09 11:26","2026-05-17 11:17","[FrameToChuck] F2C_X=          1.6934077205         0.0003485676     -1734.4064389956 F2C_Y=         -0.0003485676      ","-1062711"
"C:\job\VCAM with FM\300mm\Recipes\Default\TrainData\ZonesVectorInfo.csv",".csv","46","2024-05-09 11:33","2026-05-17 11:17","ID,zone,X,Y,SizeX,SizeY,ShapeType,Angle,Is3d ","-1062704"
"C:\job\VCAM with FM\300mm\Recipes\Default\TrainData\DieImage\DieImageToTable.ini",".ini","144","2024-05-09 11:26","2026-05-17 11:17","[DieImageToTable] I2T_X=1.69338720014523 0.00834384661641267 -1746.04512623266 I2T_Y=-0.00834384661641267 1.693387200145","-1062711"
"C:\job\VCAM with FM\300mm\Recipes\Default\TrainData\DieImage\ZoomLevels.ini",".ini","79","2024-05-09 11:26","2026-05-17 11:17","[ZOOM_LEVELS] LEVEL_1=1 SaveCompressed=0 [LEVEL_1] SizeX=8782 SizeY=8780 ","-1062711"
"C:\job\VCAM with FM\300mm\Recipes\Default\TrainData\ReferenceBackup\ZoomLevels.ini",".ini","79","2024-05-09 11:26","2026-05-17 11:17","[ZOOM_LEVELS] LEVEL_1=1 SaveCompressed=0 [LEVEL_1] SizeX=8782 SizeY=8780 ","-1062711"
"C:\job\VCAM with FM\300mm\Recipes\Default\WaferAlignData\Alignment_PatFindRtp.txt",".txt","485","2025-03-18 11:38","2026-05-17 11:17"," [11:38:37 03/18/25] Minimum Score           :  85    Minimum Start        :  90    Reduce Delta         :  10 Minimum T","-611979"
"C:\job\VCAM with FM\300mm\Recipes\Default\WaferAlignData\Alignment_PatRes.txt",".txt","1301","2025-03-18 11:38","2026-05-17 11:17"," [11:38:37 03/18/25] ==========================================================================================  #    Co","-611979"
"C:\job\VCAM with FM\300mm\Recipes\Default\WaferAlignData\Alignment_Stat.txt",".txt","1410","2025-03-18 11:38","2026-05-17 11:17","  [11:38:37 03/18/25] ==================================================================================================","-611979"
"C:\job\VCAM with FM\300mm\Recipes\Default\WaferAlignData\AlignmentData.ini",".ini","31","2025-03-18 11:38","2026-05-17 11:17","[General] AlignmentTime=9322 ","-611979"
"C:\job\VCAM with FM\300mm\Recipes\Default\WaferAlignData\AlignmentStatisticsTime.txt",".txt","166","2025-03-18 11:38","2026-05-17 11:17","Alignment Statistics Grabbing Counter=8 Total=2158 Average=269.750000 Moving Counter=8 Total=3516 Average=439.500000 Mov","-611979"
"C:\job\VCAM with FM\300mm\Recipes\Default\Zones\PostProcess.ini",".ini","2166","2024-05-09 11:33","2026-05-17 11:17","[General] ZoneName=PostProcess ZoneID=255 TypeName=PostProcess AutoTH=0 AutoProbe=0 [Warp Direction Calculation] Enable=","-1062704"
"C:\job\VCAM with FM\300mm\Recipes\Default\Zones\Scan Area.ini",".ini","5646","2024-05-09 11:33","2026-05-17 11:17","[General] ZoneName=Scan Area ZoneID=63 TypeName=Surface AutoTH=0 AutoProbe=0 [Surface] Enable=1 AlgorithmName=Surface Cl","-1062704"
"C:\job\VCAM WLUP + FM + CR + Grab\Metadata.ini",".ini","129","2025-02-12 09:02","2026-05-17 11:17","[General] name=QA#4 - CTW TPT + Scenario Validation Id=70fcdf04-16c4-4ecc-b494-1db4264f8643 Version=1 JobTag=Validation ","-661096"
"C:\job\VCAM WLUP + FM + CR + Grab\VcamInstallerGuid.txt",".txt","36","2025-03-18 12:04","2026-05-17 11:17","a768aa22-3050-46d9-b4fc-0521e28c1ac6","-611954"
"C:\job\VCAM WLUP + FM + CR + Grab\.audit\manifest.json",".json","434","2026-05-17 11:18","2026-05-17 11:17","{   ""jobName"": ""VCAM WLUP \u002B FM \u002B CR \u002B Grab"",   ""auditDbVersion"": ""1"",   ""created"": {     ""machine"": ""AMIT","1"
"C:\job\VCAM WLUP + FM + CR + Grab\Setup1\CurrWaferSurfaceInterpolation.ini",".ini","6951","2025-03-18 09:51","2026-05-17 11:17","ThinPlate 50 47562.8115694579 130701.065751695 769.761320670713 72.5853166615823 72887.7919525569 124597.765267224 770.8","-612087"
"C:\job\VCAM WLUP + FM + CR + Grab\Setup1\CurrWaferSurfaceInterpolation.md",".md","29","2025-02-11 13:45","2026-05-17 11:17","[General] IsInChuckSpace=1 ","-662252"
"C:\job\VCAM WLUP + FM + CR + Grab\Setup1\DefaultWafer2Table.ini",".ini","1141","2025-02-11 17:29","2026-05-17 11:17","[WAFER ALIGNMENT] Wafer2Table_X=          0.9999969136        -0.0002747084   -157388.1110254321 Wafer2Table_Y=         ","-662029"
"C:\job\VCAM WLUP + FM + CR + Grab\Setup1\DefectsClustering.ini",".ini","238","2025-02-17 09:23","2026-05-17 11:17","[General] Enabled=1 ClusteringAfterMerge=0 Distance=150 SelectedFirstSortingList=Priority SelectedSecondSortingList=Area","-653874"
"C:\job\VCAM WLUP + FM + CR + Grab\Setup1\DieAlignment.dat_block.ini",".ini","118","2025-06-04 11:25","2026-05-17 11:17","[General] IsMultiIndex=0 DieCount=1 [Die_0] Row=0 Col=0 PosX=0.000 PosY=0.000 SizeX=3671.000 SizeY=3671.000 ","-499672"
"C:\job\VCAM WLUP + FM + CR + Grab\Setup1\Metadata.ini",".ini","97","2025-02-17 09:12","2026-05-17 11:17","[General] name=Setup1 Id=db3855e5-accd-457e-af5f-a8395a1f6068 Version=1 LastActiveRecipe=x5 ","-653886"
"C:\job\VCAM WLUP + FM + CR + Grab\Setup1\MultiRecipe.ini",".ini","368","2025-02-17 09:12","2026-05-17 11:17","[Scan] SamplingCount=0 SamplingYield=0 MergingThreadCount=0 doSeparateRecipe=1 DoGrabAfterMerge=0 Recipes= RecipesPos= R","-653886"
"C:\job\VCAM WLUP + FM + CR + Grab\Setup1\ProductionInfo.ini",".ini","197","2025-03-18 09:56","2026-05-17 11:17","[General] WaferDefectsCount=0 WaferDefectDiceRatio=0.0000 WaferDefectClassId=0 WaferDefectClassIdCount=0 BatchPassWafers","-612081"
"C:\job\VCAM WLUP + FM + CR + Grab\Setup1\RecipesInfo.ini",".ini","795","2025-02-11 17:45","2026-05-17 11:17","[Recipe-1] Name=x5 DiePitchX=6300 DiePitchY=6300 ScanMag=5 ColorPixelSize=0 Scan2DPixelSize=1.693 VerCam=4 VerMag=5 [Rec","-662012"
"C:\job\VCAM WLUP + FM + CR + Grab\Setup1\ScanCondition.ini",".ini","23","2025-02-11 14:51","2026-05-17 11:17","[General] IsActive=0 ","-662186"
"C:\job\VCAM WLUP + FM + CR + Grab\Setup1\Wafer2Table.ini",".ini","661","2025-06-04 11:23","2026-05-17 11:17","[WAFER ALIGNMENT] Wafer2Table_X=          1.0077098694         0.0020548780   -160682.8174183697 Wafer2Table_Y=         ","-499674"
"C:\job\VCAM WLUP + FM + CR + Grab\Setup1\Recipes\x5\Alignment.ini",".ini","53","2025-03-18 11:10","2026-05-17 11:18","[WAFER ALIGNMENT] CoarseAlignDone=1 Rotate  w2t=0 ","-612007"
"C:\job\VCAM WLUP + FM + CR + Grab\Setup1\Recipes\x5\AlignmentData.ini",".ini","772","2025-02-11 17:23","2026-05-17 11:18","[General] MinScore=85 MinTargetScore=0 IsAffineEnabled=1 AlignPointsNum=8 ForceToGMF=0 [Point_0] X=157724.355530 Y=15772","-662035"
"C:\job\VCAM WLUP + FM + CR + Grab\Setup1\Recipes\x5\AlignRtp.ini",".ini","2897","2025-06-04 11:23","2026-05-17 11:18","[GENERAL] AliasDelta_%=25 RegModelFileName=DieMapRegPos.dat RotateModel=1 SeparateDice=1 _01_GENERAL=0 UseRegReference=1","-499674"
"C:\job\VCAM WLUP + FM + CR + Grab\Setup1\Recipes\x5\CcsLocalMeas.ini",".ini","153","2025-02-11 13:35","2026-05-17 11:18","[ScanParams] MarginX=0 MarginY=0 ScanStepX=0 ScanStepY=0 ScanDefects_Enabled=0 ScanDefects_SizeX=0 ScanDefects_SizeY=0 [","-662262"
"C:\job\VCAM WLUP + FM + CR + Grab\Setup1\Recipes\x5\CleanReferenceConfiguration.ini",".ini","574","2025-06-04 11:22","2026-05-17 11:18","[General] Version=1 CreateCleanReferencePeriodicaly=0 CreateCleanReferenceEvery=Wafer CreateCleanReferenceFrequency=0 Cl","-499675"
"C:\job\VCAM WLUP + FM + CR + Grab\Setup1\Recipes\x5\CleanReferenceFinalParams.ini",".ini","952","2025-02-11 13:39","2026-05-17 11:18","[General] Version=2 [CleanRefParams] SizeX=2048 SizeY=2048 minCriteria=-2 maxCriteria=-1 minCreateMul=2 maxCreateMul=2 m","-662259"
"C:\job\VCAM WLUP + FM + CR + Grab\Setup1\Recipes\x5\CreateReference3dOptions.ini",".ini","307","2025-02-11 13:35","2026-05-17 11:18","[General] Version=0 Debug=0 [Registration] ReferenceRegBy=0 BigBlockRowsNumber=1000 YPartitionsNumber=3 MaxErrorPix=5 PS","-662262"
"C:\job\VCAM WLUP + FM + CR + Grab\Setup1\Recipes\x5\CurrWaferSurfaceInterpolation.ini",".ini","6876","2025-03-18 09:51","2026-05-17 11:18","ThinPlate 50 158717.036967648 157809.449037202 783.892183466531 67.3592685416731 190217.036967648 157809.449037202 779.7","-612087"
"C:\job\VCAM WLUP + FM + CR + Grab\Setup1\Recipes\x5\CurrWaferSurfaceInterpolation.md",".md","29","2025-02-11 13:45","2026-05-17 11:18","[General] IsInChuckSpace=0 ","-662252"
"C:\job\VCAM WLUP + FM + CR + Grab\Setup1\Recipes\x5\DefaultWafer2Table.ini",".ini","1141","2025-02-11 13:39","2026-05-17 11:18","[WAFER ALIGNMENT] Wafer2Table_X=          0.9999982358        -0.0002756345   -157388.1821784875 Wafer2Table_Y=         ","-662259"
"C:\job\VCAM WLUP + FM + CR + Grab\Setup1\Recipes\x5\DefaultWaferSurfaceInterpolation.ini",".ini","6890","2025-02-11 13:45","2026-05-17 11:18","ThinPlate 50 152417.036967648 151509.449037202 774.5255032331 98.6271866002615 152417.036967648 183009.449037202 773.428","-662252"
"C:\job\VCAM WLUP + FM + CR + Grab\Setup1\Recipes\x5\DefaultWaferSurfaceInterpolation.md",".md","29","2025-02-11 13:45","2026-05-17 11:18","[General] IsInChuckSpace=0 ","-662252"
"C:\job\VCAM WLUP + FM + CR + Grab\Setup1\Recipes\x5\DieAlignment.dat_block.ini",".ini","118","2025-02-11 13:39","2026-05-17 11:18","[General] IsMultiIndex=0 DieCount=1 [Die_0] Row=0 Col=0 PosX=0.000 PosY=0.000 SizeX=3671.000 SizeY=3671.000 ","-662259"
"C:\job\VCAM WLUP + FM + CR + Grab\Setup1\Recipes\x5\DieMapAlignRes.dat_block.ini",".ini","118","2025-02-11 13:39","2026-05-17 11:18","[General] IsMultiIndex=0 DieCount=1 [Die_0] Row=0 Col=0 PosX=0.000 PosY=0.000 SizeX=3671.000 SizeY=3671.000 ","-662259"
"C:\job\VCAM WLUP + FM + CR + Grab\Setup1\Recipes\x5\DieMapRegPos.txt",".txt","350","2025-02-11 13:57","2026-05-17 11:18","ScaleX =    1.0000000000; ScaleY =    1.0000000000   RefID       X        Y  Zone Count      Shape Data       1     65.0","-662240"
"C:\job\VCAM WLUP + FM + CR + Grab\Setup1\Recipes\x5\DieRegPos.txt",".txt","350","2025-02-11 13:57","2026-05-17 11:18","ScaleX =    1.0000000000; ScaleY =    1.0000000000   RefID       X        Y  Zone Count      Shape Data       1     16.0","-662240"
"C:\job\VCAM WLUP + FM + CR + Grab\Setup1\Recipes\x5\ExternalCoordSystems.ini",".ini","33","2025-02-11 13:35","2026-05-17 11:18","[ExternalCoordSystems] Count=0 ","-662262"
"C:\job\VCAM WLUP + FM + CR + Grab\Setup1\Recipes\x5\GlobalRTP.ini",".ini","2656","2025-02-11 13:47","2026-05-17 11:18","[GLOBAL_RTP] AdaptiveGpuEnabled=1 AdaptiveHistogram=0 AdaptiveHistogramByDieSegments=1 AdaptiveHistogramMinPixelCount=32","-662251"
"C:\job\VCAM WLUP + FM + CR + Grab\Setup1\Recipes\x5\ImageProcessing.log",".log","37","2025-02-11 13:38","2026-05-17 11:18","_previouseAlignmentDataExists = 0 ","-662260"
"C:\job\VCAM WLUP + FM + CR + Grab\Setup1\Recipes\x5\JobIllumLimits.ini",".ini","86","2025-05-26 10:38","2026-05-17 11:18","[RNDTEST4] IllumCalibDate=2024-08-14 16:35:32 ForcedSkipToDate=2025-06-25 10:38:37 ","-512679"
"C:\job\VCAM WLUP + FM + CR + Grab\Setup1\Recipes\x5\Metadata.ini",".ini","147","2025-02-11 13:50","2026-05-17 11:18","[General] name=x5 Id=fb222405-ca62-4124-8cbd-947ee652d223 Version=0 [GeneralOnlineVerificationParams] UseSetGrabForOnlin","-662247"
"C:\job\VCAM WLUP + FM + CR + Grab\Setup1\Recipes\x5\OpticPreset.ini",".ini","2494","2025-05-26 10:38","2026-05-17 11:18","[General] Signature=3 [Scan2d] Id=632712dc-07a1-473e-a0ce-11e7eb034460 Zwafer=11.8010322457174 Mag=5 Mode=-1 CameraName=","-512679"
"C:\job\VCAM WLUP + FM + CR + Grab\Setup1\Recipes\x5\OpticToVCamStorage.json",".json","901","2025-03-18 11:12","2026-05-17 11:18","[   {     ""OpticId"": ""67c88528-b08e-43c4-a513-cdce82cc2bd7"",     ""Scenario"": ""FocusMap"",     ""IsAutoFocus"": true,     ""S","-612005"
"C:\job\VCAM WLUP + FM + CR + Grab\Setup1\Recipes\x5\Params_AlignRTP.ini",".ini","2603","2025-02-11 13:38","2026-05-17 11:18","[306a7e84-3bae-4443-bedf-ea9321f61841] 306a7e84-3bae-4443-bedf-ea9321f61841_EngineDescription=No Operation 306a7e84-3bae","-662260"
"C:\job\VCAM WLUP + FM + CR + Grab\Setup1\Recipes\x5\Params_SystemInfo.ini",".ini","2247","2025-02-11 13:38","2026-05-17 11:18","[SystemParams] ActivateAlgorithms=1 ActivateFrameTracing=0 ApplyDistortion=-1 ApplyGainOffset=-1 CCS_InScanScenario=0 CC","-662260"
"C:\job\VCAM WLUP + FM + CR + Grab\Setup1\Recipes\x5\Params_WaferInfo.ini",".ini","1433","2025-02-11 13:38","2026-05-17 11:18","[General] AlignStripDelay=-1 BinArrayPath=c:\bis\data\dds BumpResBufferSize=50000000 CollectSpcData=0 DieAlignResReport=","-662260"
"C:\job\VCAM WLUP + FM + CR + Grab\Setup1\Recipes\x5\ProductInfo.ini",".ini","2894","2025-06-04 11:23","2026-05-17 11:18","[General] GainOffsetMode=0 ExportFlatPos=0 Reference_EdgeUncert=0 Overlap2d_X_um=0.000 Overlap2d_Y_um=0.000 Overlap3d_X_","-499675"
"C:\job\VCAM WLUP + FM + CR + Grab\Setup1\Recipes\x5\Recipe.ini",".ini","4184","2025-06-04 11:22","2026-05-17 11:18","[AutoCycle] AutoFocusEvery=1 ; None CleanReferenceEvery=1 ; None UnloadToAnotherCassette=0 ; Move wafers from Loadport B","-499675"
"C:\job\VCAM WLUP + FM + CR + Grab\Setup1\Recipes\x5\RTP.txt",".txt","4837","2025-02-11 13:57","2026-05-17 11:18","[PostProcess]   ; Zone name Alg = Volume Shape_Violation_USL = 90000 ;  ( The Max bump volume allowed. )  Shape_Violatio","-662241"
"C:\job\VCAM WLUP + FM + CR + Grab\Setup1\Recipes\x5\ScanOverlapLog.txt",".txt","450","2025-06-04 11:23","2026-05-17 11:18","Scan 2d Overlap [px], [um]; Pixel size = 1.693, 1.69 Minimum             :    32,   32,   54,   54 Detection           :","-499674"
"C:\job\VCAM WLUP + FM + CR + Grab\Setup1\Recipes\x5\ScenarioMetadataGrab.xml",".xml","1481","2025-02-11 13:50","2026-05-17 11:18","<MultiOpticsScenarioGrabConfiguration VersionNumber=""2.0"">   <ScenarioGrab Id=""0c9fb094-084c-4237-9bdd-6a8242af5f07"" Nam","-662247"
"C:\job\VCAM WLUP + FM + CR + Grab\Setup1\Recipes\x5\ScenariosMetadatas.ini",".ini","1449","2025-02-17 09:25","2026-05-17 11:18","[General] Version=1 [Scan2d] Id=5c0a78a1-e594-4919-b46e-1127b9caa0fa OpticsId=632712dc-07a1-473e-a0ce-11e7eb034460 Refer","-653873"
"C:\job\VCAM WLUP + FM + CR + Grab\Setup1\Recipes\x5\SitesInWafer.xml",".xml","403","2025-02-11 13:49","2026-05-17 11:18","<SitesInWaferConfigurations VersionNumber=""0.0"">   <SitesInWafer Id=""5e35089d-1223-cb7a-a61e-a68ae7198c16"" Name=""SitesIn","-662249"
"C:\job\VCAM WLUP + FM + CR + Grab\Setup1\Recipes\x5\UniqueArea.ini",".ini","1121","2025-02-17 09:27","2026-05-17 11:18","[General] Count=3 Mag=1.200 TryAllModels=0 PixelSizeX=6.986 PixelSizeY=6.985 UseGMF=0 MinTargetScore=0 LimitSearchArea=0","-653871"
"C:\job\VCAM WLUP + FM + CR + Grab\Setup1\Recipes\x5\Wafer2Table.ini",".ini","661","2025-06-04 11:25","2026-05-17 11:18","[WAFER ALIGNMENT] Wafer2Table_X=          1.0077098694         0.0020548780   -160682.8174183697 Wafer2Table_Y=         ","-499672"
"C:\job\VCAM WLUP + FM + CR + Grab\Setup1\Recipes\x5\WaferDataReadSettings.xml",".xml","195","2025-02-11 13:35","2026-05-17 11:18","<?xml version=""1.0""?> <WaferDataReadSettings xmlns:xsi=""http://www.w3.org/2001/XMLSchema-instance"" xmlns:xsd=""http://www","-662262"
"C:\job\VCAM WLUP + FM + CR + Grab\Setup1\Recipes\x5\Waferinfo.ini",".ini","365","2025-06-04 11:23","2026-05-17 11:18","[Robot] SideUp=1 [General] hd_robot=False InkBinList= LimitNumberOfInkedDice=0 hd_cmm=False key_minarea=2500 ScanService","-499675"
"C:\job\VCAM WLUP + FM + CR + Grab\Setup1\Recipes\x5\WaferMapRecipe.ini",".ini","1567","2025-05-26 10:43","2026-05-17 11:18","[GENERAL] SettingsPolicy=1 FiducialBin=-1 ImportSubPath= UpdateSubPath= ExportInAutoCycle=1 ExportInManualScan=1 AfterEx","-512674"
"C:\job\VCAM WLUP + FM + CR + Grab\Setup1\Recipes\x5\WaferToRefWafer.ini",".ini","171","2025-02-11 17:28","2026-05-17 11:18","[WaferToRefWafer] RW_2_SW_X=          1.0000000000         0.0000000000         0.0000000000 RW_2_SW_Y=          0.00000","-662029"
"C:\job\VCAM WLUP + FM + CR + Grab\Setup1\Recipes\x5\WLUP.txt",".txt","661","2025-06-04 11:23","2026-05-17 11:18","[WAFER ALIGNMENT] Wafer2Table_X=          1.0077098694         0.0020548780   -160682.8174183697 Wafer2Table_Y=         ","-499675"
"C:\job\VCAM WLUP + FM + CR + Grab\Setup1\Recipes\x5\zones.ini",".ini","210","2025-02-11 13:40","2026-05-17 11:18","[General] Version=11 [ALGName] 255=PostProcess 0=Scan Area [ALG] 255=PostProcess 0=Surface [BinCodes] 255=-1 0=-1 [Color","-662257"
"C:\job\VCAM WLUP + FM + CR + Grab\Setup1\Recipes\x5\zones.txt",".txt","170","2025-02-11 13:40","2026-05-17 11:18","ScaleX =    1.0000000000; ScaleY =    1.0000000000   RefID       X        Y  Zone Count      Shape Data       1   1835.0","-662257"
"C:\job\VCAM WLUP + FM + CR + Grab\Setup1\Recipes\x5\ZoomLevels.ini",".ini","210","2025-02-11 13:37","2026-05-17 11:18","[ZOOM_LEVELS] LEVEL_1=1 SaveCompressed=0 LEVEL_2=1 LEVEL_4=1 [LEVEL_1] SizeX=3670 SizeY=3670 [LEVEL_2] SizeX=1835 SizeY=","-662260"
"C:\job\VCAM WLUP + FM + CR + Grab\Setup1\Recipes\x5\.dc_cache\TransactionsHistory.ini",".ini","462","2025-02-11 13:46","2026-05-17 11:18","[DeprecatedInV0] Namespace.RuntimeEntities.RecipePartsCollection_Runtime|RecipePartsCollection|CleanReferenceParams=1 Na","-662251"
"C:\job\VCAM WLUP + FM + CR + Grab\Setup1\Recipes\x5\DebugAFMapping\102017,  31809_focusCurve.txt",".txt","410","2025-03-18 09:51","2026-05-17 11:18","Position Focus Measure ======== ============= 77807.30  292.195770 77811.30  333.641205 77815.20  385.389130 77819.30  4","-612087"
"C:\job\VCAM WLUP + FM + CR + Grab\Setup1\Recipes\x5\DebugAFMapping\102017,  57009_focusCurve.txt",".txt","413","2025-03-18 09:50","2026-05-17 11:18","Position Focus Measure ======== ============= 77816.60  741.686218 77820.70  970.380798 77824.60  1231.726807 77828.60  ","-612087"
"C:\job\VCAM WLUP + FM + CR + Grab\Setup1\Recipes\x5\DebugAFMapping\108317,  82209_focusCurve.txt",".txt","410","2025-03-18 09:50","2026-05-17 11:18","Position Focus Measure ======== ============= 77821.70  304.497162 77825.80  348.197357 77829.60  415.121887 77833.60  4","-612088"
"C:\job\VCAM WLUP + FM + CR + Grab\Setup1\Recipes\x5\DebugAFMapping\108317, 157809_focusCurve.txt",".txt","410","2025-03-18 09:49","2026-05-17 11:18","Position Focus Measure ======== ============= 77822.80  220.309311 77826.80  250.114029 77830.90  297.471893 77834.90  3","-612088"
"C:\job\VCAM WLUP + FM + CR + Grab\Setup1\Recipes\x5\DebugAFMapping\108317, 233409_focusCurve.txt",".txt","410","2025-03-18 09:50","2026-05-17 11:18","Position Focus Measure ======== ============= 77833.00  492.682251 77837.00  595.772827 77841.00  748.030457 77845.00  8","-612088"
"C:\job\VCAM WLUP + FM + CR + Grab\Setup1\Recipes\x5\DebugAFMapping\114617, 101109_focusCurve.txt",".txt","411","2025-03-18 09:50","2026-05-17 11:18","Position Focus Measure ======== ============= 77825.70  578.849487 77829.80  719.933777 77833.50  898.333252 77837.50  1","-612088"
"C:\job\VCAM WLUP + FM + CR + Grab\Setup1\Recipes\x5\DebugAFMapping\114617, 214509_focusCurve.txt",".txt","410","2025-03-18 09:50","2026-05-17 11:18","Position Focus Measure ======== ============= 77833.70  414.307556 77837.70  489.991577 77841.70  606.648682 77845.70  7","-612088"
"C:\job\VCAM WLUP + FM + CR + Grab\Setup1\Recipes\x5\DebugAFMapping\114617, 283809_focusCurve.txt",".txt","413","2025-03-18 09:50","2026-05-17 11:18","Position Focus Measure ======== ============= 77839.50  714.520081 77843.70  891.370911 77847.70  1110.025024 77851.70  ","-612087"
"C:\job\VCAM WLUP + FM + CR + Grab\Setup1\Recipes\x5\DebugAFMapping\120917, 126309_focusCurve.txt",".txt","410","2025-03-18 09:49","2026-05-17 11:18","Position Focus Measure ======== ============= 77828.90  372.968842 77832.80  443.483093 77836.70  549.596985 77840.80  6","-612088"
"C:\job\VCAM WLUP + FM + CR + Grab\Setup1\Recipes\x5\DebugAFMapping\120917, 189309_focusCurve.txt",".txt","421","2025-03-18 09:49","2026-05-17 11:18","Position Focus Measure ======== ============= 77829.90  855.555420 77833.80  681.844543 77837.70  548.753662 77841.80  4","-612088"
"C:\job\VCAM WLUP + FM + CR + Grab\Setup1\Recipes\x5\DebugAFMapping\120917, 264909_focusCurve.txt",".txt","410","2025-03-18 09:50","2026-05-17 11:18","Position Focus Measure ======== ============= 77838.60  623.250610 77842.70  794.270691 77846.70  935.409241 77850.70  9","-612087"
"C:\job\VCAM WLUP + FM + CR + Grab\Setup1\Recipes\x5\DebugAFMapping\133517,  25509_focusCurve.txt",".txt","410","2025-03-18 09:51","2026-05-17 11:18","Position Focus Measure ======== ============= 77814.30  439.169250 77818.40  522.899963 77822.30  666.474976 77826.30  7","-612087"
"C:\job\VCAM WLUP + FM + CR + Grab\Setup1\Recipes\x5\DebugAFMapping\133517,  44409_focusCurve.txt",".txt","410","2025-03-18 09:50","2026-05-17 11:18","Position Focus Measure ======== ============= 77810.60  362.470459 77814.60  418.405243 77818.60  502.339539 77822.60  6","-612087"
"C:\job\VCAM WLUP + FM + CR + Grab\Setup1\Recipes\x5\DebugAFMapping\133517, 138909_focusCurve.txt",".txt","411","2025-03-18 09:49","2026-05-17 11:18","Position Focus Measure ======== ============= 77824.90  473.543671 77829.00  556.365112 77832.90  684.993225 77837.00  8","-612088"
"C:\job\VCAM WLUP + FM + CR + Grab\Setup1\Recipes\x5\DebugAFMapping\133517, 176709_focusCurve.txt",".txt","413","2025-03-18 09:49","2026-05-17 11:18","Position Focus Measure ======== ============= 77830.80  668.109924 77834.80  816.302246 77838.70  1036.046021 77842.80  ","-612088"
"C:\job\VCAM WLUP + FM + CR + Grab\Setup1\Recipes\x5\DebugAFMapping\133517, 246009_focusCurve.txt",".txt","410","2025-03-18 09:50","2026-05-17 11:18","Position Focus Measure ======== ============= 77826.90  308.538086 77830.90  351.034363 77834.90  407.376923 77838.90  4","-612088"
"C:\job\VCAM WLUP + FM + CR + Grab\Setup1\Recipes\x5\DebugAFMapping\139817,  69609_focusCurve.txt",".txt","410","2025-03-18 09:50","2026-05-17 11:18","Position Focus Measure ======== ============= 77815.40  291.214996 77819.40  352.206543 77823.30  446.770477 77827.40  6","-612088"
"C:\job\VCAM WLUP + FM + CR + Grab\Setup1\Recipes\x5\DebugAFMapping\139817, 227109_focusCurve.txt",".txt","410","2025-03-18 09:50","2026-05-17 11:18","Position Focus Measure ======== ============= 77829.10  311.023468 77833.10  359.513092 77837.00  426.900330 77841.00  5","-612088"
"C:\job\VCAM WLUP + FM + CR + Grab\Setup1\Recipes\x5\DebugAFMapping\139817, 290109_focusCurve.txt",".txt","414","2025-03-18 09:50","2026-05-17 11:18","Position Focus Measure ======== ============= 77834.80  581.261963 77838.80  680.575256 77842.70  815.945129 77846.70  1","-612087"
"C:\job\VCAM WLUP + FM + CR + Grab\Setup1\Recipes\x5\DebugAFMapping\146117,  88509_focusCurve.txt",".txt","410","2025-03-18 09:50","2026-05-17 11:18","Position Focus Measure ======== ============= 77819.30  382.165009 77823.30  444.515076 77827.30  547.366394 77831.40  6","-612088"
"C:\job\VCAM WLUP + FM + CR + Grab\Setup1\Recipes\x5\DebugAFMapping\146117, 107409_focusCurve.txt",".txt","413","2025-03-18 09:49","2026-05-17 11:18","Position Focus Measure ======== ============= 77823.00  598.778320 77827.10  714.058289 77831.10  892.459961 77835.10  1","-612088"
"C:\job\VCAM WLUP + FM + CR + Grab\Setup1\Recipes\x5\DebugAFMapping\146117, 208209_focusCurve.txt",".txt","410","2025-03-18 09:49","2026-05-17 11:18","Position Focus Measure ======== ============= 77828.20  350.982452 77832.30  405.057678 77836.20  487.176575 77840.20  6","-612088"
"C:\job\VCAM WLUP + FM + CR + Grab\Setup1\Recipes\x5\DebugAFMapping\152417, 271209_focusCurve.txt",".txt","410","2025-03-18 09:50","2026-05-17 11:18","Position Focus Measure ======== ============= 77834.20  408.801605 77838.20  476.153900 77842.20  577.374207 77846.20  7","-612087"
"C:\job\VCAM WLUP + FM + CR + Grab\Setup1\Recipes\x5\DebugAFMapping\158717,  19209_focusCurve.txt",".txt","417","2025-03-18 09:51","2026-05-17 11:18","Position Focus Measure ======== ============= 77806.00  997.466614 77810.00  1212.071655 77813.90  1530.362671 77817.90 ","-612087"
"C:\job\VCAM WLUP + FM + CR + Grab\Setup1\Recipes\x5\DebugAFMapping\158717, 157809_focusCurve.txt",".txt","1356","2025-03-18 09:49","2026-05-17 11:18","Position Focus Measure ======== ============= 77744.90  160.410126 77748.90  165.167633 77752.80  165.754181 77756.80  1","-612088"
"C:\job\VCAM WLUP + FM + CR + Grab\Setup1\Recipes\x5\DebugAFMapping\165017,  44409_focusCurve.txt",".txt","413","2025-03-18 09:50","2026-05-17 11:18","Position Focus Measure ======== ============= 77816.50  653.249268 77820.60  793.198608 77824.50  1007.026672 77828.50  ","-612087"
"C:\job\VCAM WLUP + FM + CR + Grab\Setup1\Recipes\x5\DebugAFMapping\165017,  63309_focusCurve.txt",".txt","414","2025-03-18 09:50","2026-05-17 11:18","Position Focus Measure ======== ============= 77820.60  816.599854 77824.60  1012.880188 77828.50  1269.574341 77832.50 ","-612088"
"C:\job\VCAM WLUP + FM + CR + Grab\Setup1\Recipes\x5\DebugAFMapping\165017, 132609_focusCurve.txt",".txt","410","2025-03-18 09:49","2026-05-17 11:18","Position Focus Measure ======== ============= 77829.10  244.684708 77833.10  274.565857 77837.00  272.066101 77841.00  2","-612088"
"C:\job\VCAM WLUP + FM + CR + Grab\Setup1\Recipes\x5\DebugAFMapping\165017, 183009_focusCurve.txt",".txt","410","2025-03-18 09:49","2026-05-17 11:18","Position Focus Measure ======== ============= 77825.90  445.676361 77830.00  518.773804 77833.90  628.643738 77838.00  8","-612088"
"C:\job\VCAM WLUP + FM + CR + Grab\Setup1\Recipes\x5\DebugAFMapping\165017, 252309_focusCurve.txt",".txt","410","2025-03-18 09:50","2026-05-17 11:18","Position Focus Measure ======== ============= 77837.70  376.070526 77841.80  467.732513 77845.70  580.880005 77849.80  6","-612088"
"C:\job\VCAM WLUP + FM + CR + Grab\Setup1\Recipes\x5\DebugAFMapping\171317, 107409_focusCurve.txt",".txt","410","2025-03-18 09:49","2026-05-17 11:18","Position Focus Measure ======== ============= 77816.80  380.308624 77820.80  443.597046 77824.60  540.568054 77828.70  7","-612088"
"C:\job\VCAM WLUP + FM + CR + Grab\Setup1\Recipes\x5\DebugAFMapping\171317, 208209_focusCurve.txt",".txt","410","2025-03-18 09:49","2026-05-17 11:18","Position Focus Measure ======== ============= 77836.20  484.256989 77840.20  604.512817 77844.20  727.019165 77848.20  7","-612088"
"C:\job\VCAM WLUP + FM + CR + Grab\Setup1\Recipes\x5\DebugAFMapping\171317, 227109_focusCurve.txt",".txt","410","2025-03-18 09:49","2026-05-17 11:18","Position Focus Measure ======== ============= 77834.90  373.340790 77839.00  458.568970 77842.90  576.027893 77847.00  6","-612088"
"C:\job\VCAM WLUP + FM + CR + Grab\Setup1\Recipes\x5\DebugAFMapping\171317, 290109_focusCurve.txt",".txt","413","2025-03-18 09:50","2026-05-17 11:18","Position Focus Measure ======== ============= 77840.20  665.816772 77844.30  831.565247 77848.30  1054.200073 77852.30  ","-612087"
"C:\job\VCAM WLUP + FM + CR + Grab\Setup1\Recipes\x5\DebugAFMapping\177617,  88509_focusCurve.txt",".txt","412","2025-03-18 09:50","2026-05-17 11:18","Position Focus Measure ======== ============= 77820.30  516.734131 77824.40  631.234131 77828.30  806.745422 77832.20  1","-612088"
"C:\job\VCAM WLUP + FM + CR + Grab\Setup1\Recipes\x5\DebugAFMapping\183917, 271209_focusCurve.txt",".txt","410","2025-03-18 09:50","2026-05-17 11:18","Position Focus Measure ======== ============= 77840.60  455.496155 77844.70  558.546021 77848.70  692.089111 77852.70  7","-612087"
"C:\job\VCAM WLUP + FM + CR + Grab\Setup1\Recipes\x5\DebugAFMapping\190217,  25509_focusCurve.txt",".txt","414","2025-03-18 09:51","2026-05-17 11:18","Position Focus Measure ======== ============= 77814.70  839.649963 77818.80  1066.281860 77822.70  1339.048584 77826.70 ","-612087"
"C:\job\VCAM WLUP + FM + CR + Grab\Setup1\Recipes\x5\DebugAFMapping\190217, 157809_focusCurve.txt",".txt","410","2025-03-18 09:49","2026-05-17 11:18","Position Focus Measure ======== ============= 77828.60  366.120239 77832.60  430.708191 77836.50  523.856018 77840.60  6","-612088"
"C:\job\VCAM WLUP + FM + CR + Grab\Setup1\Recipes\x5\DebugAFMapping\196517,  50709_focusCurve.txt",".txt","413","2025-03-18 09:50","2026-05-17 11:18","Position Focus Measure ======== ============= 77814.70  631.273865 77818.70  768.612488 77822.70  957.456604 77826.80  1","-612087"
"C:\job\VCAM WLUP + FM + CR + Grab\Setup1\Recipes\x5\DebugAFMapping\196517,  75909_focusCurve.txt",".txt","414","2025-03-18 09:50","2026-05-17 11:18","Position Focus Measure ======== ============= 77816.10  577.516968 77820.10  686.439453 77824.10  837.853394 77828.20  1","-612088"
"C:\job\VCAM WLUP + FM + CR + Grab\Setup1\Recipes\x5\DebugAFMapping\196517, 126309_focusCurve.txt",".txt","414","2025-03-18 09:49","2026-05-17 11:18","Position Focus Measure ======== ============= 77823.20  574.156860 77827.30  697.940552 77831.30  880.194946 77835.30  1","-612088"
"C:\job\VCAM WLUP + FM + CR + Grab\Setup1\Recipes\x5\DebugAFMapping\196517, 189309_focusCurve.txt",".txt","410","2025-03-18 09:49","2026-05-17 11:18","Position Focus Measure ======== ============= 77825.80  425.369202 77829.90  505.816315 77833.90  621.792969 77837.90  7","-612088"
"C:\job\VCAM WLUP + FM + CR + Grab\Setup1\Recipes\x5\DebugAFMapping\196517, 246009_focusCurve.txt",".txt","410","2025-03-18 09:50","2026-05-17 11:18","Position Focus Measure ======== ============= 77829.90  322.890961 77833.90  377.574707 77837.80  459.393494 77841.90  5","-612088"
"C:\job\VCAM WLUP + FM + CR + Grab\Setup1\Recipes\x5\DebugAFMapping\20117, 151509_focusCurve.txt",".txt","410","2025-03-18 09:51","2026-05-17 11:18","Position Focus Measure ======== ============= 77828.30  384.360565 77832.30  479.018829 77836.10  609.202454 77840.20  6","-612087"
"C:\job\VCAM WLUP + FM + CR + Grab\Setup1\Recipes\x5\DebugAFMapping\202817, 101109_focusCurve.txt",".txt","414","2025-03-18 09:50","2026-05-17 11:18","Position Focus Measure ======== ============= 77814.20  473.735992 77818.10  561.090942 77822.10  684.934753 77826.20  8","-612088"
"C:\job\VCAM WLUP + FM + CR + Grab\Setup1\Recipes\x5\DebugAFMapping\202817, 214509_focusCurve.txt",".txt","410","2025-03-18 09:49","2026-05-17 11:18","Position Focus Measure ======== ============= 77828.60  420.661835 77832.60  495.707794 77836.60  595.430664 77840.60  7","-612088"
"C:\job\VCAM WLUP + FM + CR + Grab\Setup1\Recipes\x5\DebugAFMapping\202817, 283809_focusCurve.txt",".txt","410","2025-03-18 09:51","2026-05-17 11:18","Position Focus Measure ======== ============= 77839.40  513.624878 77843.50  607.881409 77847.50  730.028992 77851.50  7","-612087"
"C:\job\VCAM WLUP + FM + CR + Grab\Setup1\Recipes\x5\DebugAFMapping\209117, 157809_focusCurve.txt",".txt","410","2025-03-18 09:49","2026-05-17 11:18","Position Focus Measure ======== ============= 77828.30  415.156067 77832.30  486.437256 77836.10  594.404297 77840.20  7","-612088"
"C:\job\VCAM WLUP + FM + CR + Grab\Setup1\Recipes\x5\DebugAFMapping\215417,  38109_focusCurve.txt",".txt","412","2025-03-18 09:51","2026-05-17 11:18","Position Focus Measure ======== ============= 77806.30  499.284637 77810.20  593.281128 77814.20  717.850525 77818.20  9","-612087"
"C:\job\VCAM WLUP + FM + CR + Grab\Setup1\Recipes\x5\DebugAFMapping\215417, 258609_focusCurve.txt",".txt","410","2025-03-18 09:50","2026-05-17 11:18","Position Focus Measure ======== ============= 77831.50  340.359375 77835.50  385.844238 77839.50  456.724609 77843.50  5","-612087"
"C:\job\VCAM WLUP + FM + CR + Grab\Setup1\Recipes\x5\DebugAFMapping\221717,  88509_focusCurve.txt",".txt","415","2025-03-18 09:50","2026-05-17 11:18","Position Focus Measure ======== ============= 77823.60  909.577942 77827.60  1147.605957 77831.50  1460.037598 77835.40 ","-612088"
"C:\job\VCAM WLUP + FM + CR + Grab\Setup1\Recipes\x5\DebugAFMapping\221717, 132609_focusCurve.txt",".txt","412","2025-03-18 09:50","2026-05-17 11:18","Position Focus Measure ======== ============= 77830.70  740.881104 77834.60  916.142822 77838.60  1113.357666 77842.70  ","-612088"
"C:\job\VCAM WLUP + FM + CR + Grab\Setup1\Recipes\x5\DebugAFMapping\221717, 189309_focusCurve.txt",".txt","410","2025-03-18 09:50","2026-05-17 11:18","Position Focus Measure ======== ============= 77829.20  315.968353 77833.10  358.386566 77837.00  418.423248 77841.10  4","-612088"
"C:\job\VCAM WLUP + FM + CR + Grab\Setup1\Recipes\x5\DebugAFMapping\221717, 227109_focusCurve.txt",".txt","410","2025-03-18 09:50","2026-05-17 11:18","Position Focus Measure ======== ============= 77826.90  343.912231 77830.90  398.053162 77834.90  477.850891 77838.90  6","-612088"
"C:\job\VCAM WLUP + FM + CR + Grab\Setup1\Recipes\x5\DebugAFMapping\228017,  63309_focusCurve.txt",".txt","415","2025-03-18 09:50","2026-05-17 11:18","Position Focus Measure ======== ============= 77821.30  879.859436 77825.30  1103.396729 77829.20  1405.215942 77833.20 ","-612087"
"C:\job\VCAM WLUP + FM + CR + Grab\Setup1\Recipes\x5\DebugAFMapping\228017, 164109_focusCurve.txt",".txt","410","2025-03-18 09:50","2026-05-17 11:18","Position Focus Measure ======== ============= 77820.70  255.787582 77824.70  279.581696 77828.70  308.238342 77832.80  3","-612088"
"C:\job\VCAM WLUP + FM + CR + Grab\Setup1\Recipes\x5\DebugAFMapping\228017, 277509_focusCurve.txt",".txt","410","2025-03-18 09:51","2026-05-17 11:18","Position Focus Measure ======== ============= 77833.10  379.934052 77837.10  448.261536 77841.00  546.274048 77845.00  7","-612087"
"C:\job\VCAM WLUP + FM + CR + Grab\Setup1\Recipes\x5\DebugAFMapping\240617,  50709_focusCurve.txt",".txt","413","2025-03-18 09:51","2026-05-17 11:18","Position Focus Measure ======== ============= 77819.60  856.986694 77823.70  1077.742310 77827.50  1237.013916 77831.60 ","-612087"
"C:\job\VCAM WLUP + FM + CR + Grab\Setup1\Recipes\x5\DebugAFMapping\240617, 113709_focusCurve.txt",".txt","413","2025-03-18 09:50","2026-05-17 11:18","Position Focus Measure ======== ============= 77819.70  538.905151 77823.70  626.836670 77827.70  759.172791 77831.80  9","-612088"
"C:\job\VCAM WLUP + FM + CR + Grab\Setup1\Recipes\x5\DebugAFMapping\240617, 201909_focusCurve.txt",".txt","413","2025-03-18 09:50","2026-05-17 11:18","Position Focus Measure ======== ============= 77831.30  562.813110 77835.30  683.595398 77839.20  886.657898 77843.30  1","-612088"
"C:\job\VCAM WLUP + FM + CR + Grab\Setup1\Recipes\x5\DebugAFMapping\240617, 239709_focusCurve.txt",".txt","412","2025-03-18 09:50","2026-05-17 11:18","Position Focus Measure ======== ============= 77835.20  510.503601 77839.40  661.821045 77843.30  900.510193 77847.40  1","-612087"
"C:\job\VCAM WLUP + FM + CR + Grab\Setup1\Recipes\x5\DebugAFMapping\246917,  88509_focusCurve.txt",".txt","416","2025-03-18 09:50","2026-05-17 11:18","Position Focus Measure ======== ============= 77818.30  832.850525 77822.20  1010.789673 77826.30  1308.254883 77830.30 ","-612087"
"C:\job\VCAM WLUP + FM + CR + Grab\Setup1\Recipes\x5\DebugAFMapping\253217, 145209_focusCurve.txt",".txt","412","2025-03-18 09:50","2026-05-17 11:18","Position Focus Measure ======== ============= 77830.30  663.396912 77834.20  854.692200 77838.20  1086.207275 77842.20  ","-612088"
"C:\job\VCAM WLUP + FM + CR + Grab\Setup1\Recipes\x5\DebugAFMapping\253217, 176709_focusCurve.txt",".txt","412","2025-03-18 09:50","2026-05-17 11:18","Position Focus Measure ======== ============= 77821.30  412.993896 77825.30  482.475250 77829.40  579.208069 77833.40  7","-612088"
"C:\job\VCAM WLUP + FM + CR + Grab\Setup1\Recipes\x5\DebugAFMapping\253217, 258609_focusCurve.txt",".txt","410","2025-03-18 09:51","2026-05-17 11:18","Position Focus Measure ======== ============= 77837.30  376.272034 77841.30  452.191803 77845.30  589.894470 77849.40  7","-612087"
"C:\job\VCAM WLUP + FM + CR + Grab\Setup1\Recipes\x5\DebugAFMapping\259517, 208209_focusCurve.txt",".txt","410","2025-03-18 09:50","2026-05-17 11:18","Position Focus Measure ======== ============= 77830.20  269.712189 77834.20  303.981903 77838.20  353.116425 77842.20  4","-612087"
"C:\job\VCAM WLUP + FM + CR + Grab\Setup1\Recipes\x5\DebugAFMapping\26417, 120009_focusCurve.txt",".txt","410","2025-03-18 09:51","2026-05-17 11:18","Position Focus Measure ======== ============= 77822.10  315.933380 77826.10  358.402802 77830.20  420.752380 77834.20  5","-612087"
"C:\job\VCAM WLUP + FM + CR + Grab\Setup1\Recipes\x5\DebugAFMapping\26417, 176709_focusCurve.txt",".txt","410","2025-03-18 09:51","2026-05-17 11:18","Position Focus Measure ======== ============= 77825.40  357.625671 77829.40  408.075653 77833.40  487.268616 77837.40  6","-612087"
"C:\job\VCAM WLUP + FM + CR + Grab\Setup1\Recipes\x5\DebugAFMapping\265817,  69609_focusCurve.txt",".txt","415","2025-03-18 09:51","2026-05-17 11:18","Position Focus Measure ======== ============= 77822.70  838.055176 77826.70  1146.527466 77830.80  1623.514771 77834.80 ","-612087"
"C:\job\VCAM WLUP + FM + CR + Grab\Setup1\Recipes\x5\DebugAFMapping\265817, 113709_focusCurve.txt",".txt","414","2025-03-18 09:50","2026-05-17 11:18","Position Focus Measure ======== ============= 77828.60  946.635620 77832.60  1228.443604 77836.50  1455.707642 77840.50 ","-612087"
"C:\job\VCAM WLUP + FM + CR + Grab\Setup1\Recipes\x5\DebugAFMapping\272117, 145209_focusCurve.txt",".txt","413","2025-03-18 09:50","2026-05-17 11:18","Position Focus Measure ======== ============= 77825.40  503.165222 77829.40  617.763977 77833.40  788.849426 77837.40  1","-612087"
"C:\job\VCAM WLUP + FM + CR + Grab\Setup1\Recipes\x5\DebugAFMapping\272117, 176709_focusCurve.txt",".txt","410","2025-03-18 09:50","2026-05-17 11:18","Position Focus Measure ======== ============= 77833.90  483.257874 77838.00  582.058777 77841.90  708.758484 77846.00  7","-612087"
"C:\job\VCAM WLUP + FM + CR + Grab\Setup1\Recipes\x5\DebugAFMapping\272117, 233409_focusCurve.txt",".txt","410","2025-03-18 09:51","2026-05-17 11:18","Position Focus Measure ======== ============= 77830.00  464.011841 77834.00  573.848450 77838.00  751.287720 77842.00  9","-612087"
"C:\job\VCAM WLUP + FM + CR + Grab\Setup1\Recipes\x5\DebugAFMapping\278417,  94809_focusCurve.txt",".txt","416","2025-03-18 09:51","2026-05-17 11:18","Position Focus Measure ======== ============= 77822.30  882.195618 77826.40  1152.723022 77830.20  1560.936035 77834.20 ","-612087"
"C:\job\VCAM WLUP + FM + CR + Grab\Setup1\Recipes\x5\DebugAFMapping\284717, 208209_focusCurve.txt",".txt","412","2025-03-18 09:51","2026-05-17 11:18","Position Focus Measure ======== ============= 77834.50  635.283020 77838.60  814.713501 77842.60  1041.093872 77846.70  ","-612087"
"C:\job\VCAM WLUP + FM + CR + Grab\Setup1\Recipes\x5\DebugAFMapping\291017, 120009_focusCurve.txt",".txt","412","2025-03-18 09:51","2026-05-17 11:18","Position Focus Measure ======== ============= 77820.30  347.475983 77824.40  405.740692 77828.40  505.527710 77832.40  7","-612087"
"C:\job\VCAM WLUP + FM + CR + Grab\Setup1\Recipes\x5\DebugAFMapping\291017, 183009_focusCurve.txt",".txt","414","2025-03-18 09:51","2026-05-17 11:18","Position Focus Measure ======== ============= 77828.60  541.175110 77832.70  661.622986 77836.60  896.770386 77840.60  1","-612087"
"C:\job\VCAM WLUP + FM + CR + Grab\Setup1\Recipes\x5\DebugAFMapping\297317, 151509_focusCurve.txt",".txt","415","2025-03-18 09:51","2026-05-17 11:18","Position Focus Measure ======== ============= 77831.10  779.348999 77835.00  1045.464844 77839.00  1417.721680 77843.00 ","-612087"
"C:\job\VCAM WLUP + FM + CR + Grab\Setup1\Recipes\x5\DebugAFMapping\32717, 208209_focusCurve.txt",".txt","410","2025-03-18 09:51","2026-05-17 11:18","Position Focus Measure ======== ============= 77834.30  391.062317 77838.40  482.737396 77842.40  602.430054 77846.40  6","-612087"
"C:\job\VCAM WLUP + FM + CR + Grab\Setup1\Recipes\x5\DebugAFMapping\39017,  94809_focusCurve.txt",".txt","410","2025-03-18 09:51","2026-05-17 11:18","Position Focus Measure ======== ============= 77825.90  358.285339 77830.00  441.505341 77833.70  526.109436 77837.80  5","-612087"
"C:\job\VCAM WLUP + FM + CR + Grab\Setup1\Recipes\x5\DebugAFMapping\45317, 138909_focusCurve.txt",".txt","410","2025-03-18 09:50","2026-05-17 11:18","Position Focus Measure ======== ============= 77825.50  434.392609 77829.50  519.969604 77833.50  650.053955 77837.50  7","-612087"
"C:\job\VCAM WLUP + FM + CR + Grab\Setup1\Recipes\x5\DebugAFMapping\45317, 170409_focusCurve.txt",".txt","411","2025-03-18 09:50","2026-05-17 11:18","Position Focus Measure ======== ============= 77831.20  970.804810 77835.10  1082.369507 77839.10  940.993896 77843.20  ","-612087"
"C:\job\VCAM WLUP + FM + CR + Grab\Setup1\Recipes\x5\DebugAFMapping\45317, 233409_focusCurve.txt",".txt","410","2025-03-18 09:51","2026-05-17 11:18","Position Focus Measure ======== ============= 77829.30  335.377136 77833.30  378.754395 77837.30  446.066895 77841.30  5","-612087"
"C:\job\VCAM WLUP + FM + CR + Grab\Setup1\Recipes\x5\DebugAFMapping\51617, 201909_focusCurve.txt",".txt","410","2025-03-18 09:50","2026-05-17 11:18","Position Focus Measure ======== ============= 77828.50  291.824158 77832.50  336.978577 77836.40  406.903656 77840.40  5","-612087"
"C:\job\VCAM WLUP + FM + CR + Grab\Setup1\Recipes\x5\DebugAFMapping\57917,  69609_focusCurve.txt",".txt","411","2025-03-18 09:51","2026-05-17 11:18","Position Focus Measure ======== ============= 77815.80  444.470123 77819.80  513.081421 77823.80  616.276123 77827.90  7","-612087"
"C:\job\VCAM WLUP + FM + CR + Grab\Setup1\Recipes\x5\DebugAFMapping\57917, 107409_focusCurve.txt",".txt","410","2025-03-18 09:50","2026-05-17 11:18","Position Focus Measure ======== ============= 77825.80  358.335358 77829.90  433.016663 77833.70  525.820618 77837.70  6","-612087"
"C:\job\VCAM WLUP + FM + CR + Grab\Setup1\Recipes\x5\DebugAFMapping\64217, 157809_focusCurve.txt",".txt","414","2025-03-18 09:50","2026-05-17 11:18","Position Focus Measure ======== ============= 77823.70  521.302856 77827.70  626.036255 77831.70  782.062683 77835.70  1","-612088"
"C:\job\VCAM WLUP + FM + CR + Grab\Setup1\Recipes\x5\DebugAFMapping\64217, 252309_focusCurve.txt",".txt","416","2025-03-18 09:50","2026-05-17 11:18","Position Focus Measure ======== ============= 77836.90  975.310242 77841.00  1267.126099 77845.00  1652.354858 77849.10 ","-612087"
"C:\job\VCAM WLUP + FM + CR + Grab\Setup1\Recipes\x5\DebugAFMapping\70517, 126309_focusCurve.txt",".txt","413","2025-03-18 09:50","2026-05-17 11:18","Position Focus Measure ======== ============= 77828.30  709.867676 77832.30  900.208618 77836.10  1165.782593 77840.20  ","-612088"
"C:\job\VCAM WLUP + FM + CR + Grab\Setup1\Recipes\x5\DebugAFMapping\70517, 189309_focusCurve.txt",".txt","410","2025-03-18 09:50","2026-05-17 11:18","Position Focus Measure ======== ============= 77833.10  344.729279 77837.20  400.932922 77841.10  483.556885 77845.20  5","-612088"
"C:\job\VCAM WLUP + FM + CR + Grab\Setup1\Recipes\x5\DebugAFMapping\70517, 227109_focusCurve.txt",".txt","413","2025-03-18 09:50","2026-05-17 11:18","Position Focus Measure ======== ============= 77834.10  809.771179 77838.20  1046.445312 77842.10  1154.675659 77846.20 ","-612087"
"C:\job\VCAM WLUP + FM + CR + Grab\Setup1\Recipes\x5\DebugAFMapping\76817,  50709_focusCurve.txt",".txt","410","2025-03-18 09:51","2026-05-17 11:18","Position Focus Measure ======== ============= 77817.80  496.148315 77821.90  594.074402 77825.70  747.995544 77829.80  9","-612087"
"C:\job\VCAM WLUP + FM + CR + Grab\Setup1\Recipes\x5\DebugAFMapping\76817,  75909_focusCurve.txt",".txt","410","2025-03-18 09:50","2026-05-17 11:18","Position Focus Measure ======== ============= 77817.90  451.312134 77821.90  522.374634 77825.90  632.870789 77830.00  8","-612087"
"C:\job\VCAM WLUP + FM + CR + Grab\Setup1\Recipes\x5\DebugAFMapping\83117, 101109_focusCurve.txt",".txt","414","2025-03-18 09:50","2026-05-17 11:18","Position Focus Measure ======== ============= 77819.70  528.546387 77823.70  620.934021 77827.70  762.689148 77831.80  1","-612088"
"C:\job\VCAM WLUP + FM + CR + Grab\Setup1\Recipes\x5\DebugAFMapping\83117, 214509_focusCurve.txt",".txt","414","2025-03-18 09:50","2026-05-17 11:18","Position Focus Measure ======== ============= 77828.80  603.856079 77832.80  734.031067 77836.80  926.859924 77840.80  1","-612088"
"C:\job\VCAM WLUP + FM + CR + Grab\Setup1\Recipes\x5\DebugAFMapping\89417, 151509_focusCurve.txt",".txt","410","2025-03-18 09:50","2026-05-17 11:18","Position Focus Measure ======== ============= 77830.10  557.673401 77834.00  672.963562 77837.90  847.282837 77842.00  9","-612088"
"C:\job\VCAM WLUP + FM + CR + Grab\Setup1\Recipes\x5\DebugAFMapping\89417, 252309_focusCurve.txt",".txt","413","2025-03-18 09:50","2026-05-17 11:18","Position Focus Measure ======== ============= 77827.80  509.011810 77831.90  590.882019 77835.90  705.754639 77839.90  9","-612087"
"C:\job\VCAM WLUP + FM + CR + Grab\Setup1\Recipes\x5\DebugAFMapping\89417, 271209_focusCurve.txt",".txt","412","2025-03-18 09:50","2026-05-17 11:18","Position Focus Measure ======== ============= 77831.70  548.592346 77835.70  619.313538 77839.60  704.162415 77843.60  8","-612087"
"C:\job\VCAM WLUP + FM + CR + Grab\Setup1\Recipes\x5\DebugAFMapping\95717, 126309_focusCurve.txt",".txt","410","2025-03-18 09:50","2026-05-17 11:18","Position Focus Measure ======== ============= 77822.50  351.646942 77826.50  382.646393 77830.60  430.415680 77834.60  5","-612088"
"C:\job\VCAM WLUP + FM + CR + Grab\Setup1\Recipes\x5\DebugAFMapping\95717, 183009_focusCurve.txt",".txt","410","2025-03-18 09:50","2026-05-17 11:18","Position Focus Measure ======== ============= 77821.20  156.932953 77825.20  189.291122 77829.20  257.001923 77833.20  4","-612088"
"C:\job\VCAM WLUP + FM + CR + Grab\Setup1\Recipes\x5\DebugAFMapping\FocusMappingDebug_x5.txt",".txt","13854","2025-03-18 09:51","2026-05-17 11:18","Id  ,   ,Match Score,AF Score,Final Score,     dZ, Range,Zchuck0, Zchuck, Zstage0,  Zstage, Wafer X, Wafer Y, Chuck X, C","-612087"
"C:\job\VCAM WLUP + FM + CR + Grab\Setup1\Recipes\x5\DebugAFMapping_10 Apr 3606\102017,  31809_focusCurve.txt",".txt","417","2025-02-16 10:40","2026-05-17 11:18","Position Focus Measure ======== ============= 77808.00  879.368958 77812.00  1057.375000 77815.90  1283.361450 77820.00 ","-655237"
"C:\job\VCAM WLUP + FM + CR + Grab\Setup1\Recipes\x5\DebugAFMapping_10 Apr 3606\102017,  57009_focusCurve.txt",".txt","418","2025-02-16 10:40","2026-05-17 11:18","Position Focus Measure ======== ============= 77818.90  1528.210693 77823.10  2064.692139 77826.90  2596.022461 77831.00","-655238"
"C:\job\VCAM WLUP + FM + CR + Grab\Setup1\Recipes\x5\DebugAFMapping_10 Apr 3606\108317,  82209_focusCurve.txt",".txt","418","2025-02-16 10:39","2026-05-17 11:18","Position Focus Measure ======== ============= 77822.50  1345.283813 77826.60  1753.201782 77830.50  2321.181396 77834.50","-655238"
"C:\job\VCAM WLUP + FM + CR + Grab\Setup1\Recipes\x5\DebugAFMapping_10 Apr 3606\108317, 157809_focusCurve.txt",".txt","418","2025-02-16 10:39","2026-05-17 11:18","Position Focus Measure ======== ============= 77824.20  1013.977905 77828.20  1233.498291 77832.20  1547.708374 77836.20","-655239"
"C:\job\VCAM WLUP + FM + CR + Grab\Setup1\Recipes\x5\DebugAFMapping_10 Apr 3606\108317, 233409_focusCurve.txt",".txt","418","2025-02-16 10:39","2026-05-17 11:18","Position Focus Measure ======== ============= 77834.40  1352.290771 77838.40  1751.084595 77842.40  2336.849609 77846.40","-655238"
"C:\job\VCAM WLUP + FM + CR + Grab\Setup1\Recipes\x5\DebugAFMapping_10 Apr 3606\114617, 101109_focusCurve.txt",".txt","418","2025-02-16 10:39","2026-05-17 11:18","Position Focus Measure ======== ============= 77827.70  1453.052734 77831.70  1922.942139 77835.70  2493.272705 77839.70","-655239"
"C:\job\VCAM WLUP + FM + CR + Grab\Setup1\Recipes\x5\DebugAFMapping_10 Apr 3606\114617, 214509_focusCurve.txt",".txt","418","2025-02-16 10:39","2026-05-17 11:18","Position Focus Measure ======== ============= 77835.20  1283.010864 77839.30  1642.499146 77843.20  2160.743896 77847.20","-655239"
"C:\job\VCAM WLUP + FM + CR + Grab\Setup1\Recipes\x5\DebugAFMapping_10 Apr 3606\114617, 283809_focusCurve.txt",".txt","418","2025-02-16 10:40","2026-05-17 11:18","Position Focus Measure ======== ============= 77841.10  1235.593994 77845.20  1594.448608 77849.10  2094.440674 77853.10","-655238"
"C:\job\VCAM WLUP + FM + CR + Grab\Setup1\Recipes\x5\DebugAFMapping_10 Apr 3606\120917, 126309_focusCurve.txt",".txt","418","2025-02-16 10:39","2026-05-17 11:18","Position Focus Measure ======== ============= 77830.70  1399.790039 77834.70  1833.511841 77838.70  2400.852295 77842.70","-655239"
"C:\job\VCAM WLUP + FM + CR + Grab\Setup1\Recipes\x5\DebugAFMapping_10 Apr 3606\120917, 189309_focusCurve.txt",".txt","424","2025-02-16 10:39","2026-05-17 11:18","Position Focus Measure ======== ============= 77831.10  1868.767700 77835.10  1408.430664 77839.10  1127.511719 77843.10","-655239"
"C:\job\VCAM WLUP + FM + CR + Grab\Setup1\Recipes\x5\DebugAFMapping_10 Apr 3606\120917, 264909_focusCurve.txt",".txt","418","2025-02-16 10:40","2026-05-17 11:18","Position Focus Measure ======== ============= 77840.20  1480.157715 77844.30  1990.639893 77848.20  2524.701904 77852.20","-655238"
"C:\job\VCAM WLUP + FM + CR + Grab\Setup1\Recipes\x5\DebugAFMapping_10 Apr 3606\133517,  25509_focusCurve.txt",".txt","418","2025-02-16 10:40","2026-05-17 11:18","Position Focus Measure ======== ============= 77815.90  1279.527710 77820.00  1647.349121 77823.90  2169.899902 77827.90","-655237"
"C:\job\VCAM WLUP + FM + CR + Grab\Setup1\Recipes\x5\DebugAFMapping_10 Apr 3606\133517,  44409_focusCurve.txt",".txt","417","2025-02-16 10:40","2026-05-17 11:18","Position Focus Measure ======== ============= 77812.20  969.782654 77816.20  1178.972534 77820.20  1480.035156 77824.20 ","-655238"
"C:\job\VCAM WLUP + FM + CR + Grab\Setup1\Recipes\x5\DebugAFMapping_10 Apr 3606\133517, 138909_focusCurve.txt",".txt","418","2025-02-16 10:39","2026-05-17 11:18","Position Focus Measure ======== ============= 77825.80  1058.606323 77829.80  1286.994507 77833.80  1644.332886 77837.80","-655239"
"C:\job\VCAM WLUP + FM + CR + Grab\Setup1\Recipes\x5\DebugAFMapping_10 Apr 3606\133517, 176709_focusCurve.txt",".txt","418","2025-02-16 10:39","2026-05-17 11:18","Position Focus Measure ======== ============= 77831.90  1294.899780 77835.90  1639.123169 77839.90  2171.170166 77843.90","-655239"
"C:\job\VCAM WLUP + FM + CR + Grab\Setup1\Recipes\x5\DebugAFMapping_10 Apr 3606\133517, 246009_focusCurve.txt",".txt","416","2025-02-16 10:39","2026-05-17 11:18","Position Focus Measure ======== ============= 77827.50  815.612305 77831.60  969.618835 77835.50  1167.628540 77839.50  ","-655238"
"C:\job\VCAM WLUP + FM + CR + Grab\Setup1\Recipes\x5\DebugAFMapping_10 Apr 3606\139817,  69609_focusCurve.txt",".txt","417","2025-02-16 10:39","2026-05-17 11:18","Position Focus Measure ======== ============= 77817.30  982.280518 77821.40  1197.009277 77825.30  1507.082031 77829.30 ","-655238"
"C:\job\VCAM WLUP + FM + CR + Grab\Setup1\Recipes\x5\DebugAFMapping_10 Apr 3606\139817, 227109_focusCurve.txt",".txt","418","2025-02-16 10:39","2026-05-17 11:18","Position Focus Measure ======== ============= 77831.00  1009.819763 77835.00  1237.990601 77838.90  1540.480103 77842.90","-655239"
"C:\job\VCAM WLUP + FM + CR + Grab\Setup1\Recipes\x5\DebugAFMapping_10 Apr 3606\139817, 290109_focusCurve.txt",".txt","417","2025-02-16 10:40","2026-05-17 11:18","Position Focus Measure ======== ============= 77836.10  977.364624 77840.10  1189.529541 77844.00  1477.486694 77848.10 ","-655238"
"C:\job\VCAM WLUP + FM + CR + Grab\Setup1\Recipes\x5\DebugAFMapping_10 Apr 3606\146117,  88509_focusCurve.txt",".txt","418","2025-02-16 10:39","2026-05-17 11:18","Position Focus Measure ======== ============= 77822.30  1151.389526 77826.30  1428.819214 77830.30  1858.213989 77834.30","-655239"
"C:\job\VCAM WLUP + FM + CR + Grab\Setup1\Recipes\x5\DebugAFMapping_10 Apr 3606\146117, 107409_focusCurve.txt",".txt","418","2025-02-16 10:39","2026-05-17 11:18","Position Focus Measure ======== ============= 77824.00  1135.149536 77828.00  1407.264771 77832.00  1828.651001 77835.90","-655239"
"C:\job\VCAM WLUP + FM + CR + Grab\Setup1\Recipes\x5\DebugAFMapping_10 Apr 3606\146117, 208209_focusCurve.txt",".txt","418","2025-02-16 10:39","2026-05-17 11:18","Position Focus Measure ======== ============= 77830.00  1003.939758 77833.90  1215.343018 77837.80  1515.145874 77841.90","-655239"
"C:\job\VCAM WLUP + FM + CR + Grab\Setup1\Recipes\x5\DebugAFMapping_10 Apr 3606\152417, 271209_focusCurve.txt",".txt","417","2025-02-16 10:40","2026-05-17 11:18","Position Focus Measure ======== ============= 77835.90  978.182434 77839.90  1186.353882 77843.90  1501.342163 77847.90 ","-655238"
"C:\job\VCAM WLUP + FM + CR + Grab\Setup1\Recipes\x5\DebugAFMapping_10 Apr 3606\158717,  19209_focusCurve.txt",".txt","417","2025-02-16 10:40","2026-05-17 11:18","Position Focus Measure ======== ============= 77807.40  984.340271 77811.40  1193.430176 77815.40  1485.884155 77819.40 ","-655237"
"C:\job\VCAM WLUP + FM + CR + Grab\Setup1\Recipes\x5\DebugAFMapping_10 Apr 3606\158717, 157809_focusCurve.txt",".txt","1353","2025-02-16 10:39","2026-05-17 11:18","Position Focus Measure ======== ============= 77744.70  63.514519 77748.70  69.232346 77752.80  75.548828 77756.90  84.2","-655239"
"C:\job\VCAM WLUP + FM + CR + Grab\Setup1\Recipes\x5\DebugAFMapping_10 Apr 3606\165017,  44409_focusCurve.txt",".txt","418","2025-02-16 10:40","2026-05-17 11:18","Position Focus Measure ======== ============= 77818.00  1347.259521 77822.10  1778.418945 77826.00  2339.515381 77830.00","-655238"
"C:\job\VCAM WLUP + FM + CR + Grab\Setup1\Recipes\x5\DebugAFMapping_10 Apr 3606\165017,  63309_focusCurve.txt",".txt","418","2025-02-16 10:39","2026-05-17 11:18","Position Focus Measure ======== ============= 77821.40  1505.749878 77825.50  2003.866089 77829.40  2559.053223 77833.40","-655238"
"C:\job\VCAM WLUP + FM + CR + Grab\Setup1\Recipes\x5\DebugAFMapping_10 Apr 3606\165017, 132609_focusCurve.txt",".txt","417","2025-02-16 10:39","2026-05-17 11:18","Position Focus Measure ======== ============= 77830.80  1786.248047 77834.80  2377.089355 77838.70  2798.311035 77842.90","-655239"
"C:\job\VCAM WLUP + FM + CR + Grab\Setup1\Recipes\x5\DebugAFMapping_10 Apr 3606\165017, 183009_focusCurve.txt",".txt","417","2025-02-16 10:39","2026-05-17 11:18","Position Focus Measure ======== ============= 77827.20  976.950073 77831.20  1172.813965 77835.20  1463.075195 77839.10 ","-655239"
"C:\job\VCAM WLUP + FM + CR + Grab\Setup1\Recipes\x5\DebugAFMapping_10 Apr 3606\165017, 252309_focusCurve.txt",".txt","418","2025-02-16 10:39","2026-05-17 11:18","Position Focus Measure ======== ============= 77839.50  1335.592896 77843.60  1773.915894 77847.50  2306.632568 77851.50","-655238"
"C:\job\VCAM WLUP + FM + CR + Grab\Setup1\Recipes\x5\DebugAFMapping_10 Apr 3606\171317, 107409_focusCurve.txt",".txt","417","2025-02-16 10:39","2026-05-17 11:18","Position Focus Measure ======== ============= 77810.60  962.472229 77814.60  1161.374390 77818.50  1425.859985 77822.40 ","-655239"
"C:\job\VCAM WLUP + FM + CR + Grab\Setup1\Recipes\x5\DebugAFMapping_10 Apr 3606\171317, 208209_focusCurve.txt",".txt","418","2025-02-16 10:39","2026-05-17 11:18","Position Focus Measure ======== ============= 77838.00  1546.371460 77842.00  2060.186768 77845.90  2630.367432 77849.90","-655239"
"C:\job\VCAM WLUP + FM + CR + Grab\Setup1\Recipes\x5\DebugAFMapping_10 Apr 3606\171317, 227109_focusCurve.txt",".txt","418","2025-02-16 10:39","2026-05-17 11:18","Position Focus Measure ======== ============= 77836.70  1320.427979 77840.80  1701.258789 77844.70  2259.839844 77848.70","-655239"
"C:\job\VCAM WLUP + FM + CR + Grab\Setup1\Recipes\x5\DebugAFMapping_10 Apr 3606\171317, 290109_focusCurve.txt",".txt","418","2025-02-16 10:40","2026-05-17 11:18","Position Focus Measure ======== ============= 77841.70  1286.952026 77845.90  1681.212402 77849.70  2207.468018 77853.70","-655238"
"C:\job\VCAM WLUP + FM + CR + Grab\Setup1\Recipes\x5\DebugAFMapping_10 Apr 3606\177617,  88509_focusCurve.txt",".txt","418","2025-02-16 10:39","2026-05-17 11:18","Position Focus Measure ======== ============= 77819.50  1154.484131 77823.60  1447.427734 77827.40  1883.235718 77831.50","-655239"
"C:\job\VCAM WLUP + FM + CR + Grab\Setup1\Recipes\x5\DebugAFMapping_10 Apr 3606\183917, 271209_focusCurve.txt",".txt","418","2025-02-16 10:40","2026-05-17 11:18","Position Focus Measure ======== ============= 77842.40  1342.322632 77846.50  1777.059692 77850.30  2315.396240 77854.40","-655238"
"C:\job\VCAM WLUP + FM + CR + Grab\Setup1\Recipes\x5\DebugAFMapping_10 Apr 3606\190217,  25509_focusCurve.txt",".txt","418","2025-02-16 10:40","2026-05-17 11:18","Position Focus Measure ======== ============= 77816.40  1371.518066 77820.50  1815.892212 77824.40  2380.334473 77828.40","-655237"
"C:\job\VCAM WLUP + FM + CR + Grab\Setup1\Recipes\x5\DebugAFMapping_10 Apr 3606\190217, 157809_focusCurve.txt",".txt","418","2025-02-16 10:39","2026-05-17 11:18","Position Focus Measure ======== ============= 77830.40  1231.359131 77834.40  1553.221191 77838.40  2036.362549 77842.40","-655239"
"C:\job\VCAM WLUP + FM + CR + Grab\Setup1\Recipes\x5\DebugAFMapping_10 Apr 3606\196517,  50709_focusCurve.txt",".txt","418","2025-02-16 10:40","2026-05-17 11:18","Position Focus Measure ======== ============= 77814.80  1015.326904 77818.90  1245.555420 77822.80  1574.936401 77826.90","-655238"
"C:\job\VCAM WLUP + FM + CR + Grab\Setup1\Recipes\x5\DebugAFMapping_10 Apr 3606\196517,  75909_focusCurve.txt",".txt","418","2025-02-16 10:39","2026-05-17 11:18","Position Focus Measure ======== ============= 77817.00  1020.320312 77821.00  1247.644653 77825.00  1582.928955 77829.00","-655238"
"C:\job\VCAM WLUP + FM + CR + Grab\Setup1\Recipes\x5\DebugAFMapping_10 Apr 3606\196517, 126309_focusCurve.txt",".txt","418","2025-02-16 10:39","2026-05-17 11:18","Position Focus Measure ======== ============= 77824.90  1061.616943 77828.90  1298.830566 77832.80  1656.110596 77836.90","-655239"
"C:\job\VCAM WLUP + FM + CR + Grab\Setup1\Recipes\x5\DebugAFMapping_10 Apr 3606\196517, 189309_focusCurve.txt",".txt","418","2025-02-16 10:39","2026-05-17 11:18","Position Focus Measure ======== ============= 77827.30  1083.964233 77831.30  1336.155151 77835.30  1712.609009 77839.30","-655239"
"C:\job\VCAM WLUP + FM + CR + Grab\Setup1\Recipes\x5\DebugAFMapping_10 Apr 3606\196517, 246009_focusCurve.txt",".txt","418","2025-02-16 10:39","2026-05-17 11:18","Position Focus Measure ======== ============= 77830.40  1176.219482 77834.50  1494.641846 77838.40  1943.583252 77842.30","-655238"
"C:\job\VCAM WLUP + FM + CR + Grab\Setup1\Recipes\x5\DebugAFMapping_10 Apr 3606\20117, 151509_focusCurve.txt",".txt","418","2025-02-16 10:40","2026-05-17 11:18","Position Focus Measure ======== ============= 77829.60  1363.010620 77833.80  1803.708496 77837.70  2354.166748 77841.70","-655237"
"C:\job\VCAM WLUP + FM + CR + Grab\Setup1\Recipes\x5\DebugAFMapping_10 Apr 3606\202817, 101109_focusCurve.txt",".txt","417","2025-02-16 10:39","2026-05-17 11:18","Position Focus Measure ======== ============= 77818.80  966.733948 77822.80  1162.450928 77826.80  1432.628296 77830.80 ","-655239"
"C:\job\VCAM WLUP + FM + CR + Grab\Setup1\Recipes\x5\DebugAFMapping_10 Apr 3606\202817, 214509_focusCurve.txt",".txt","418","2025-02-16 10:39","2026-05-17 11:18","Position Focus Measure ======== ============= 77830.10  1039.487915 77834.10  1272.419312 77838.10  1601.185425 77842.10","-655239"
"C:\job\VCAM WLUP + FM + CR + Grab\Setup1\Recipes\x5\DebugAFMapping_10 Apr 3606\202817, 283809_focusCurve.txt",".txt","418","2025-02-16 10:41","2026-05-17 11:18","Position Focus Measure ======== ============= 77841.90  1389.725098 77846.00  1836.324707 77849.90  2396.145020 77853.90","-655237"
"C:\job\VCAM WLUP + FM + CR + Grab\Setup1\Recipes\x5\DebugAFMapping_10 Apr 3606\209117, 157809_focusCurve.txt",".txt","418","2025-02-16 10:39","2026-05-17 11:18","Position Focus Measure ======== ============= 77829.80  1231.208130 77833.90  1582.332886 77837.80  2055.347656 77841.90","-655239"
"C:\job\VCAM WLUP + FM + CR + Grab\Setup1\Recipes\x5\DebugAFMapping_10 Apr 3606\215417,  38109_focusCurve.txt",".txt","417","2025-02-16 10:40","2026-05-17 11:18","Position Focus Measure ======== ============= 77807.70  916.631714 77811.70  1104.485352 77815.60  1356.627930 77819.70 ","-655237"
"C:\job\VCAM WLUP + FM + CR + Grab\Setup1\Recipes\x5\DebugAFMapping_10 Apr 3606\215417, 258609_focusCurve.txt",".txt","417","2025-02-16 10:40","2026-05-17 11:18","Position Focus Measure ======== ============= 77833.40  946.187683 77837.40  1151.847412 77841.40  1432.591675 77845.40 ","-655238"
"C:\job\VCAM WLUP + FM + CR + Grab\Setup1\Recipes\x5\DebugAFMapping_10 Apr 3606\221717,  88509_focusCurve.txt",".txt","418","2025-02-16 10:39","2026-05-17 11:18","Position Focus Measure ======== ============= 77824.30  1341.311768 77828.30  1751.597290 77832.20  2304.109619 77836.20","-655238"
"C:\job\VCAM WLUP + FM + CR + Grab\Setup1\Recipes\x5\DebugAFMapping_10 Apr 3606\221717, 132609_focusCurve.txt",".txt","418","2025-02-16 10:39","2026-05-17 11:18","Position Focus Measure ======== ============= 77832.50  1543.291626 77836.50  2064.228760 77840.40  2611.830566 77844.40","-655239"
"C:\job\VCAM WLUP + FM + CR + Grab\Setup1\Recipes\x5\DebugAFMapping_10 Apr 3606\221717, 189309_focusCurve.txt",".txt","417","2025-02-16 10:39","2026-05-17 11:18","Position Focus Measure ======== ============= 77830.40  1725.307739 77834.50  2325.511230 77838.30  2775.904541 77842.50","-655238"
"C:\job\VCAM WLUP + FM + CR + Grab\Setup1\Recipes\x5\DebugAFMapping_10 Apr 3606\221717, 227109_focusCurve.txt",".txt","417","2025-02-16 10:40","2026-05-17 11:18","Position Focus Measure ======== ============= 77827.80  925.851929 77831.90  1118.867920 77835.80  1380.942871 77839.80 ","-655238"
"C:\job\VCAM WLUP + FM + CR + Grab\Setup1\Recipes\x5\DebugAFMapping_10 Apr 3606\228017,  63309_focusCurve.txt",".txt","418","2025-02-16 10:40","2026-05-17 11:18","Position Focus Measure ======== ============= 77821.00  1282.739868 77825.10  1663.147461 77828.90  2182.084961 77833.00","-655238"
"C:\job\VCAM WLUP + FM + CR + Grab\Setup1\Recipes\x5\DebugAFMapping_10 Apr 3606\228017, 164109_focusCurve.txt",".txt","416","2025-02-16 10:39","2026-05-17 11:18","Position Focus Measure ======== ============= 77822.40  818.529541 77826.40  965.788147 77830.40  1161.264038 77834.40  ","-655239"
"C:\job\VCAM WLUP + FM + CR + Grab\Setup1\Recipes\x5\DebugAFMapping_10 Apr 3606\228017, 277509_focusCurve.txt",".txt","417","2025-02-16 10:40","2026-05-17 11:18","Position Focus Measure ======== ============= 77834.80  989.512207 77838.80  1199.646606 77842.80  1494.265625 77846.80 ","-655237"
"C:\job\VCAM WLUP + FM + CR + Grab\Setup1\Recipes\x5\DebugAFMapping_10 Apr 3606\240617,  50709_focusCurve.txt",".txt","417","2025-02-16 10:40","2026-05-17 11:18","Position Focus Measure ======== ============= 77822.20  1736.248779 77826.30  2328.393311 77830.20  2766.221680 77834.20","-655237"
"C:\job\VCAM WLUP + FM + CR + Grab\Setup1\Recipes\x5\DebugAFMapping_10 Apr 3606\240617, 113709_focusCurve.txt",".txt","418","2025-02-16 10:39","2026-05-17 11:18","Position Focus Measure ======== ============= 77821.90  1018.283813 77825.90  1245.582764 77829.90  1573.765625 77833.90","-655238"
"C:\job\VCAM WLUP + FM + CR + Grab\Setup1\Recipes\x5\DebugAFMapping_10 Apr 3606\240617, 201909_focusCurve.txt",".txt","418","2025-02-16 10:39","2026-05-17 11:18","Position Focus Measure ======== ============= 77833.00  1184.116211 77837.00  1495.615845 77840.90  1935.680542 77845.00","-655238"
"C:\job\VCAM WLUP + FM + CR + Grab\Setup1\Recipes\x5\DebugAFMapping_10 Apr 3606\240617, 239709_focusCurve.txt",".txt","418","2025-02-16 10:40","2026-05-17 11:18","Position Focus Measure ======== ============= 77836.80  1227.980225 77841.00  1576.794067 77845.00  2106.285645 77848.90","-655238"
"C:\job\VCAM WLUP + FM + CR + Grab\Setup1\Recipes\x5\DebugAFMapping_10 Apr 3606\246917,  88509_focusCurve.txt",".txt","417","2025-02-16 10:40","2026-05-17 11:18","Position Focus Measure ======== ============= 77819.60  974.979309 77823.70  1184.474121 77827.60  1486.255249 77831.70 ","-655238"
"C:\job\VCAM WLUP + FM + CR + Grab\Setup1\Recipes\x5\DebugAFMapping_10 Apr 3606\253217, 145209_focusCurve.txt",".txt","418","2025-02-16 10:39","2026-05-17 11:18","Position Focus Measure ======== ============= 77831.60  1334.029419 77835.70  1741.050293 77839.60  2281.010742 77843.70","-655238"
"C:\job\VCAM WLUP + FM + CR + Grab\Setup1\Recipes\x5\DebugAFMapping_10 Apr 3606\253217, 176709_focusCurve.txt",".txt","417","2025-02-16 10:39","2026-05-17 11:18","Position Focus Measure ======== ============= 77821.90  939.656921 77825.90  1126.115234 77829.90  1403.740601 77833.90 ","-655238"
"C:\job\VCAM WLUP + FM + CR + Grab\Setup1\Recipes\x5\DebugAFMapping_10 Apr 3606\253217, 258609_focusCurve.txt",".txt","418","2025-02-16 10:40","2026-05-17 11:18","Position Focus Measure ======== ============= 77840.00  1339.660889 77844.10  1771.322632 77848.00  2320.561768 77852.00","-655237"
"C:\job\VCAM WLUP + FM + CR + Grab\Setup1\Recipes\x5\DebugAFMapping_10 Apr 3606\259517, 208209_focusCurve.txt",".txt","417","2025-02-16 10:40","2026-05-17 11:18","Position Focus Measure ======== ============= 77831.80  999.107666 77835.80  1222.029419 77839.70  1535.442749 77843.80 ","-655238"
"C:\job\VCAM WLUP + FM + CR + Grab\Setup1\Recipes\x5\DebugAFMapping_10 Apr 3606\26417, 120009_focusCurve.txt",".txt","417","2025-02-16 10:40","2026-05-17 11:18","Position Focus Measure ======== ============= 77822.90  967.678650 77826.90  1171.407471 77830.90  1463.595581 77834.90 ","-655237"
"C:\job\VCAM WLUP + FM + CR + Grab\Setup1\Recipes\x5\DebugAFMapping_10 Apr 3606\26417, 176709_focusCurve.txt",".txt","417","2025-02-16 10:40","2026-05-17 11:18","Position Focus Measure ======== ============= 77826.80  968.859619 77830.80  1176.296509 77834.70  1474.515381 77838.70 ","-655237"
"C:\job\VCAM WLUP + FM + CR + Grab\Setup1\Recipes\x5\DebugAFMapping_10 Apr 3606\265817,  69609_focusCurve.txt",".txt","418","2025-02-16 10:40","2026-05-17 11:18","Position Focus Measure ======== ============= 77822.70  1218.896973 77826.70  1545.061890 77830.70  2028.989868 77834.60","-655237"
"C:\job\VCAM WLUP + FM + CR + Grab\Setup1\Recipes\x5\DebugAFMapping_10 Apr 3606\265817, 113709_focusCurve.txt",".txt","418","2025-02-16 10:40","2026-05-17 11:18","Position Focus Measure ======== ============= 77830.10  1542.254395 77834.20  2156.806885 77838.10  2921.760254 77842.20","-655238"
"C:\job\VCAM WLUP + FM + CR + Grab\Setup1\Recipes\x5\DebugAFMapping_10 Apr 3606\272117, 145209_focusCurve.txt",".txt","418","2025-02-16 10:40","2026-05-17 11:18","Position Focus Measure ======== ============= 77826.60  1006.006653 77830.60  1224.270752 77834.50  1541.887573 77838.50","-655238"
"C:\job\VCAM WLUP + FM + CR + Grab\Setup1\Recipes\x5\DebugAFMapping_10 Apr 3606\272117, 176709_focusCurve.txt",".txt","418","2025-02-16 10:40","2026-05-17 11:18","Position Focus Measure ======== ============= 77835.20  1446.991577 77839.30  1923.579590 77843.20  2489.083496 77847.20","-655238"
"C:\job\VCAM WLUP + FM + CR + Grab\Setup1\Recipes\x5\DebugAFMapping_10 Apr 3606\272117, 233409_focusCurve.txt",".txt","418","2025-02-16 10:40","2026-05-17 11:18","Position Focus Measure ======== ============= 77830.60  1007.243469 77834.60  1233.667969 77838.60  1552.442261 77842.60","-655237"
"C:\job\VCAM WLUP + FM + CR + Grab\Setup1\Recipes\x5\DebugAFMapping_10 Apr 3606\278417,  94809_focusCurve.txt",".txt","418","2025-02-16 10:40","2026-05-17 11:18","Position Focus Measure ======== ============= 77822.90  1164.269409 77826.90  1538.734985 77830.90  2184.183350 77834.90","-655237"
"C:\job\VCAM WLUP + FM + CR + Grab\Setup1\Recipes\x5\DebugAFMapping_10 Apr 3606\284717, 208209_focusCurve.txt",".txt","418","2025-02-16 10:40","2026-05-17 11:18","Position Focus Measure ======== ============= 77836.80  1488.160889 77840.90  1978.604248 77844.90  2569.397705 77848.80","-655237"
"C:\job\VCAM WLUP + FM + CR + Grab\Setup1\Recipes\x5\DebugAFMapping_10 Apr 3606\291017, 120009_focusCurve.txt",".txt","417","2025-02-16 10:40","2026-05-17 11:18","Position Focus Measure ======== ============= 77821.60  937.211914 77825.60  1141.358032 77829.60  1398.391113 77833.60 ","-655237"
"C:\job\VCAM WLUP + FM + CR + Grab\Setup1\Recipes\x5\DebugAFMapping_10 Apr 3606\291017, 183009_focusCurve.txt",".txt","418","2025-02-16 10:40","2026-05-17 11:18","Position Focus Measure ======== ============= 77830.00  1020.877502 77834.00  1238.171387 77837.90  1555.649658 77841.90","-655237"
"C:\job\VCAM WLUP + FM + CR + Grab\Setup1\Recipes\x5\DebugAFMapping_10 Apr 3606\297317, 151509_focusCurve.txt",".txt","418","2025-02-16 10:40","2026-05-17 11:18","Position Focus Measure ======== ============= 77832.60  1346.211426 77836.70  1746.048462 77840.60  2284.900879 77844.70","-655237"
"C:\job\VCAM WLUP + FM + CR + Grab\Setup1\Recipes\x5\DebugAFMapping_10 Apr 3606\32717, 208209_focusCurve.txt",".txt","418","2025-02-16 10:40","2026-05-17 11:18","Position Focus Measure ======== ============= 77835.70  1282.139893 77839.70  1650.727173 77843.70  2204.448975 77847.70","-655238"
"C:\job\VCAM WLUP + FM + CR + Grab\Setup1\Recipes\x5\DebugAFMapping_10 Apr 3606\39017,  94809_focusCurve.txt",".txt","418","2025-02-16 10:40","2026-05-17 11:18","Position Focus Measure ======== ============= 77826.80  1399.734985 77830.90  1863.708984 77834.80  2426.622070 77838.80","-655237"
"C:\job\VCAM WLUP + FM + CR + Grab\Setup1\Recipes\x5\DebugAFMapping_10 Apr 3606\45317, 138909_focusCurve.txt",".txt","418","2025-02-16 10:40","2026-05-17 11:18","Position Focus Measure ======== ============= 77826.70  1125.038574 77830.70  1406.603027 77834.70  1849.176880 77838.70","-655238"
"C:\job\VCAM WLUP + FM + CR + Grab\Setup1\Recipes\x5\DebugAFMapping_10 Apr 3606\45317, 170409_focusCurve.txt",".txt","415","2025-02-16 10:40","2026-05-17 11:18","Position Focus Measure ======== ============= 77833.10  2594.322021 77837.10  2615.146240 77841.10  2103.683594 77845.20","-655238"
"C:\job\VCAM WLUP + FM + CR + Grab\Setup1\Recipes\x5\DebugAFMapping_10 Apr 3606\45317, 233409_focusCurve.txt",".txt","418","2025-02-16 10:40","2026-05-17 11:18","Position Focus Measure ======== ============= 77829.50  1046.534424 77833.50  1275.252075 77837.50  1608.033813 77841.50","-655238"
"C:\job\VCAM WLUP + FM + CR + Grab\Setup1\Recipes\x5\DebugAFMapping_10 Apr 3606\51617, 201909_focusCurve.txt",".txt","417","2025-02-16 10:40","2026-05-17 11:18","Position Focus Measure ======== ============= 77829.90  971.091187 77833.90  1171.348755 77837.80  1467.297607 77841.80 ","-655238"
"C:\job\VCAM WLUP + FM + CR + Grab\Setup1\Recipes\x5\DebugAFMapping_10 Apr 3606\57917,  69609_focusCurve.txt",".txt","417","2025-02-16 10:40","2026-05-17 11:18","Position Focus Measure ======== ============= 77817.40  963.154114 77821.40  1166.499146 77825.30  1464.224487 77829.40 ","-655237"
"C:\job\VCAM WLUP + FM + CR + Grab\Setup1\Recipes\x5\DebugAFMapping_10 Apr 3606\57917, 107409_focusCurve.txt",".txt","418","2025-02-16 10:40","2026-05-17 11:18","Position Focus Measure ======== ============= 77827.30  1288.298584 77831.50  1692.678589 77835.40  2237.666016 77839.40","-655238"
"C:\job\VCAM WLUP + FM + CR + Grab\Setup1\Recipes\x5\DebugAFMapping_10 Apr 3606\64217, 157809_focusCurve.txt",".txt","418","2025-02-16 10:39","2026-05-17 11:18","Position Focus Measure ======== ============= 77824.80  1054.055420 77828.80  1298.595337 77832.80  1658.017090 77836.80","-655238"
"C:\job\VCAM WLUP + FM + CR + Grab\Setup1\Recipes\x5\DebugAFMapping_10 Apr 3606\64217, 252309_focusCurve.txt",".txt","418","2025-02-16 10:40","2026-05-17 11:18","Position Focus Measure ======== ============= 77838.60  1335.893799 77842.70  1756.776978 77846.60  2314.715576 77850.70","-655238"
"C:\job\VCAM WLUP + FM + CR + Grab\Setup1\Recipes\x5\DebugAFMapping_10 Apr 3606\70517, 126309_focusCurve.txt",".txt","418","2025-02-16 10:39","2026-05-17 11:18","Position Focus Measure ======== ============= 77829.60  1468.414551 77833.70  1967.846436 77837.60  2508.030273 77841.60","-655238"
"C:\job\VCAM WLUP + FM + CR + Grab\Setup1\Recipes\x5\DebugAFMapping_10 Apr 3606\70517, 189309_focusCurve.txt",".txt","418","2025-02-16 10:39","2026-05-17 11:18","Position Focus Measure ======== ============= 77834.40  1368.348267 77838.50  1803.584595 77842.40  2374.471191 77846.40","-655238"
"C:\job\VCAM WLUP + FM + CR + Grab\Setup1\Recipes\x5\DebugAFMapping_10 Apr 3606\70517, 227109_focusCurve.txt",".txt","418","2025-02-16 10:40","2026-05-17 11:18","Position Focus Measure ======== ============= 77836.20  1396.746704 77840.20  1843.474121 77844.20  2427.694092 77848.20","-655238"
"C:\job\VCAM WLUP + FM + CR + Grab\Setup1\Recipes\x5\DebugAFMapping_10 Apr 3606\76817,  50709_focusCurve.txt",".txt","418","2025-02-16 10:40","2026-05-17 11:18","Position Focus Measure ======== ============= 77819.30  1298.776733 77823.50  1695.067993 77827.30  2229.055664 77831.40","-655237"
"C:\job\VCAM WLUP + FM + CR + Grab\Setup1\Recipes\x5\DebugAFMapping_10 Apr 3606\76817,  75909_focusCurve.txt",".txt","417","2025-02-16 10:40","2026-05-17 11:18","Position Focus Measure ======== ============= 77819.10  983.867188 77823.10  1201.916016 77827.10  1506.879639 77831.20 ","-655238"
"C:\job\VCAM WLUP + FM + CR + Grab\Setup1\Recipes\x5\DebugAFMapping_10 Apr 3606\83117, 101109_focusCurve.txt",".txt","417","2025-02-16 10:39","2026-05-17 11:18","Position Focus Measure ======== ============= 77821.00  992.856201 77825.00  1208.714844 77829.00  1519.693970 77833.00 ","-655238"
"C:\job\VCAM WLUP + FM + CR + Grab\Setup1\Recipes\x5\DebugAFMapping_10 Apr 3606\83117, 214509_focusCurve.txt",".txt","418","2025-02-16 10:39","2026-05-17 11:18","Position Focus Measure ======== ============= 77830.40  1008.046204 77834.40  1229.735229 77838.30  1563.221069 77842.30","-655238"
"C:\job\VCAM WLUP + FM + CR + Grab\Setup1\Recipes\x5\DebugAFMapping_10 Apr 3606\89417, 151509_focusCurve.txt",".txt","418","2025-02-16 10:39","2026-05-17 11:18","Position Focus Measure ======== ============= 77831.00  1366.233398 77835.00  1770.465454 77838.90  2319.592529 77843.00","-655239"
"C:\job\VCAM WLUP + FM + CR + Grab\Setup1\Recipes\x5\DebugAFMapping_10 Apr 3606\89417, 252309_focusCurve.txt",".txt","417","2025-02-16 10:40","2026-05-17 11:18","Position Focus Measure ======== ============= 77829.40  969.312500 77833.40  1181.122681 77837.40  1495.246216 77841.30 ","-655238"
"C:\job\VCAM WLUP + FM + CR + Grab\Setup1\Recipes\x5\DebugAFMapping_10 Apr 3606\89417, 271209_focusCurve.txt",".txt","417","2025-02-16 10:40","2026-05-17 11:18","Position Focus Measure ======== ============= 77833.60  904.381836 77837.60  1086.487183 77841.60  1331.238159 77845.60 ","-655238"
"C:\job\VCAM WLUP + FM + CR + Grab\Setup1\Recipes\x5\DebugAFMapping_10 Apr 3606\95717, 126309_focusCurve.txt",".txt","417","2025-02-16 10:39","2026-05-17 11:18","Position Focus Measure ======== ============= 77823.80  970.280457 77827.80  1171.392212 77831.80  1461.529541 77835.80 ","-655239"
"C:\job\VCAM WLUP + FM + CR + Grab\Setup1\Recipes\x5\DebugAFMapping_10 Apr 3606\95717, 183009_focusCurve.txt",".txt","417","2025-02-16 10:39","2026-05-17 11:18","Position Focus Measure ======== ============= 77822.70  936.734497 77826.70  1128.349854 77830.70  1381.181152 77834.70 ","-655239"
"C:\job\VCAM WLUP + FM + CR + Grab\Setup1\Recipes\x5\DebugAFMapping_10 Apr 3606\FocusMappingDebug_x5.txt",".txt","13854","2025-02-16 10:41","2026-05-17 11:18","Id  ,   ,Match Score,AF Score,Final Score,     dZ, Range,Zchuck0, Zchuck, Zstage0,  Zstage, Wafer X, Wafer Y, Chuck X, C","-655237"
"C:\job\VCAM WLUP + FM + CR + Grab\Setup1\Recipes\x5\DebugAFMapping_10 Apr 3608\108317, 157809_focusCurve.txt",".txt","1353","2025-02-16 10:25","2026-05-17 11:18","Position Focus Measure ======== ============= 77744.90  60.738007 77748.80  65.409477 77752.90  71.271004 77756.90  78.4","-655252"
"C:\job\VCAM WLUP + FM + CR + Grab\Setup1\Recipes\x5\DebugAFMapping_10 Apr 3608\114617, 214509_focusCurve.txt",".txt","1353","2025-02-16 10:26","2026-05-17 11:18","Position Focus Measure ======== ============= 77757.60  68.974686 77761.60  75.430237 77765.50  83.999649 77769.60  95.0","-655252"
"C:\job\VCAM WLUP + FM + CR + Grab\Setup1\Recipes\x5\DebugAFMapping_10 Apr 3608\120917, 126309_focusCurve.txt",".txt","1332","2025-02-16 10:25","2026-05-17 11:18","Position Focus Measure ======== ============= 77753.20  71.645401 77757.20  79.003235 77761.10  88.352196 77765.20  99.6","-655252"
"C:\job\VCAM WLUP + FM + CR + Grab\Setup1\Recipes\x5\DebugAFMapping_10 Apr 3608\120917, 189309_focusCurve.txt",".txt","1330","2025-02-16 10:25","2026-05-17 11:18","Position Focus Measure ======== ============= 77753.60  137.682358 77757.60  165.505478 77761.60  199.924622 77765.60  2","-655252"
"C:\job\VCAM WLUP + FM + CR + Grab\Setup1\Recipes\x5\DebugAFMapping_10 Apr 3608\133517, 138909_focusCurve.txt",".txt","1354","2025-02-16 10:25","2026-05-17 11:18","Position Focus Measure ======== ============= 77746.50  61.910194 77750.50  66.675652 77754.50  72.864807 77758.40  80.3","-655253"
"C:\job\VCAM WLUP + FM + CR + Grab\Setup1\Recipes\x5\DebugAFMapping_10 Apr 3608\133517, 176709_focusCurve.txt",".txt","1353","2025-02-16 10:25","2026-05-17 11:18","Position Focus Measure ======== ============= 77754.50  69.156372 77758.50  75.966187 77762.30  84.109047 77766.50  95.2","-655253"
"C:\job\VCAM WLUP + FM + CR + Grab\Setup1\Recipes\x5\DebugAFMapping_10 Apr 3608\139817, 227109_focusCurve.txt",".txt","1353","2025-02-16 10:26","2026-05-17 11:18","Position Focus Measure ======== ============= 77751.70  61.065361 77755.70  65.584076 77759.70  71.573708 77763.70  79.0","-655252"
"C:\job\VCAM WLUP + FM + CR + Grab\Setup1\Recipes\x5\DebugAFMapping_10 Apr 3608\146117, 107409_focusCurve.txt",".txt","1353","2025-02-16 10:25","2026-05-17 11:18","Position Focus Measure ======== ============= 77744.60  63.451580 77748.60  68.824890 77752.70  75.700401 77756.70  83.9","-655252"
"C:\job\VCAM WLUP + FM + CR + Grab\Setup1\Recipes\x5\DebugAFMapping_10 Apr 3608\146117, 208209_focusCurve.txt",".txt","1353","2025-02-16 10:25","2026-05-17 11:18","Position Focus Measure ======== ============= 77750.60  60.483997 77754.60  65.282669 77758.60  70.739639 77762.50  77.5","-655252"
"C:\job\VCAM WLUP + FM + CR + Grab\Setup1\Recipes\x5\DebugAFMapping_10 Apr 3608\158717, 157809_focusCurve.txt",".txt","1353","2025-02-16 10:25","2026-05-17 11:18","Position Focus Measure ======== ============= 77744.50  63.110813 77748.50  68.495552 77752.50  75.086304 77756.50  82.9","-655253"
"C:\job\VCAM WLUP + FM + CR + Grab\Setup1\Recipes\x5\DebugAFMapping_10 Apr 3608\165017, 132609_focusCurve.txt",".txt","1353","2025-02-16 10:25","2026-05-17 11:18","Position Focus Measure ======== ============= 77753.40  78.273438 77757.40  87.527878 77761.20  98.089798 77765.40  112.","-655253"
"C:\job\VCAM WLUP + FM + CR + Grab\Setup1\Recipes\x5\DebugAFMapping_10 Apr 3608\165017, 183009_focusCurve.txt",".txt","1353","2025-02-16 10:25","2026-05-17 11:18","Position Focus Measure ======== ============= 77747.80  60.000942 77751.80  64.366989 77755.90  70.046158 77759.80  76.8","-655253"
"C:\job\VCAM WLUP + FM + CR + Grab\Setup1\Recipes\x5\DebugAFMapping_10 Apr 3608\171317, 107409_focusCurve.txt",".txt","1354","2025-02-16 10:25","2026-05-17 11:18","Position Focus Measure ======== ============= 77733.00  61.248634 77737.10  65.956543 77740.90  71.503960 77744.90  79.2","-655252"
"C:\job\VCAM WLUP + FM + CR + Grab\Setup1\Recipes\x5\DebugAFMapping_10 Apr 3608\171317, 208209_focusCurve.txt",".txt","1332","2025-02-16 10:25","2026-05-17 11:18","Position Focus Measure ======== ============= 77760.50  74.273491 77764.60  82.558273 77768.60  92.584282 77772.60  106.","-655252"
"C:\job\VCAM WLUP + FM + CR + Grab\Setup1\Recipes\x5\DebugAFMapping_10 Apr 3608\171317, 227109_focusCurve.txt",".txt","1352","2025-02-16 10:25","2026-05-17 11:18","Position Focus Measure ======== ============= 77759.10  69.621140 77763.10  76.665794 77767.10  84.336098 77771.10  95.6","-655252"
"C:\job\VCAM WLUP + FM + CR + Grab\Setup1\Recipes\x5\DebugAFMapping_10 Apr 3608\190217, 157809_focusCurve.txt",".txt","1353","2025-02-16 10:25","2026-05-17 11:18","Position Focus Measure ======== ============= 77753.10  68.241699 77757.10  74.955132 77761.00  82.278519 77765.10  92.6","-655253"
"C:\job\VCAM WLUP + FM + CR + Grab\Setup1\Recipes\x5\DebugAFMapping_10 Apr 3608\196517, 126309_focusCurve.txt",".txt","1353","2025-02-16 10:25","2026-05-17 11:18","Position Focus Measure ======== ============= 77745.70  62.236996 77749.60  66.648376 77753.70  73.076485 77757.70  81.3","-655252"
"C:\job\VCAM WLUP + FM + CR + Grab\Setup1\Recipes\x5\DebugAFMapping_10 Apr 3608\196517, 189309_focusCurve.txt",".txt","1353","2025-02-16 10:25","2026-05-17 11:18","Position Focus Measure ======== ============= 77748.10  62.648762 77752.10  67.640610 77756.10  74.166695 77760.10  82.0","-655253"
"C:\job\VCAM WLUP + FM + CR + Grab\Setup1\Recipes\x5\DebugAFMapping_10 Apr 3608\202817, 214509_focusCurve.txt",".txt","1353","2025-02-16 10:25","2026-05-17 11:18","Position Focus Measure ======== ============= 77751.00  61.829445 77755.00  66.618141 77759.00  73.138641 77763.00  80.0","-655252"
"C:\job\VCAM WLUP + FM + CR + Grab\Setup1\Recipes\x5\DebugAFMapping_10 Apr 3608\209117, 157809_focusCurve.txt",".txt","1353","2025-02-16 10:25","2026-05-17 11:18","Position Focus Measure ======== ============= 77752.30  67.963684 77756.30  74.383568 77760.20  82.162956 77764.20  92.0","-655252"
"C:\job\VCAM WLUP + FM + CR + Grab\Setup1\Recipes\x5\DebugAFMapping_10 Apr 3608\95717, 183009_focusCurve.txt",".txt","1332","2025-02-16 10:26","2026-05-17 11:18","Position Focus Measure ======== ============= 77747.30  63.219837 77751.40  68.528999 77755.40  75.144737 77759.40  83.2","-655252"
"C:\job\VCAM WLUP + FM + CR + Grab\Setup1\Recipes\x5\DebugAFMapping_10 Apr 3608\FocusMappingDebug_x5.txt",".txt","3254","2025-02-16 10:26","2026-05-17 11:18","Id  ,   ,Match Score,AF Score,Final Score,     dZ, Range,Zchuck0, Zchuck, Zstage0,  Zstage, Wafer X, Wafer Y, Chuck X, C","-655252"
"C:\job\VCAM WLUP + FM + CR + Grab\Setup1\Recipes\x5\FocusMapping\FocusMapping.ini",".ini","2293","2025-06-04 11:23","2026-05-17 11:18","[Mode] AutoFocusRange=100 CreateSurfaceScore=Good MinMatchModelScore=Adequate DurationOfOneSite=3 NumOfDiceToScan=100 Re","-499675"
"C:\job\VCAM WLUP + FM + CR + Grab\Setup1\Recipes\x5\FocusMapping\FocusPointsForScan.xml",".xml","17185","2025-02-11 18:03","2026-05-17 11:18","<FocusPointsCollection VersionNumber=""0.0"" FocusPointsCount=""100"" ModelsStamp="""">   <FocusPoint X=""158717.036967648"" Y=""","-661995"
"C:\job\VCAM WLUP + FM + CR + Grab\Setup1\Recipes\x5\FocusMapping\Model_31f649ae-9a0d-41ee-a102-bbeb9dffb860\FocusModel.ini",".ini","279","2025-02-11 13:45","2026-05-17 11:18","[General] Offset=0 ModelIndex=0 Enabled=1 DisplayName=Model0 Id=e63ad270-c568-4507-995d-53bd4920c3b2 Version=1 ModelType","-662252"
"C:\job\VCAM WLUP + FM + CR + Grab\Setup1\Recipes\x5\OpticLightMetadata\config.ini",".ini","292","2025-06-04 11:23","2026-05-17 11:18","[General] NominalDelta=0.000000000 Exist=0 targetPos_X=0.000000000 targetPos_Y=0.000000000 minY=0.000000000 minX=0.00000","-499675"
"C:\job\VCAM WLUP + FM + CR + Grab\Setup1\Recipes\x5\ReferenceBackup\ZoomLevels.ini",".ini","210","2025-02-11 13:37","2026-05-17 11:18","[ZOOM_LEVELS] LEVEL_1=1 SaveCompressed=0 LEVEL_2=1 LEVEL_4=1 [LEVEL_1] SizeX=3670 SizeY=3670 [LEVEL_2] SizeX=1835 SizeY=","-662261"
"C:\job\VCAM WLUP + FM + CR + Grab\Setup1\Recipes\x5\SW_QA-4\OpticsPreset.ini",".ini","109","2025-02-11 13:37","2026-05-17 11:18","[RobotSetup] Name=106463_Bare_12.cfg [Chuck] CenterX=158151.296875 CenterY=140564.40625 CenterZ=-389.4 ","-662261"
"C:\job\VCAM WLUP + FM + CR + Grab\Setup1\Recipes\x5\TrainData\Die.ini",".ini","1066","2025-02-11 13:37","2026-05-17 11:18","[DIE] PixelSize_X=1.69324928291563 PixelSize_Y=1.69324928291563 FrameSizeX=2048 FrameSizeY=2048 Step_X=6295 Step_Y=6301 ","-662261"
"C:\job\VCAM WLUP + FM + CR + Grab\Setup1\Recipes\x5\TrainData\DieRefToTrain.txt",".txt","278","2025-02-11 13:37","2026-05-17 11:18","[DieRefToTrainImage] DR_2_TI_X=0.999999991836461 0.000127777453061514 1071.99008058706 DR_2_TI_Y=-0.000127777453061514 0","-662261"
"C:\job\VCAM WLUP + FM + CR + Grab\Setup1\Recipes\x5\TrainData\FrameToChuck.ini",".ini","160","2025-02-11 13:36","2026-05-17 11:18","[FrameToChuck] F2C_X=          1.6932492451         0.0003578303     -1734.2536451782 F2C_Y=         -0.0003578303      ","-662261"
"C:\job\VCAM WLUP + FM + CR + Grab\Setup1\Recipes\x5\TrainData\DieImage\DieImageToTable.ini",".ini","281","2025-02-11 13:37","2026-05-17 11:18","[DieImageToTable] I2T_X=1.69324915283671 -0.000663710833067199 -1746.08755888105 I2T_Y=0.000663710833067199 1.6932491528","-662261"
"C:\job\VCAM WLUP + FM + CR + Grab\Setup1\Recipes\x5\TrainData\DieImage\ZoomLevels.ini",".ini","263","2025-02-11 13:37","2026-05-17 11:18","[ZOOM_LEVELS] LEVEL_1=1 SaveCompressed=0 LEVEL_2=1 LEVEL_4=1 LEVEL_8=1 LEVEL_16=1 [LEVEL_1] SizeX=8766 SizeY=8767 [LEVEL","-662261"
"C:\job\VCAM WLUP + FM + CR + Grab\Setup1\Recipes\x5\WaferAlignData\AlignmentData.ini",".ini","31","2025-06-04 11:23","2026-05-17 11:18","[General] AlignmentTime=3966 ","-499675"
"C:\job\VCAM WLUP + FM + CR + Grab\Setup1\Recipes\x5\WaferAlignData\WLUP_Align_PatFindRtp.txt",".txt","485","2025-06-04 11:23","2026-05-17 11:18"," [11:23:30 06/04/25] Minimum Score           :  75    Minimum Start        :  90    Reduce Delta         :  10 Minimum T","-499675"
"C:\job\VCAM WLUP + FM + CR + Grab\Setup1\Recipes\x5\WaferAlignData\WLUP_Align_PatRes.txt",".txt","667","2025-06-04 11:23","2026-05-17 11:18"," [11:23:30 06/04/25] ==========================================================================================  #    Co","-499675"
"C:\job\VCAM WLUP + FM + CR + Grab\Setup1\Recipes\x5\WaferAlignData\WLUP_Align_Stat.txt",".txt","812","2025-06-04 11:23","2026-05-17 11:18","  [11:23:30 06/04/25] ==================================================================================================","-499675"
"C:\job\VCAM WLUP + FM + CR + Grab\Setup1\Recipes\x5\Zones\PostProcess.ini",".ini","1984","2025-02-17 09:34","2026-05-17 11:18","[General] ZoneName=PostProcess ZoneID=255 TypeName=PostProcess AutoTH=0 AutoProbe=0 [Volume] Enable=0 AlgorithmName=Volu","-653863"
"C:\job\VCAM WLUP + FM + CR + Grab\Setup1\Recipes\x5\Zones\Scan Area.ini",".ini","5692","2025-02-17 09:34","2026-05-17 11:18","[General] ZoneName=Scan Area ZoneID=63 TypeName=Surface AutoTH=0 AutoProbe=0 [Surface] Enable=1 AlgorithmName=Surface Cl","-653863"
"C:\job\VCAM x20 Scan Area\Metadata.ini",".ini","111","2025-02-17 09:11","2026-05-17 11:18","[General] name=VCAM x20 Scan Area Id=70fcdf04-16c4-4ecc-b494-1db4264f8643 Version=1 JobTag=Validation Job ","-653887"
"C:\job\VCAM x20 Scan Area\VcamInstallerGuid.txt",".txt","36","2025-03-18 12:04","2026-05-17 11:18","a768aa22-3050-46d9-b4fc-0521e28c1ac6","-611954"
"C:\job\VCAM x20 Scan Area\.audit\manifest.json",".json","412","2026-05-17 11:18","2026-05-17 11:18","{   ""jobName"": ""VCAM x20 Scan Area"",   ""auditDbVersion"": ""1"",   ""created"": {     ""machine"": ""AMITA1"",     ""at"": ""2026-05","1"
"C:\job\VCAM x20 Scan Area\Setup1\CurrWaferSurfaceInterpolation.ini",".ini","6975","2025-02-16 10:41","2026-05-17 11:18","ThinPlate 50 45345.8746814568 127445.286578824 768.093722279842 94.6954074602558 70547.5808184768 121152.524929174 768.8","-655237"
"C:\job\VCAM x20 Scan Area\Setup1\CurrWaferSurfaceInterpolation.md",".md","29","2025-02-11 13:45","2026-05-17 11:18","[General] IsInChuckSpace=1 ","-662252"
"C:\job\VCAM x20 Scan Area\Setup1\DefaultWafer2Table.ini",".ini","1141","2025-02-11 17:29","2026-05-17 11:18","[WAFER ALIGNMENT] Wafer2Table_X=          0.9999969136        -0.0002747084   -157388.1110254321 Wafer2Table_Y=         ","-662029"
"C:\job\VCAM x20 Scan Area\Setup1\DefectsClustering.ini",".ini","236","2025-02-11 13:46","2026-05-17 11:18","[General] Enabled=0 ClusteringAfterMerge=0 Distance=0 SelectedFirstSortingList=Priority SelectedSecondSortingList=Area S","-662252"
"C:\job\VCAM x20 Scan Area\Setup1\DieAlignment.dat_block.ini",".ini","120","2025-03-18 11:40","2026-05-17 11:18","[General] IsMultiIndex=0 DieCount=1 [Die_0] Row=0 Col=0 PosX=0.000 PosY=0.000 SizeX=14740.000 SizeY=14747.000 ","-611977"
"C:\job\VCAM x20 Scan Area\Setup1\Metadata.ini",".ini","98","2025-02-17 09:11","2026-05-17 11:18","[General] name=Setup1 Id=db3855e5-accd-457e-af5f-a8395a1f6068 Version=1 LastActiveRecipe=x20 ","-653887"
"C:\job\VCAM x20 Scan Area\Setup1\MultiRecipe.ini",".ini","366","2025-02-17 09:11","2026-05-17 11:18","[Scan] SamplingCount=0 SamplingYield=0 MergingThreadCount=0 doSeparateRecipe=1 DoGrabAfterMerge=0 Recipes= RecipesPos= R","-653886"
"C:\job\VCAM x20 Scan Area\Setup1\ProductionInfo.ini",".ini","194","2025-02-12 11:39","2026-05-17 11:18","[General] WaferDefectsCount=0 WaferDefectDiceRatio=0.000 WaferDefectClassId=0 WaferDefectClassIdCount=0 BatchPassWafersC","-660939"
"C:\job\VCAM x20 Scan Area\Setup1\RecipesInfo.ini",".ini","795","2025-02-11 17:45","2026-05-17 11:18","[Recipe-1] Name=x5 DiePitchX=6300 DiePitchY=6300 ScanMag=5 ColorPixelSize=0 Scan2DPixelSize=1.693 VerCam=4 VerMag=5 [Rec","-662013"
"C:\job\VCAM x20 Scan Area\Setup1\ScanCondition.ini",".ini","23","2025-02-11 14:51","2026-05-17 11:18","[General] IsActive=0 ","-662187"
"C:\job\VCAM x20 Scan Area\Setup1\Wafer2Table.ini",".ini","1131","2025-03-18 11:40","2026-05-17 11:18","[WAFER ALIGNMENT] Wafer2Table_X=          0.9999871363        -0.0007908355   -157303.6576871434 Wafer2Table_Y=         ","-611978"
"C:\job\VCAM x20 Scan Area\Setup1\WaferMapRecipe.ini",".ini","833","2025-02-11 15:19","2026-05-17 11:18","[GENERAL] SettingsPolicy=0 FiducialBin=-1 [Input_Update] Enable=0 FileMask= ImportDirectory= UpdateDirectory= AutoMatchE","-662159"
"C:\job\VCAM x20 Scan Area\Setup1\Recipes\x20\Alignment.ini",".ini","38","2025-02-11 17:27","2026-05-17 11:18","[WAFER ALIGNMENT] CoarseAlignDone=1 ","-662030"
"C:\job\VCAM x20 Scan Area\Setup1\Recipes\x20\AlignmentData.ini",".ini","786","2025-02-11 17:27","2026-05-17 11:18","[General] MinScore=85 MinTargetScore=0 IsAffineEnabled=1 AlignPointsNum=8 ForceToGMF=0 [Point_0] X=157350.309513 Y=15735","-662031"
"C:\job\VCAM x20 Scan Area\Setup1\Recipes\x20\AlignRtp.ini",".ini","2896","2025-03-18 11:40","2026-05-17 11:18","[GENERAL] AliasDelta_%=25 RegModelFileName=DieMapRegPos.dat RotateModel=1 SeparateDice=1 _01_GENERAL=0 UseRegReference=1","-611978"
"C:\job\VCAM x20 Scan Area\Setup1\Recipes\x20\CcsLocalMeas.ini",".ini","153","2025-02-11 14:19","2026-05-17 11:18","[ScanParams] MarginX=0 MarginY=0 ScanStepX=0 ScanStepY=0 ScanDefects_Enabled=0 ScanDefects_SizeX=0 ScanDefects_SizeY=0 [","-662219"
"C:\job\VCAM x20 Scan Area\Setup1\Recipes\x20\CleanReferenceFinalParams.ini",".ini","951","2025-02-11 14:30","2026-05-17 11:18","[General] Version=2 [CleanRefParams] SizeX=2048 SizeY=2048 minCriteria=-2 maxCriteria=-1 minCreateMul=2 maxCreateMul=2 m","-662207"
"C:\job\VCAM x20 Scan Area\Setup1\Recipes\x20\CreateReference3dOptions.ini",".ini","307","2025-02-11 14:19","2026-05-17 11:18","[General] Version=0 Debug=0 [Registration] ReferenceRegBy=0 BigBlockRowsNumber=1000 YPartitionsNumber=3 MaxErrorPix=5 PS","-662219"
"C:\job\VCAM x20 Scan Area\Setup1\Recipes\x20\CurrWaferSurfaceInterpolation.md",".md","29","2025-02-11 14:19","2026-05-17 11:18","[General] IsInChuckSpace=0 ","-662219"
"C:\job\VCAM x20 Scan Area\Setup1\Recipes\x20\DefaultWafer2Table.ini",".ini","1140","2025-02-11 14:27","2026-05-17 11:18","[WAFER ALIGNMENT] Wafer2Table_X=          0.9999972101        -0.0002754356   -157379.6868025583 Wafer2Table_Y=         ","-662211"
"C:\job\VCAM x20 Scan Area\Setup1\Recipes\x20\DefaultWaferSurfaceInterpolation.md",".md","29","2025-02-11 14:19","2026-05-17 11:18","[General] IsInChuckSpace=0 ","-662219"
"C:\job\VCAM x20 Scan Area\Setup1\Recipes\x20\DieAlignment.dat_block.ini",".ini","120","2025-02-11 14:27","2026-05-17 11:18","[General] IsMultiIndex=0 DieCount=1 [Die_0] Row=0 Col=0 PosX=0.000 PosY=0.000 SizeX=14740.000 SizeY=14747.000 ","-662211"
"C:\job\VCAM x20 Scan Area\Setup1\Recipes\x20\DieMapAlignRes.dat_block.ini",".ini","120","2025-02-11 14:27","2026-05-17 11:18","[General] IsMultiIndex=0 DieCount=1 [Die_0] Row=0 Col=0 PosX=0.000 PosY=0.000 SizeX=14740.000 SizeY=14747.000 ","-662211"
"C:\job\VCAM x20 Scan Area\Setup1\Recipes\x20\DieMapRegPos.txt",".txt","350","2025-02-11 14:29","2026-05-17 11:18","ScaleX =    1.0000000000; ScaleY =    1.0000000000   RefID       X        Y  Zone Count      Shape Data       1     65.0","-662209"
"C:\job\VCAM x20 Scan Area\Setup1\Recipes\x20\DieRegPos.txt",".txt","350","2025-02-11 14:29","2026-05-17 11:18","ScaleX =    1.0000000000; ScaleY =    1.0000000000   RefID       X        Y  Zone Count      Shape Data       1   6007.0","-662209"
"C:\job\VCAM x20 Scan Area\Setup1\Recipes\x20\ExternalCoordSystems.ini",".ini","33","2025-02-11 14:19","2026-05-17 11:18","[ExternalCoordSystems] Count=0 ","-662219"
"C:\job\VCAM x20 Scan Area\Setup1\Recipes\x20\GlobalRTP.ini",".ini","2656","2025-02-11 14:31","2026-05-17 11:18","[GLOBAL_RTP] AdaptiveGpuEnabled=1 AdaptiveHistogram=0 AdaptiveHistogramByDieSegments=1 AdaptiveHistogramMinPixelCount=32","-662206"
"C:\job\VCAM x20 Scan Area\Setup1\Recipes\x20\ImageProcessing.log",".log","37","2025-02-11 14:26","2026-05-17 11:18","_previouseAlignmentDataExists = 0 ","-662212"
"C:\job\VCAM x20 Scan Area\Setup1\Recipes\x20\Metadata.ini",".ini","72","2025-02-11 14:19","2026-05-17 11:18","[General] name=x5 Id=fb222405-ca62-4124-8cbd-947ee652d223 Version=0 ","-662219"
"C:\job\VCAM x20 Scan Area\Setup1\Recipes\x20\OpticPreset.ini",".ini","578","2025-02-11 14:22","2026-05-17 11:18","[General] Signature=1 [Scan2d] Id=d092f72c-aa74-44ea-8b1b-89acbdc560be FocusPosAboveChuck=1024.28805460707 Mag=20 Mode=-","-662216"
"C:\job\VCAM x20 Scan Area\Setup1\Recipes\x20\OpticToVCamStorage.json",".json","360","2025-03-18 11:40","2026-05-17 11:18","[   {     ""OpticId"": ""d092f72c-aa74-44ea-8b1b-89acbdc560be"",     ""Scenario"": ""Scan"",     ""IsAutoFocus"": false,     ""Stor","-611977"
"C:\job\VCAM x20 Scan Area\Setup1\Recipes\x20\Params_AlignRTP.ini",".ini","2603","2025-02-11 14:26","2026-05-17 11:18","[306a7e84-3bae-4443-bedf-ea9321f61841] 306a7e84-3bae-4443-bedf-ea9321f61841_EngineDescription=No Operation 306a7e84-3bae","-662212"
"C:\job\VCAM x20 Scan Area\Setup1\Recipes\x20\Params_SystemInfo.ini",".ini","2247","2025-02-11 14:26","2026-05-17 11:18","[SystemParams] ActivateAlgorithms=1 ActivateFrameTracing=0 ApplyDistortion=-1 ApplyGainOffset=-1 CCS_InScanScenario=0 CC","-662212"
"C:\job\VCAM x20 Scan Area\Setup1\Recipes\x20\Params_WaferInfo.ini",".ini","1436","2025-02-11 14:26","2026-05-17 11:18","[General] AlignStripDelay=-1 BinArrayPath=c:\bis\data\dds BumpResBufferSize=50000000 CollectSpcData=0 DieAlignResReport=","-662212"
"C:\job\VCAM x20 Scan Area\Setup1\Recipes\x20\ProductInfo.ini",".ini","2939","2025-03-18 11:40","2026-05-17 11:18","[General] GainOffsetMode=0 ExportFlatPos=0 Reference_EdgeUncert=0 Overlap2d_X_um=0.000 Overlap2d_Y_um=0.000 Overlap3d_X_","-611978"
"C:\job\VCAM x20 Scan Area\Setup1\Recipes\x20\Recipe.ini",".ini","3260","2025-02-11 14:42","2026-05-17 11:18","[AutoCycle] AutoFocusEvery=1 ; None CleanReferenceEvery=1 ; None UnloadToAnotherCassette=0 ; Move wafers from Loadport B","-662196"
"C:\job\VCAM x20 Scan Area\Setup1\Recipes\x20\RTP.txt",".txt","4836","2025-02-11 14:31","2026-05-17 11:18","[PostProcess]   ; Zone name Alg = Volume Shape_Violation_USL = 90000 ;  ( The Max bump volume allowed. )  Shape_Violatio","-662206"
"C:\job\VCAM x20 Scan Area\Setup1\Recipes\x20\ScanOverlapLog.txt",".txt","450","2025-03-18 11:40","2026-05-17 11:18","Scan 2d Overlap [px], [um]; Pixel size = 0.421, 0.42 Minimum             :    32,   32,   13,   13 Detection           :","-611978"
"C:\job\VCAM x20 Scan Area\Setup1\Recipes\x20\ScenariosMetadatas.ini",".ini","1305","2025-02-11 14:25","2026-05-17 11:18","[General] Version=1 [Scan2d] Id=5c0a78a1-e594-4919-b46e-1127b9caa0fa OpticsId=d092f72c-aa74-44ea-8b1b-89acbdc560be Refer","-662213"
"C:\job\VCAM x20 Scan Area\Setup1\Recipes\x20\UniqueArea.ini",".ini","20","2025-02-11 14:19","2026-05-17 11:18","[General] Count=0 ","-662219"
"C:\job\VCAM x20 Scan Area\Setup1\Recipes\x20\Wafer2Table.ini",".ini","1131","2025-03-18 11:40","2026-05-17 11:18","[WAFER ALIGNMENT] Wafer2Table_X=          0.9999874645        -0.0007902150   -157295.9719208057 Wafer2Table_Y=         ","-611977"
"C:\job\VCAM x20 Scan Area\Setup1\Recipes\x20\WaferDataReadSettings.xml",".xml","195","2025-02-11 14:19","2026-05-17 11:18","<?xml version=""1.0""?> <WaferDataReadSettings xmlns:xsi=""http://www.w3.org/2001/XMLSchema-instance"" xmlns:xsd=""http://www","-662219"
"C:\job\VCAM x20 Scan Area\Setup1\Recipes\x20\Waferinfo.ini",".ini","381","2025-03-18 11:39","2026-05-17 11:18","[Robot] SideUp=1 Rotation=0 UnloadRotation=0 [General] hd_robot=False InkBinList= LimitNumberOfInkedDice=0 hd_cmm=False ","-611978"
"C:\job\VCAM x20 Scan Area\Setup1\Recipes\x20\WaferMapRecipe.ini",".ini","28","2025-02-11 14:19","2026-05-17 11:18","[GENERAL] MappingCorner=3 ","-662219"
"C:\job\VCAM x20 Scan Area\Setup1\Recipes\x20\WaferToRefWafer.ini",".ini","171","2025-02-11 17:28","2026-05-17 11:18","[WaferToRefWafer] RW_2_SW_X=          1.0000003277         0.0000006207         7.6925479297 RW_2_SW_Y=         -0.00000","-662029"
"C:\job\VCAM x20 Scan Area\Setup1\Recipes\x20\zones.ini",".ini","210","2025-02-11 14:37","2026-05-17 11:18","[General] Version=11 [ALGName] 255=PostProcess 0=Scan Area [ALG] 255=PostProcess 0=Surface [BinCodes] 255=-1 0=-1 [Color","-662200"
"C:\job\VCAM x20 Scan Area\Setup1\Recipes\x20\zones.txt",".txt","170","2025-02-11 14:37","2026-05-17 11:18","ScaleX =    1.0000000000; ScaleY =    1.0000000000   RefID       X        Y  Zone Count      Shape Data       1   7823.5","-662200"
"C:\job\VCAM x20 Scan Area\Setup1\Recipes\x20\ZoomLevels.ini",".ini","308","2025-02-11 14:25","2026-05-17 11:18","[ZOOM_LEVELS] LEVEL_1=1 SaveCompressed=0 LEVEL_2=1 LEVEL_4=1 LEVEL_8=1 LEVEL_16=1 [LEVEL_1] SizeX=14739 SizeY=14746 [LEV","-662213"
"C:\job\VCAM x20 Scan Area\Setup1\Recipes\x20\.dc_cache\TransactionsHistory.ini",".ini","366","2025-02-11 14:19","2026-05-17 11:18","[DeprecatedInV0] Namespace.RuntimeEntities.RecipePartsCollection_Runtime|RecipePartsCollection|CleanReferenceParams=1 Na","-662219"
"C:\job\VCAM x20 Scan Area\Setup1\Recipes\x20\DebugAFMapping\108317,  19209_focusCurve.txt",".txt","859","2025-02-11 14:19","2026-05-17 11:18","Position Focus Measure ======== ============= 77785.40  355.615814 77788.60  401.340637 77792.60  458.926239 77796.70  5","-662219"
"C:\job\VCAM x20 Scan Area\Setup1\Recipes\x20\DebugAFMapping\108317,  50709_focusCurve.txt",".txt","858","2025-02-11 14:19","2026-05-17 11:18","Position Focus Measure ======== ============= 77788.80  377.370911 77792.20  426.260010 77796.20  483.184967 77800.20  5","-662219"
"C:\job\VCAM x20 Scan Area\Setup1\Recipes\x20\DebugAFMapping\108317,  82209_focusCurve.txt",".txt","859","2025-02-11 14:19","2026-05-17 11:18","Position Focus Measure ======== ============= 77792.40  345.694031 77796.70  401.790253 77800.70  458.397522 77804.70  5","-662219"
"C:\job\VCAM x20 Scan Area\Setup1\Recipes\x20\DebugAFMapping\108317, 126309_focusCurve.txt",".txt","859","2025-02-11 14:19","2026-05-17 11:18","Position Focus Measure ======== ============= 77793.10  264.433075 77796.50  307.598663 77800.50  360.189819 77804.50  4","-662219"
"C:\job\VCAM x20 Scan Area\Setup1\Recipes\x20\DebugAFMapping\108317, 183009_focusCurve.txt",".txt","859","2025-02-11 14:19","2026-05-17 11:18","Position Focus Measure ======== ============= 77794.20  323.442657 77797.60  368.409454 77801.60  423.620300 77805.60  4","-662219"
"C:\job\VCAM x20 Scan Area\Setup1\Recipes\x20\DebugAFMapping\108317, 290109_focusCurve.txt",".txt","859","2025-02-11 14:19","2026-05-17 11:18","Position Focus Measure ======== ============= 77798.10  189.717453 77802.40  231.180664 77806.40  278.427216 77810.40  3","-662219"
"C:\job\VCAM x20 Scan Area\Setup1\Recipes\x20\DebugAFMapping\114617, 264909_focusCurve.txt",".txt","859","2025-02-11 14:19","2026-05-17 11:18","Position Focus Measure ======== ============= 77800.40  232.343628 77804.70  280.775879 77808.70  331.581604 77812.80  3","-662219"
"C:\job\VCAM x20 Scan Area\Setup1\Recipes\x20\DebugAFMapping\120917, 233409_focusCurve.txt",".txt","859","2025-02-11 14:19","2026-05-17 11:18","Position Focus Measure ======== ============= 77799.30  248.242477 77803.50  298.430237 77807.60  349.286957 77811.60  4","-662219"
"C:\job\VCAM x20 Scan Area\Setup1\Recipes\x20\DebugAFMapping\127217, 107409_focusCurve.txt",".txt","860","2025-02-11 14:19","2026-05-17 11:18","Position Focus Measure ======== ============= 77794.60  325.943573 77798.90  379.974548 77802.90  435.238708 77806.90  4","-662219"
"C:\job\VCAM x20 Scan Area\Setup1\Recipes\x20\DebugAFMapping\127217, 201909_focusCurve.txt",".txt","859","2025-02-11 14:19","2026-05-17 11:18","Position Focus Measure ======== ============= 77799.50  295.069733 77803.80  350.479980 77807.80  404.118561 77811.80  4","-662219"
"C:\job\VCAM x20 Scan Area\Setup1\Recipes\x20\DebugAFMapping\133517,  12909_focusCurve.txt",".txt","859","2025-02-11 14:19","2026-05-17 11:18","Position Focus Measure ======== ============= 77788.40  417.265991 77792.70  479.999298 77796.80  540.733093 77800.80  6","-662219"
"C:\job\VCAM x20 Scan Area\Setup1\Recipes\x20\DebugAFMapping\133517,  38109_focusCurve.txt",".txt","859","2025-02-11 14:19","2026-05-17 11:18","Position Focus Measure ======== ============= 77792.00  403.315887 77796.30  461.165283 77800.30  521.929565 77804.20  5","-662219"
"C:\job\VCAM x20 Scan Area\Setup1\Recipes\x20\DebugAFMapping\133517,  69609_focusCurve.txt",".txt","859","2025-02-11 14:19","2026-05-17 11:18","Position Focus Measure ======== ============= 77789.80  295.958282 77793.10  343.272064 77797.10  392.513947 77801.10  4","-662219"
"C:\job\VCAM x20 Scan Area\Setup1\Recipes\x20\DebugAFMapping\133517, 138909_focusCurve.txt",".txt","859","2025-02-11 14:19","2026-05-17 11:18","Position Focus Measure ======== ============= 77797.80  303.291992 77802.00  357.965790 77806.10  415.323669 77810.00  4","-662219"
"C:\job\VCAM x20 Scan Area\Setup1\Recipes\x20\DebugAFMapping\133517, 170409_focusCurve.txt",".txt","860","2025-02-11 14:19","2026-05-17 11:18","Position Focus Measure ======== ============= 77793.30  240.325455 77796.60  281.399445 77800.60  332.680206 77804.60  3","-662219"
"C:\job\VCAM x20 Scan Area\Setup1\Recipes\x20\DebugAFMapping\133517, 296409_focusCurve.txt",".txt","859","2025-02-11 14:19","2026-05-17 11:18","Position Focus Measure ======== ============= 77793.60  151.123047 77797.00  176.297974 77800.90  214.422699 77804.90  2","-662219"
"C:\job\VCAM x20 Scan Area\Setup1\Recipes\x20\DebugAFMapping\13817, 145209_focusCurve.txt",".txt","859","2025-02-11 14:19","2026-05-17 11:18","Position Focus Measure ======== ============= 77795.00  279.075958 77799.20  331.097473 77803.20  383.039063 77807.20  4","-662219"
"C:\job\VCAM x20 Scan Area\Setup1\Recipes\x20\DebugAFMapping\13817, 170409_focusCurve.txt",".txt","858","2025-02-11 14:19","2026-05-17 11:18","Position Focus Measure ======== ============= 77791.00  226.570496 77794.40  265.191254 77798.40  314.262268 77802.40  3","-662219"
"C:\job\VCAM x20 Scan Area\Setup1\Recipes\x20\DebugAFMapping\146117,  12909_focusCurve.txt",".txt","859","2025-02-11 14:19","2026-05-17 11:18","Position Focus Measure ======== ============= 77783.90  350.492371 77787.20  398.265564 77791.20  456.218842 77795.20  5","-662219"
"C:\job\VCAM x20 Scan Area\Setup1\Recipes\x20\DebugAFMapping\146117, 239709_focusCurve.txt",".txt","859","2025-02-11 14:19","2026-05-17 11:18","Position Focus Measure ======== ============= 77792.80  174.675476 77796.20  205.685455 77800.20  249.832214 77804.20  2","-662219"
"C:\job\VCAM x20 Scan Area\Setup1\Recipes\x20\DebugAFMapping\146117, 271209_focusCurve.txt",".txt","859","2025-02-11 14:19","2026-05-17 11:18","Position Focus Measure ======== ============= 77794.70  154.238907 77798.10  181.064636 77802.10  219.639145 77806.00  2","-662219"
"C:\job\VCAM x20 Scan Area\Setup1\Recipes\x20\DebugAFMapping\152417,  94809_focusCurve.txt",".txt","860","2025-02-11 14:19","2026-05-17 11:18","Position Focus Measure ======== ============= 77787.20  239.341644 77790.50  279.576904 77794.50  332.230927 77798.50  3","-662219"
"C:\job\VCAM x20 Scan Area\Setup1\Recipes\x20\DebugAFMapping\152417, 126309_focusCurve.txt",".txt","859","2025-02-11 14:19","2026-05-17 11:18","Position Focus Measure ======== ============= 77792.90  260.982574 77796.20  303.560516 77800.20  355.795105 77804.20  4","-662219"
"C:\job\VCAM x20 Scan Area\Setup1\Recipes\x20\DebugAFMapping\152417, 151509_focusCurve.txt",".txt","1395","2025-02-11 14:19","2026-05-17 11:18","Position Focus Measure ======== ============= 77741.20  52.636612 77744.60  55.093678 77748.60  58.390202 77752.60  62.8","-662219"
"C:\job\VCAM x20 Scan Area\Setup1\Recipes\x20\DebugAFMapping\152417, 183009_focusCurve.txt",".txt","859","2025-02-11 14:19","2026-05-17 11:18","Position Focus Measure ======== ============= 77798.90  302.663483 77803.20  354.024017 77807.20  408.052216 77811.30  4","-662219"
"C:\job\VCAM x20 Scan Area\Setup1\Recipes\x20\DebugAFMapping\152417, 214509_focusCurve.txt",".txt","860","2025-02-11 14:19","2026-05-17 11:18","Position Focus Measure ======== ============= 77794.20  199.126419 77797.50  234.183762 77801.50  282.118011 77805.50  3","-662219"
"C:\job\VCAM x20 Scan Area\Setup1\Recipes\x20\DebugAFMapping\152417, 296409_focusCurve.txt",".txt","859","2025-02-11 14:19","2026-05-17 11:18","Position Focus Measure ======== ============= 77797.80  201.293060 77802.10  245.315643 77806.10  292.955536 77810.10  3","-662219"
"C:\job\VCAM x20 Scan Area\Setup1\Recipes\x20\DebugAFMapping\165017,  38109_focusCurve.txt",".txt","859","2025-02-11 14:19","2026-05-17 11:18","Position Focus Measure ======== ============= 77786.70  337.708649 77789.90  381.400543 77793.90  438.599609 77797.90  4","-662219"
"C:\job\VCAM x20 Scan Area\Setup1\Recipes\x20\DebugAFMapping\165017,  69609_focusCurve.txt",".txt","859","2025-02-11 14:19","2026-05-17 11:18","Position Focus Measure ======== ============= 77794.00  356.880768 77798.30  413.172577 77802.30  468.669006 77806.30  5","-662219"
"C:\job\VCAM x20 Scan Area\Setup1\Recipes\x20\DebugAFMapping\171317,  12909_focusCurve.txt",".txt","859","2025-02-11 14:19","2026-05-17 11:18","Position Focus Measure ======== ============= 77788.70  446.548615 77793.00  510.504089 77797.10  576.915344 77801.00  6","-662219"
"C:\job\VCAM x20 Scan Area\Setup1\Recipes\x20\DebugAFMapping\177617, 138909_focusCurve.txt",".txt","859","2025-02-11 14:19","2026-05-17 11:18","Position Focus Measure ======== ============= 77797.00  299.578217 77801.20  353.767212 77805.20  411.063293 77809.20  4","-662219"
"C:\job\VCAM x20 Scan Area\Setup1\Recipes\x20\DebugAFMapping\177617, 170409_focusCurve.txt",".txt","859","2025-02-11 14:19","2026-05-17 11:18","Position Focus Measure ======== ============= 77793.70  276.378967 77797.00  318.080383 77801.00  374.328094 77805.00  4","-662219"
"C:\job\VCAM x20 Scan Area\Setup1\Recipes\x20\DebugAFMapping\177617, 239709_focusCurve.txt",".txt","859","2025-02-11 14:19","2026-05-17 11:18","Position Focus Measure ======== ============= 77798.90  256.262054 77803.10  306.237091 77807.10  357.929657 77811.10  4","-662219"
"C:\job\VCAM x20 Scan Area\Setup1\Recipes\x20\DebugAFMapping\177617, 271209_focusCurve.txt",".txt","859","2025-02-11 14:19","2026-05-17 11:18","Position Focus Measure ======== ============= 77797.90  189.682648 77802.10  231.369507 77806.10  276.428680 77810.20  3","-662219"
"C:\job\VCAM x20 Scan Area\Setup1\Recipes\x20\DebugAFMapping\177617, 296409_focusCurve.txt",".txt","859","2025-02-11 14:19","2026-05-17 11:18","Position Focus Measure ======== ============= 77796.70  171.010040 77801.00  209.775864 77805.00  251.603561 77809.00  2","-662219"
"C:\job\VCAM x20 Scan Area\Setup1\Recipes\x20\DebugAFMapping\183917, 107409_focusCurve.txt",".txt","860","2025-02-11 14:19","2026-05-17 11:18","Position Focus Measure ======== ============= 77794.60  333.251862 77798.90  389.742371 77802.90  444.788574 77806.90  5","-662219"
"C:\job\VCAM x20 Scan Area\Setup1\Recipes\x20\DebugAFMapping\183917, 201909_focusCurve.txt",".txt","859","2025-02-11 14:19","2026-05-17 11:18","Position Focus Measure ======== ============= 77797.00  243.061188 77801.30  294.299194 77805.30  344.403931 77809.30  3","-662219"
"C:\job\VCAM x20 Scan Area\Setup1\Recipes\x20\DebugAFMapping\190217,  75909_focusCurve.txt",".txt","860","2025-02-11 14:19","2026-05-17 11:18","Position Focus Measure ======== ============= 77787.70  280.204193 77791.00  321.009369 77795.00  372.883087 77799.00  4","-662219"
"C:\job\VCAM x20 Scan Area\Setup1\Recipes\x20\DebugAFMapping\196517,  19209_focusCurve.txt",".txt","860","2025-02-11 14:19","2026-05-17 11:18","Position Focus Measure ======== ============= 77783.50  333.144287 77786.90  382.328400 77790.80  435.596558 77794.90  4","-662219"
"C:\job\VCAM x20 Scan Area\Setup1\Recipes\x20\DebugAFMapping\196517,  44409_focusCurve.txt",".txt","859","2025-02-11 14:19","2026-05-17 11:18","Position Focus Measure ======== ============= 77789.30  341.128204 77793.50  399.327972 77797.70  454.866455 77801.60  5","-662219"
"C:\job\VCAM x20 Scan Area\Setup1\Recipes\x20\DebugAFMapping\196517, 290109_focusCurve.txt",".txt","859","2025-02-11 14:19","2026-05-17 11:18","Position Focus Measure ======== ============= 77790.20  131.733627 77793.60  153.313782 77797.60  185.520340 77801.60  2","-662219"
"C:\job\VCAM x20 Scan Area\Setup1\Recipes\x20\DebugAFMapping\20117, 120009_focusCurve.txt",".txt","859","2025-02-11 14:19","2026-05-17 11:18","Position Focus Measure ======== ============= 77791.30  245.216690 77794.60  286.092072 77798.70  337.460632 77802.60  3","-662219"
"C:\job\VCAM x20 Scan Area\Setup1\Recipes\x20\DebugAFMapping\20117, 189309_focusCurve.txt",".txt","858","2025-02-11 14:19","2026-05-17 11:18","Position Focus Measure ======== ============= 77797.20  264.378906 77801.50  315.086487 77805.50  366.384155 77809.50  4","-662219"
"C:\job\VCAM x20 Scan Area\Setup1\Recipes\x20\DebugAFMapping\202817, 126309_focusCurve.txt",".txt","860","2025-02-11 14:19","2026-05-17 11:18","Position Focus Measure ======== ============= 77791.30  241.404068 77794.60  283.366974 77798.60  335.602295 77802.60  3","-662219"
"C:\job\VCAM x20 Scan Area\Setup1\Recipes\x20\DebugAFMapping\202817, 183009_focusCurve.txt",".txt","859","2025-02-11 14:19","2026-05-17 11:18","Position Focus Measure ======== ============= 77793.40  246.615784 77796.80  289.562531 77800.70  342.489258 77804.80  3","-662219"
"C:\job\VCAM x20 Scan Area\Setup1\Recipes\x20\DebugAFMapping\202817, 227109_focusCurve.txt",".txt","859","2025-02-11 14:19","2026-05-17 11:18","Position Focus Measure ======== ============= 77793.80  199.247925 77797.20  234.943832 77801.20  281.292877 77805.20  3","-662219"
"C:\job\VCAM x20 Scan Area\Setup1\Recipes\x20\DebugAFMapping\202817, 258609_focusCurve.txt",".txt","859","2025-02-11 14:19","2026-05-17 11:18","Position Focus Measure ======== ============= 77795.40  172.732346 77798.80  202.965393 77802.80  245.530960 77806.80  2","-662219"
"C:\job\VCAM x20 Scan Area\Setup1\Recipes\x20\DebugAFMapping\215417,  25509_focusCurve.txt",".txt","859","2025-02-11 14:19","2026-05-17 11:18","Position Focus Measure ======== ============= 77789.00  444.856750 77793.30  506.154663 77797.40  572.882507 77801.30  6","-662219"
"C:\job\VCAM x20 Scan Area\Setup1\Recipes\x20\DebugAFMapping\215417,  94809_focusCurve.txt",".txt","859","2025-02-11 14:19","2026-05-17 11:18","Position Focus Measure ======== ============= 77794.70  342.445190 77799.00  401.364990 77803.00  455.599792 77806.90  5","-662219"
"C:\job\VCAM x20 Scan Area\Setup1\Recipes\x20\DebugAFMapping\215417, 151509_focusCurve.txt",".txt","859","2025-02-11 14:19","2026-05-17 11:18","Position Focus Measure ======== ============= 77796.80  287.581024 77801.10  343.161591 77805.10  396.467255 77809.10  4","-662219"
"C:\job\VCAM x20 Scan Area\Setup1\Recipes\x20\DebugAFMapping\215417, 283809_focusCurve.txt",".txt","859","2025-02-11 14:19","2026-05-17 11:18","Position Focus Measure ======== ============= 77796.50  175.596222 77800.70  214.374344 77804.70  258.816925 77808.70  3","-662219"
"C:\job\VCAM x20 Scan Area\Setup1\Recipes\x20\DebugAFMapping\221717,  57009_focusCurve.txt",".txt","859","2025-02-11 14:19","2026-05-17 11:18","Position Focus Measure ======== ============= 77788.10  298.382324 77791.40  342.558502 77795.50  398.235474 77799.50  4","-662219"
"C:\job\VCAM x20 Scan Area\Setup1\Recipes\x20\DebugAFMapping\228017,  31809_focusCurve.txt",".txt","859","2025-02-11 14:19","2026-05-17 11:18","Position Focus Measure ======== ============= 77784.10  347.416656 77787.40  392.169067 77791.30  448.994171 77795.40  5","-662219"
"C:\job\VCAM x20 Scan Area\Setup1\Recipes\x20\DebugAFMapping\228017, 201909_focusCurve.txt",".txt","859","2025-02-11 14:19","2026-05-17 11:18","Position Focus Measure ======== ============= 77799.10  287.779419 77803.40  339.783569 77807.40  395.312073 77811.40  4","-662219"
"C:\job\VCAM x20 Scan Area\Setup1\Recipes\x20\DebugAFMapping\228017, 246009_focusCurve.txt",".txt","859","2025-02-11 14:19","2026-05-17 11:18","Position Focus Measure ======== ============= 77800.30  274.936462 77804.60  326.929291 77808.60  380.364166 77812.70  4","-662219"
"C:\job\VCAM x20 Scan Area\Setup1\Recipes\x20\DebugAFMapping\234317, 120009_focusCurve.txt",".txt","859","2025-02-11 14:19","2026-05-17 11:18","Position Focus Measure ======== ============= 77791.70  256.279358 77795.10  299.047974 77799.10  349.406891 77803.10  4","-662219"
"C:\job\VCAM x20 Scan Area\Setup1\Recipes\x20\DebugAFMapping\234317, 271209_focusCurve.txt",".txt","859","2025-02-11 14:19","2026-05-17 11:18","Position Focus Measure ======== ============= 77793.50  154.790909 77796.80  181.656219 77800.80  220.317001 77804.80  2","-662219"
"C:\job\VCAM x20 Scan Area\Setup1\Recipes\x20\DebugAFMapping\240617, 145209_focusCurve.txt",".txt","859","2025-02-11 14:19","2026-05-17 11:18","Position Focus Measure ======== ============= 77795.20  263.456848 77799.50  314.832886 77803.50  368.188751 77807.50  4","-662219"
"C:\job\VCAM x20 Scan Area\Setup1\Recipes\x20\DebugAFMapping\240617, 176709_focusCurve.txt",".txt","859","2025-02-11 14:19","2026-05-17 11:18","Position Focus Measure ======== ============= 77792.60  325.785187 77796.00  370.522675 77800.00  425.916107 77804.00  4","-662219"
"C:\job\VCAM x20 Scan Area\Setup1\Recipes\x20\DebugAFMapping\246917,  82209_focusCurve.txt",".txt","859","2025-02-11 14:19","2026-05-17 11:18","Position Focus Measure ======== ============= 77794.30  326.699249 77798.60  379.059906 77802.60  434.882050 77806.60  4","-662219"
"C:\job\VCAM x20 Scan Area\Setup1\Recipes\x20\DebugAFMapping\253217,  50709_focusCurve.txt",".txt","859","2025-02-11 14:19","2026-05-17 11:18","Position Focus Measure ======== ============= 77785.30  295.654022 77789.50  347.269897 77793.60  405.135834 77797.60  4","-662219"
"C:\job\VCAM x20 Scan Area\Setup1\Recipes\x20\DebugAFMapping\253217, 220809_focusCurve.txt",".txt","859","2025-02-11 14:19","2026-05-17 11:18","Position Focus Measure ======== ============= 77793.80  180.884659 77797.20  214.054443 77801.20  257.390656 77805.20  3","-662219"
"C:\job\VCAM x20 Scan Area\Setup1\Recipes\x20\DebugAFMapping\253217, 258609_focusCurve.txt",".txt","859","2025-02-11 14:19","2026-05-17 11:18","Position Focus Measure ======== ============= 77797.70  204.392944 77802.00  249.493774 77806.00  296.396393 77810.00  3","-662219"
"C:\job\VCAM x20 Scan Area\Setup1\Recipes\x20\DebugAFMapping\259517, 107409_focusCurve.txt",".txt","859","2025-02-11 14:19","2026-05-17 11:18","Position Focus Measure ======== ============= 77787.80  220.301025 77791.10  258.245209 77795.10  306.178650 77799.10  3","-662219"
"C:\job\VCAM x20 Scan Area\Setup1\Recipes\x20\DebugAFMapping\26417, 101109_focusCurve.txt",".txt","859","2025-02-11 14:19","2026-05-17 11:18","Position Focus Measure ======== ============= 77793.40  301.468384 77797.60  355.636139 77801.70  407.317230 77805.60  4","-662219"
"C:\job\VCAM x20 Scan Area\Setup1\Recipes\x20\DebugAFMapping\26417, 214509_focusCurve.txt",".txt","859","2025-02-11 14:19","2026-05-17 11:18","Position Focus Measure ======== ============= 77791.40  184.651825 77794.70  217.576706 77798.80  262.088989 77802.70  3","-662219"
"C:\job\VCAM x20 Scan Area\Setup1\Recipes\x20\DebugAFMapping\265817,  63309_focusCurve.txt",".txt","859","2025-02-11 14:19","2026-05-17 11:18","Position Focus Measure ======== ============= 77779.40  195.685287 77782.80  232.182053 77786.80  278.909088 77790.80  3","-662219"
"C:\job\VCAM x20 Scan Area\Setup1\Recipes\x20\DebugAFMapping\265817, 195609_focusCurve.txt",".txt","859","2025-02-11 14:19","2026-05-17 11:18","Position Focus Measure ======== ============= 77797.30  233.213531 77801.50  281.400391 77805.60  330.938354 77809.50  3","-662219"
"C:\job\VCAM x20 Scan Area\Setup1\Recipes\x20\DebugAFMapping\265817, 239709_focusCurve.txt",".txt","859","2025-02-11 14:19","2026-05-17 11:18","Position Focus Measure ======== ============= 77792.90  174.346237 77796.20  205.627457 77800.20  247.470200 77804.20  2","-662219"
"C:\job\VCAM x20 Scan Area\Setup1\Recipes\x20\DebugAFMapping\272117, 132609_focusCurve.txt",".txt","859","2025-02-11 14:19","2026-05-17 11:18","Position Focus Measure ======== ============= 77796.10  278.119385 77800.40  331.264252 77804.40  384.143372 77808.40  4","-662219"
"C:\job\VCAM x20 Scan Area\Setup1\Recipes\x20\DebugAFMapping\272117, 164109_focusCurve.txt",".txt","859","2025-02-11 14:19","2026-05-17 11:18","Position Focus Measure ======== ============= 77791.70  203.008942 77795.10  239.391525 77799.10  287.108063 77803.10  3","-662219"
"C:\job\VCAM x20 Scan Area\Setup1\Recipes\x20\DebugAFMapping\278417,  88509_focusCurve.txt",".txt","860","2025-02-11 14:19","2026-05-17 11:18","Position Focus Measure ======== ============= 77793.80  384.492920 77798.10  442.426819 77802.10  501.782684 77806.00  5","-662219"
"C:\job\VCAM x20 Scan Area\Setup1\Recipes\x20\DebugAFMapping\278417, 220809_focusCurve.txt",".txt","859","2025-02-11 14:19","2026-05-17 11:18","Position Focus Measure ======== ============= 77797.90  235.683838 77802.20  284.272491 77806.20  335.588165 77810.20  3","-662219"
"C:\job\VCAM x20 Scan Area\Setup1\Recipes\x20\DebugAFMapping\291017, 107409_focusCurve.txt",".txt","860","2025-02-11 14:19","2026-05-17 11:18","Position Focus Measure ======== ============= 77791.50  296.387573 77794.90  342.298065 77799.00  396.468872 77802.90  4","-662219"
"C:\job\VCAM x20 Scan Area\Setup1\Recipes\x20\DebugAFMapping\291017, 201909_focusCurve.txt",".txt","859","2025-02-11 14:19","2026-05-17 11:18","Position Focus Measure ======== ============= 77793.60  201.912567 77796.90  237.318283 77801.00  285.569275 77804.90  3","-662219"
"C:\job\VCAM x20 Scan Area\Setup1\Recipes\x20\DebugAFMapping\297317, 132609_focusCurve.txt",".txt","859","2025-02-11 14:19","2026-05-17 11:18","Position Focus Measure ======== ============= 77796.40  307.749664 77800.70  359.863159 77804.70  416.995941 77808.60  4","-662219"
"C:\job\VCAM x20 Scan Area\Setup1\Recipes\x20\DebugAFMapping\297317, 151509_focusCurve.txt",".txt","859","2025-02-11 14:19","2026-05-17 11:18","Position Focus Measure ======== ============= 77791.90  219.863495 77795.20  258.472351 77799.20  307.357239 77803.20  3","-662219"
"C:\job\VCAM x20 Scan Area\Setup1\Recipes\x20\DebugAFMapping\297317, 176709_focusCurve.txt",".txt","859","2025-02-11 14:19","2026-05-17 11:18","Position Focus Measure ======== ============= 77798.40  266.893036 77802.70  318.786499 77806.70  370.914703 77810.70  4","-662219"
"C:\job\VCAM x20 Scan Area\Setup1\Recipes\x20\DebugAFMapping\39017,  75909_focusCurve.txt",".txt","859","2025-02-11 14:19","2026-05-17 11:18","Position Focus Measure ======== ============= 77789.10  283.040314 77792.40  323.569427 77796.40  375.660583 77800.40  4","-662219"
"C:\job\VCAM x20 Scan Area\Setup1\Recipes\x20\DebugAFMapping\39017, 145209_focusCurve.txt",".txt","859","2025-02-11 14:19","2026-05-17 11:18","Position Focus Measure ======== ============= 77790.70  215.948257 77794.00  255.338867 77798.00  302.253754 77802.00  3","-662219"
"C:\job\VCAM x20 Scan Area\Setup1\Recipes\x20\DebugAFMapping\39017, 176709_focusCurve.txt",".txt","858","2025-02-11 14:19","2026-05-17 11:18","Position Focus Measure ======== ============= 77797.00  268.050079 77801.30  320.267090 77805.30  369.326599 77809.30  4","-662219"
"C:\job\VCAM x20 Scan Area\Setup1\Recipes\x20\DebugAFMapping\39017, 233409_focusCurve.txt",".txt","859","2025-02-11 14:19","2026-05-17 11:18","Position Focus Measure ======== ============= 77793.10  232.144089 77797.40  279.410217 77801.40  331.603607 77805.40  3","-662219"
"C:\job\VCAM x20 Scan Area\Setup1\Recipes\x20\DebugAFMapping\45317, 113709_focusCurve.txt",".txt","859","2025-02-11 14:19","2026-05-17 11:18","Position Focus Measure ======== ============= 77795.60  306.128479 77799.90  358.757477 77803.90  410.706787 77807.90  4","-662219"
"C:\job\VCAM x20 Scan Area\Setup1\Recipes\x20\DebugAFMapping\51617,  57009_focusCurve.txt",".txt","859","2025-02-11 14:19","2026-05-17 11:18","Position Focus Measure ======== ============= 77792.90  389.929688 77797.20  444.830475 77801.20  507.435608 77805.20  5","-662219"
"C:\job\VCAM x20 Scan Area\Setup1\Recipes\x20\DebugAFMapping\51617, 201909_focusCurve.txt",".txt","859","2025-02-11 14:19","2026-05-17 11:18","Position Focus Measure ======== ============= 77794.40  204.338943 77797.80  241.034500 77801.70  286.777435 77805.70  3","-662219"
"C:\job\VCAM x20 Scan Area\Setup1\Recipes\x20\DebugAFMapping\51617, 252309_focusCurve.txt",".txt","859","2025-02-11 14:19","2026-05-17 11:18","Position Focus Measure ======== ============= 77794.10  182.701050 77797.50  216.133026 77801.50  259.106689 77805.50  3","-662219"
"C:\job\VCAM x20 Scan Area\Setup1\Recipes\x20\DebugAFMapping\57917,  88509_focusCurve.txt",".txt","859","2025-02-11 14:19","2026-05-17 11:18","Position Focus Measure ======== ============= 77790.20  265.802673 77793.60  308.804535 77797.60  358.766937 77801.60  4","-662219"
"C:\job\VCAM x20 Scan Area\Setup1\Recipes\x20\DebugAFMapping\64217,  44409_focusCurve.txt",".txt","859","2025-02-11 14:19","2026-05-17 11:18","Position Focus Measure ======== ============= 77786.70  340.865631 77789.90  386.914825 77793.90  439.988678 77797.90  4","-662219"
"C:\job\VCAM x20 Scan Area\Setup1\Recipes\x20\DebugAFMapping\64217, 227109_focusCurve.txt",".txt","859","2025-02-11 14:19","2026-05-17 11:18","Position Focus Measure ======== ============= 77798.60  241.851013 77802.90  290.412109 77806.90  340.077972 77811.00  3","-662219"
"C:\job\VCAM x20 Scan Area\Setup1\Recipes\x20\DebugAFMapping\64217, 264909_focusCurve.txt",".txt","859","2025-02-11 14:19","2026-05-17 11:18","Position Focus Measure ======== ============= 77797.70  201.467850 77802.00  246.935638 77806.10  294.592834 77810.10  3","-662219"
"C:\job\VCAM x20 Scan Area\Setup1\Recipes\x20\DebugAFMapping\70517, 132609_focusCurve.txt",".txt","859","2025-02-11 14:19","2026-05-17 11:18","Position Focus Measure ======== ============= 77797.50  321.701111 77801.70  376.346680 77805.80  429.005402 77809.70  4","-662219"
"C:\job\VCAM x20 Scan Area\Setup1\Recipes\x20\DebugAFMapping\70517, 164109_focusCurve.txt",".txt","859","2025-02-11 14:19","2026-05-17 11:18","Position Focus Measure ======== ============= 77792.10  228.566452 77795.50  269.350769 77799.50  318.155792 77803.50  3","-662219"
"C:\job\VCAM x20 Scan Area\Setup1\Recipes\x20\DebugAFMapping\76817, 189309_focusCurve.txt",".txt","859","2025-02-11 14:19","2026-05-17 11:18","Position Focus Measure ======== ============= 77798.70  273.852020 77803.00  328.018524 77807.10  379.098602 77811.10  4","-662219"
"C:\job\VCAM x20 Scan Area\Setup1\Recipes\x20\DebugAFMapping\83117,  31809_focusCurve.txt",".txt","859","2025-02-11 14:19","2026-05-17 11:18","Position Focus Measure ======== ============= 77788.40  430.845245 77792.70  488.179871 77796.80  553.831116 77800.80  6","-662219"
"C:\job\VCAM x20 Scan Area\Setup1\Recipes\x20\DebugAFMapping\83117,  63309_focusCurve.txt",".txt","859","2025-02-11 14:19","2026-05-17 11:18","Position Focus Measure ======== ============= 77795.60  379.845245 77799.80  439.805298 77803.80  497.752625 77807.80  5","-662219"
"C:\job\VCAM x20 Scan Area\Setup1\Recipes\x20\DebugAFMapping\83117, 107409_focusCurve.txt",".txt","859","2025-02-11 14:19","2026-05-17 11:18","Position Focus Measure ======== ============= 77792.40  262.816559 77795.70  305.198334 77799.70  357.874695 77803.70  4","-662219"
"C:\job\VCAM x20 Scan Area\Setup1\Recipes\x20\DebugAFMapping\83117, 277509_focusCurve.txt",".txt","859","2025-02-11 14:19","2026-05-17 11:18","Position Focus Measure ======== ============= 77790.80  148.102081 77794.10  173.578629 77798.10  210.914032 77802.10  2","-662219"
"C:\job\VCAM x20 Scan Area\Setup1\Recipes\x20\DebugAFMapping\89417, 252309_focusCurve.txt",".txt","859","2025-02-11 14:19","2026-05-17 11:18","Position Focus Measure ======== ============= 77795.30  216.188049 77798.60  254.588348 77802.60  302.423920 77806.60  3","-662219"
"C:\job\VCAM x20 Scan Area\Setup1\Recipes\x20\DebugAFMapping\95717, 151509_focusCurve.txt",".txt","859","2025-02-11 14:19","2026-05-17 11:18","Position Focus Measure ======== ============= 77797.90  309.589478 77802.20  366.113190 77806.20  420.068054 77810.20  4","-662219"
"C:\job\VCAM x20 Scan Area\Setup1\Recipes\x20\DebugAFMapping\95717, 214509_focusCurve.txt",".txt","859","2025-02-11 14:19","2026-05-17 11:18","Position Focus Measure ======== ============= 77793.90  198.653625 77797.20  235.801559 77801.20  281.436218 77805.20  3","-662219"
"C:\job\VCAM x20 Scan Area\Setup1\Recipes\x20\DebugAFMapping\FocusMappingDebug_x5.txt",".txt","13846","2025-02-11 14:19","2026-05-17 11:18","Id  ,   ,Match Score,AF Score,Final Score,     dZ, Range,Zchuck0, Zchuck, Zstage0,  Zstage, Wafer X, Wafer Y, Chuck X, C","-662219"
"C:\job\VCAM x20 Scan Area\Setup1\Recipes\x20\FocusMapping\FocusMapping.ini",".ini","2278","2025-02-17 09:10","2026-05-17 11:18","[Mode] AutoFocusRange=100 CreateSurfaceScore=Good MinMatchModelScore=Adequate DurationOfOneSite=3 NumOfDiceToScan=100 Re","-653888"
"C:\job\VCAM x20 Scan Area\Setup1\Recipes\x20\OpticLightMetadata\config.ini",".ini","292","2025-03-18 11:40","2026-05-17 11:18","[General] NominalDelta=0.000000000 Exist=0 targetPos_X=0.000000000 targetPos_Y=0.000000000 minY=0.000000000 minX=0.00000","-611978"
"C:\job\VCAM x20 Scan Area\Setup1\Recipes\x20\ReferenceBackup\ZoomLevels.ini",".ini","308","2025-02-11 14:25","2026-05-17 11:18","[ZOOM_LEVELS] LEVEL_1=1 SaveCompressed=0 LEVEL_2=1 LEVEL_4=1 LEVEL_8=1 LEVEL_16=1 [LEVEL_1] SizeX=14739 SizeY=14746 [LEV","-662213"
"C:\job\VCAM x20 Scan Area\Setup1\Recipes\x20\SW_QA-4\OpticsPreset.ini",".ini","70","2025-02-11 14:25","2026-05-17 11:18","[Chuck] CenterX=158151.296875 CenterY=140564.40625 CenterZ=-389.4 ","-662213"
"C:\job\VCAM x20 Scan Area\Setup1\Recipes\x20\TrainData\Die.ini",".ini","1078","2025-02-11 14:25","2026-05-17 11:18","[DIE] PixelSize_X=0.421070285562103 PixelSize_Y=0.421070285562103 FrameSizeX=2048 FrameSizeY=2048 Step_X=6299 Step_Y=630","-662213"
"C:\job\VCAM x20 Scan Area\Setup1\Recipes\x20\TrainData\DieRefToTrain.txt",".txt","298","2025-02-11 14:25","2026-05-17 11:18","[DieRefToTrainImage] DR_2_TI_X=0.999999993405982 0.000114839178434126 1246.04570807338 DR_2_TI_Y=-0.000114839178434126 0","-662213"
"C:\job\VCAM x20 Scan Area\Setup1\Recipes\x20\TrainData\FrameToChuck.ini",".ini","160","2025-02-11 14:22","2026-05-17 11:18","[FrameToChuck] F2C_X=          0.4210702696         0.0001159826      -431.2947222360 F2C_Y=         -0.0001159826      ","-662216"
"C:\job\VCAM x20 Scan Area\Setup1\Recipes\x20\TrainData\DieImage\DieImageToTable.ini",".ini","283","2025-02-11 14:24","2026-05-17 11:18","[DieImageToTable] I2T_X=0.421070262998297 -0.000137847363793708 -448.032480783547 I2T_Y=0.000137847363793708 0.421070262","-662214"
"C:\job\VCAM x20 Scan Area\Setup1\Recipes\x20\TrainData\DieImage\ZoomLevels.ini",".ini","315","2025-02-11 14:25","2026-05-17 11:18","[ZOOM_LEVELS] LEVEL_1=1 SaveCompressed=0 LEVEL_2=1 LEVEL_4=1 LEVEL_8=1 LEVEL_16=1 LEVEL_32=1 [LEVEL_1] SizeX=31428 SizeY","-662214"
"C:\job\VCAM x20 Scan Area\Setup1\Recipes\x20\WaferAlignData\Alignment_PatFindRtp.txt",".txt","485","2025-03-18 11:40","2026-05-17 11:18"," [11:40:03 03/18/25] Minimum Score           :  85    Minimum Start        :  90    Reduce Delta         :  10 Minimum T","-611979"
"C:\job\VCAM x20 Scan Area\Setup1\Recipes\x20\WaferAlignData\Alignment_PatRes.txt",".txt","1429","2025-03-18 11:40","2026-05-17 11:18"," [11:40:03 03/18/25] ==========================================================================================  #    Co","-611979"
"C:\job\VCAM x20 Scan Area\Setup1\Recipes\x20\WaferAlignData\Alignment_Stat.txt",".txt","1410","2025-03-18 11:40","2026-05-17 11:18","  [11:40:03 03/18/25] ==================================================================================================","-611979"
"C:\job\VCAM x20 Scan Area\Setup1\Recipes\x20\WaferAlignData\AlignmentData.ini",".ini","32","2025-03-18 11:40","2026-05-17 11:18","[General] AlignmentTime=14800 ","-611979"
"C:\job\VCAM x20 Scan Area\Setup1\Recipes\x20\WaferAlignData\AlignmentStatisticsTime.txt",".txt","166","2025-03-18 11:40","2026-05-17 11:18","Alignment Statistics Grabbing Counter=8 Total=2641 Average=330.125000 Moving Counter=8 Total=3423 Average=427.875000 Mov","-611979"
"C:\job\VCAM x20 Scan Area\Setup1\Recipes\x20\Zones\PostProcess.ini",".ini","1984","2025-02-17 09:21","2026-05-17 11:18","[General] ZoneName=PostProcess ZoneID=255 TypeName=PostProcess AutoTH=0 AutoProbe=0 [Volume] Enable=0 AlgorithmName=Volu","-653877"
"C:\job\VCAM x20 Scan Area\Setup1\Recipes\x20\Zones\Scan Area.ini",".ini","5693","2025-02-17 09:21","2026-05-17 11:18","[General] ZoneName=Scan Area ZoneID=63 TypeName=Surface AutoTH=0 AutoProbe=0 [Surface] Enable=1 AlgorithmName=Surface Cl","-653877"
"C:\job\Vcam_3MR_B4587\Metadata.ini",".ini","84","2026-03-25 10:32","2026-05-17 11:10","[General] name=Vcam_3MR_B4587 Id=f120c802-09f6-4a19-9743-5d95e3d66e90 Version=1 ","-76358"
"C:\job\Vcam_3MR_B4587\.audit\manifest.json",".json","408","2026-05-17 11:11","2026-05-17 11:10","{   ""jobName"": ""Vcam_3MR_B4587"",   ""auditDbVersion"": ""1"",   ""created"": {     ""machine"": ""AMITA1"",     ""at"": ""2026-05-17T","1"
"C:\job\Vcam_3MR_B4587\Setup1\DefaultWafer2Table.ini",".ini","1145","2026-03-24 15:08","2026-05-17 11:10","[WAFER ALIGNMENT] Wafer2Table_X=          1.0000012687         0.0002516770    157526.6170332742 Wafer2Table_Y=         ","-77522"
"C:\job\Vcam_3MR_B4587\Setup1\DefectsClustering.ini",".ini","236","2026-03-24 14:33","2026-05-17 11:10","[General] Enabled=0 ClusteringAfterMerge=0 Distance=0 SelectedFirstSortingList=Priority SelectedSecondSortingList=Area S","-77557"
"C:\job\Vcam_3MR_B4587\Setup1\DieAlignment.dat_block.ini",".ini","118","2026-03-25 11:16","2026-05-17 11:10","[General] IsMultiIndex=0 DieCount=1 [Die_0] Row=0 Col=0 PosX=0.000 PosY=0.000 SizeX=7307.000 SizeY=7310.000 ","-76314"
"C:\job\Vcam_3MR_B4587\Setup1\Metadata.ini",".ini","98","2026-03-25 11:14","2026-05-17 11:10","[General] name=Setup1 Id=bc2f7d5f-c177-4706-a451-37be5d6f4163 Version=1 LastActiveRecipe=x10 ","-76316"
"C:\job\Vcam_3MR_B4587\Setup1\MultiRecipe.ini",".ini","453","2026-03-25 10:35","2026-05-17 11:10","[Scan] MergingThreadCount=0 doSeparateRecipe=0 DoGrabAfterMerge=0 Recipes= recipe_1=0,x5,-1,0,0,0,100,1 recipe_2=0,x10,-","-76355"
"C:\job\Vcam_3MR_B4587\Setup1\ProductionInfo.ini",".ini","195","2026-03-25 10:38","2026-05-17 11:10","[General] WaferDefectsCount=0 WaferDefectDiceRatio=0.0000 WaferDefectClassId=0 WaferDefectClassIdCount=0 BatchPassWafers","-76352"
"C:\job\Vcam_3MR_B4587\Setup1\ScanCondition.ini",".ini","23","2026-03-24 15:04","2026-05-17 11:10","[General] IsActive=0 ","-77526"
"C:\job\Vcam_3MR_B4587\Setup1\Wafer2Table.ini",".ini","1147","2026-03-25 11:16","2026-05-17 11:10","[WAFER ALIGNMENT] Wafer2Table_X=          1.0000010760         0.0013559413    157662.8800843412 Wafer2Table_Y=         ","-76314"
"C:\job\Vcam_3MR_B4587\Setup1\Recipes\x1.2\Alignment.ini",".ini","53","2026-03-25 11:07","2026-05-17 11:10","[WAFER ALIGNMENT] CoarseAlignDone=1 Rotate  w2t=0 ","-76323"
"C:\job\Vcam_3MR_B4587\Setup1\Recipes\x1.2\AlignmentData.ini",".ini","820","2026-03-24 14:33","2026-05-17 11:10","[General] MinScore=85 MinTargetScore=0 IsAffineEnabled=1 AlignPointsNum=8 ForceToGMF=0 [Point_0] X=160610.512300576 Y=16","-77557"
"C:\job\Vcam_3MR_B4587\Setup1\Recipes\x1.2\AlignRtp.ini",".ini","2947","2026-03-25 11:07","2026-05-17 11:10","[DIE Alignment] Die__MinModelSize=32 Die__MinScore=85 Die__ExtraScanLength_um=0.000000 Die__ExtraScanLength_X_um=0.00000","-76323"
"C:\job\Vcam_3MR_B4587\Setup1\Recipes\x1.2\AQL.ini",".ini","512","2026-03-25 11:04","2026-05-17 11:10","[General] ckWaferAql2=0 optRandom-1=False optRandom-0=False ckWaferAql=0 fpRandomDice=1.0 fpWaferYield-2=1.0 txSlotListD","-76326"
"C:\job\Vcam_3MR_B4587\Setup1\Recipes\x1.2\CcsLocalMeas.ini",".ini","210","2026-03-24 14:15","2026-05-17 11:10","[ScanParams] MarginX=0 MarginY=0 ScanStepX=0 ScanStepY=0 ResultsToRevisit= ScanDefects_Enabled=0 ScanDefects_SizeX=0 Sca","-77575"
"C:\job\Vcam_3MR_B4587\Setup1\Recipes\x1.2\CleanReferenceFinalParams.ini",".ini","1055","2026-03-24 14:30","2026-05-17 11:10","[General] Version=2 [CleanRefParams] SizeX=2048 SizeY=2048 minCriteria=-2 maxCriteria=-1 minCreateMul=2 maxCreateMul=2 m","-77560"
"C:\job\Vcam_3MR_B4587\Setup1\Recipes\x1.2\CreateReference3dOptions.ini",".ini","415","2026-03-24 14:15","2026-05-17 11:10","[General] Version=0 Debug=0 [Registration] ReferenceRegBy=4 BigBlockRowsNumber=1000 YPartitionsNumber=3 MaxErrorPix=3 PS","-77575"
"C:\job\Vcam_3MR_B4587\Setup1\Recipes\x1.2\DefaultWafer2Table.ini",".ini","1131","2026-03-24 14:30","2026-05-17 11:10","[WAFER ALIGNMENT] Wafer2Table_X=          1.0000001737        -0.0002538207   -157488.5872604811 Wafer2Table_Y=         ","-77560"
"C:\job\Vcam_3MR_B4587\Setup1\Recipes\x1.2\DieAlignment.dat_block.ini",".ini","116","2026-03-24 14:30","2026-05-17 11:10","[General] IsMultiIndex=0 DieCount=1 [Die_0] Row=0 Col=0 PosX=0.000 PosY=0.000 SizeX=889.000 SizeY=891.000 ","-77560"
"C:\job\Vcam_3MR_B4587\Setup1\Recipes\x1.2\DieMapAlignRes.dat_block.ini",".ini","116","2026-03-24 14:30","2026-05-17 11:10","[General] IsMultiIndex=0 DieCount=1 [Die_0] Row=0 Col=0 PosX=0.000 PosY=0.000 SizeX=889.000 SizeY=891.000 ","-77560"
"C:\job\Vcam_3MR_B4587\Setup1\Recipes\x1.2\DieMapRegPos.txt",".txt","350","2026-03-24 14:30","2026-05-17 11:10","ScaleX =    1.0000000000; ScaleY =    1.0000000000   RefID       X        Y  Zone Count      Shape Data       1     65.0","-77560"
"C:\job\Vcam_3MR_B4587\Setup1\Recipes\x1.2\ExternalCoordSystems.ini",".ini","33","2026-03-24 14:17","2026-05-17 11:10","[ExternalCoordSystems] Count=0 ","-77573"
"C:\job\Vcam_3MR_B4587\Setup1\Recipes\x1.2\GlobalRTP.ini",".ini","3205","2026-03-24 14:33","2026-05-17 11:10","[GLOBAL_RTP] LSL_Height=100.000000 USL_Height=140.000000 NominalHeight=120.000000 BumpType=1 CCS_Step=3.000000 CCS_Step_","-77557"
"C:\job\Vcam_3MR_B4587\Setup1\Recipes\x1.2\ImageProcessing.log",".log","37","2026-03-24 14:30","2026-05-17 11:10","_previouseAlignmentDataExists = 0 ","-77560"
"C:\job\Vcam_3MR_B4587\Setup1\Recipes\x1.2\Metadata.ini",".ini","147","2026-03-24 15:16","2026-05-17 11:10","[General] name=R1 Id=8550fd46-9d76-402d-b9ba-fb882e3ac16d Version=0 [GeneralOnlineVerificationParams] UseSetGrabForOnlin","-77514"
"C:\job\Vcam_3MR_B4587\Setup1\Recipes\x1.2\OpticPreset.ini",".ini","798","2026-03-24 14:27","2026-05-17 11:10","[IllumConversion] Executed=0 [General] Signature=1 [Scan2d] Id=882b00cf-2366-43b4-a21b-277b79b6543b FocusPosAboveChuck=6","-77563"
"C:\job\Vcam_3MR_B4587\Setup1\Recipes\x1.2\OpticToVCamStorage.json",".json","360","2026-03-25 11:08","2026-05-17 11:10","[   {     ""OpticId"": ""882b00cf-2366-43b4-a21b-277b79b6543b"",     ""Scenario"": ""Scan"",     ""IsAutoFocus"": false,     ""Stor","-76322"
"C:\job\Vcam_3MR_B4587\Setup1\Recipes\x1.2\OverlayScan.ini",".ini","52","2026-03-24 14:15","2026-05-17 11:10","[General] Id=15e3e944-5213-a2e6-1f9a-936a20096750 ","-77575"
"C:\job\Vcam_3MR_B4587\Setup1\Recipes\x1.2\Params_AlignRTP.ini",".ini","2945","2026-03-24 14:30","2026-05-17 11:10","[DIE Alignment] Die__MinModelSize=0 Die__MinScore=50 Die__ExtraScanLength_um=0.000000 Die__ExtraScanLength_X_um=0.000000","-77560"
"C:\job\Vcam_3MR_B4587\Setup1\Recipes\x1.2\Params_SystemInfo.ini",".ini","2391","2026-03-24 14:30","2026-05-17 11:10","[SystemParams] Gain=0 GainFx=0 Offset=0 Distortion=0 SizeX=2048 SizeY=2048 OffsetX=0 OffsetY=0 CameraType=3 ImageSizeInB","-77560"
"C:\job\Vcam_3MR_B4587\Setup1\Recipes\x1.2\Params_WaferInfo.ini",".ini","1375","2026-03-24 14:30","2026-05-17 11:10","[Path] SetupPath=c:\job\MR_4587\Setup1\Recipes\R1\ RecipeName=R1 RecipePath=c:\job\MR_4587\Setup1\Recipes\R1\ ScanResult","-77560"
"C:\job\Vcam_3MR_B4587\Setup1\Recipes\x1.2\ProductInfo.ini",".ini","3015","2026-03-25 11:07","2026-05-17 11:10","[AutoFocus] SearchUseDefault=1 ScanDelta=0 OnLimitViolationAction=0 FocusVAriationLimit=0 LimitFocusVariation=0 RetriesC","-76323"
"C:\job\Vcam_3MR_B4587\Setup1\Recipes\x1.2\Recipe.ini",".ini","4975","2026-03-24 15:16","2026-05-17 11:10","[AutoCycle] AutoFocusEvery=1 ; None CleanReferenceEvery=1 ; None UnloadToAnotherCassette=0 ; Move wafers from Loadport A","-77514"
"C:\job\Vcam_3MR_B4587\Setup1\Recipes\x1.2\ReferencesInfo.json",".json","281","2026-03-24 14:31","2026-05-17 11:10","{   ""UseCleanReferenceFolder"": false,   ""PeformCleanOnPizza"": false,   ""ExcludeReferenceFromJob"": false,   ""RecipeID"": ""","-77559"
"C:\job\Vcam_3MR_B4587\Setup1\Recipes\x1.2\RTP.txt",".txt","5540","2026-03-24 14:33","2026-05-17 11:10","[PostProcess]   ; Zone name Alg = Warp_Direction_Calculation Inner_Radius_[Microns] = 1 ;  ( Radius of the inner circle,","-77557"
"C:\job\Vcam_3MR_B4587\Setup1\Recipes\x1.2\s_FrameData.dat.md",".md","2858","2026-03-24 14:30","2026-05-17 11:10","<root><RecordSize Size=""192""/><Fields><Field Name=""reclassify"" Id=""1073741824"" Offset=""0"" Vartype=""2""/><Field Name=""orgR","-77560"
"C:\job\Vcam_3MR_B4587\Setup1\Recipes\x1.2\SamplingMetrology.ini",".ini","73","2026-03-24 14:15","2026-05-17 11:10","[General] Version=0 Id=c8e1c45b-d4bd-35e0-edde-dd56362fce15 UseCSV=0 ","-77575"
"C:\job\Vcam_3MR_B4587\Setup1\Recipes\x1.2\ScanOverlapLog.txt",".txt","450","2026-03-25 11:07","2026-05-17 11:10","Scan 2d Overlap [px], [um]; Pixel size = 6.996, 7.00 Minimum             :    32,   32,  224,  224 Detection           :","-76323"
"C:\job\Vcam_3MR_B4587\Setup1\Recipes\x1.2\ScanOverviewImage_Recipes-R1.txt",".txt","321","2026-03-24 14:30","2026-05-17 11:10","[ScanOverviewImage] I_2_WM_X=         75.3662109375         0.0000000000         0.0000000000 I_2_WM_Y=          0.00000","-77560"
"C:\job\Vcam_3MR_B4587\Setup1\Recipes\x1.2\ScenarioMetadataGrab.xml",".xml","1359","2026-03-24 15:16","2026-05-17 11:10","<MultiOpticsScenarioGrabConfiguration VersionNumber=""2.0"">   <ScenarioGrab Id=""f4c0321b-aab5-4671-a7f9-9bb2cc636030"" Nam","-77514"
"C:\job\Vcam_3MR_B4587\Setup1\Recipes\x1.2\ScenariosMetadatas.ini",".ini","1471","2026-03-24 14:28","2026-05-17 11:10","[General] Version=1 [Scan2d] Id=55182d7c-a11b-4cf5-80a6-46918f96988e OpticsId=882b00cf-2366-43b4-a21b-277b79b6543b Refer","-77562"
"C:\job\Vcam_3MR_B4587\Setup1\Recipes\x1.2\UniqueArea.ini",".ini","20","2026-03-24 14:17","2026-05-17 11:10","[General] Count=0 ","-77573"
"C:\job\Vcam_3MR_B4587\Setup1\Recipes\x1.2\Wafer2Table.ini",".ini","1123","2026-03-25 11:08","2026-05-17 11:10","[WAFER ALIGNMENT] Wafer2Table_X=          1.0000000782         0.0012532872   -157744.4564062727 Wafer2Table_Y=         ","-76322"
"C:\job\Vcam_3MR_B4587\Setup1\Recipes\x1.2\WaferDataReadSettings.xml",".xml","195","2026-03-24 14:15","2026-05-17 11:10","<?xml version=""1.0""?> <WaferDataReadSettings xmlns:xsi=""http://www.w3.org/2001/XMLSchema-instance"" xmlns:xsd=""http://www","-77575"
"C:\job\Vcam_3MR_B4587\Setup1\Recipes\x1.2\Waferinfo.ini",".ini","725","2026-03-25 11:07","2026-05-17 11:10","[Robot] Rotation=0 SideUp=1 [General] key_minarea=0 hd_cmm=False hd_alignment=True hd_scan=True hd_robot=True hd_verific","-76323"
"C:\job\Vcam_3MR_B4587\Setup1\Recipes\x1.2\WaferMapRecipe.ini",".ini","882","2026-03-24 14:31","2026-05-17 11:10","[GENERAL] SettingsPolicy=0 FiducialBin=-1 MappingCorner=3 [Input_Update] Enable=0 FileMask= ImportDirectory= UpdateDirec","-77559"
"C:\job\Vcam_3MR_B4587\Setup1\Recipes\x1.2\WaferToRefWafer.ini",".ini","171","2026-03-24 15:08","2026-05-17 11:10","[WaferToRefWafer] RW_2_SW_X=          0.9999987778        -0.0005054968   -314935.5741746002 RW_2_SW_Y=          0.00050","-77522"
"C:\job\Vcam_3MR_B4587\Setup1\Recipes\x1.2\zones.ini",".ini","262","2026-03-24 14:32","2026-05-17 11:10","[General] Version=11 [ALGName] 255=PostProcess 0=Scan Area [ALG] 255=PostProcess 0=Surface [BinCodes] 255=-1 0=-1 [Color","-77558"
"C:\job\Vcam_3MR_B4587\Setup1\Recipes\x1.2\zones.txt",".txt","170","2026-03-24 14:32","2026-05-17 11:10","ScaleX =    1.0000000000; ScaleY =    1.0000000000   RefID       X        Y  Zone Count      Shape Data       1    444.5","-77558"
"C:\job\Vcam_3MR_B4587\Setup1\Recipes\x1.2\ZoomLevels.ini",".ini","118","2026-03-24 14:28","2026-05-17 11:10","[ZOOM_LEVELS] LEVEL_1=1 SaveCompressed=0 [LEVEL_1] SizeX=889 SizeY=890 [DIE] Step_X=900.5353 Step_Y=900.5211 ","-77562"
"C:\job\Vcam_3MR_B4587\Setup1\Recipes\x1.2\.dc_cache\TransactionsHistory.ini",".ini","366","2026-03-24 14:35","2026-05-17 11:10","[DeprecatedInV0] Namespace.RuntimeEntities.RecipePartsCollection_Runtime|RecipePartsCollection|CleanReferenceParams=1 Na","-77555"
"C:\job\Vcam_3MR_B4587\Setup1\Recipes\x1.2\FocusMapping\DieReferenceLocation.json",".json","4","2026-03-24 14:35","2026-05-17 11:10","null","-77555"
"C:\job\Vcam_3MR_B4587\Setup1\Recipes\x1.2\FocusMapping\FocusMapping.ini",".ini","2562","2026-03-24 14:36","2026-05-17 11:10","[Mode] AutoFocusRange=100 CreateSurfaceScore=Good MinMatchModelScore=Good DurationOfOneSite=3 NumOfDiceToScan=15 Resolut","-77554"
"C:\job\Vcam_3MR_B4587\Setup1\Recipes\x1.2\OpticLightMetadata\config.ini",".ini","292","2026-03-25 11:07","2026-05-17 11:10","[General] NominalDelta=0.000000000 Exist=0 targetPos_X=0.000000000 targetPos_Y=0.000000000 minY=0.000000000 minX=0.00000","-76323"
"C:\job\Vcam_3MR_B4587\Setup1\Recipes\x1.2\ReferenceBackup\ZoomLevels.ini",".ini","118","2026-03-24 14:28","2026-05-17 11:10","[ZOOM_LEVELS] LEVEL_1=1 SaveCompressed=0 [LEVEL_1] SizeX=889 SizeY=890 [DIE] Step_X=900.5353 Step_Y=900.5211 ","-77562"
"C:\job\Vcam_3MR_B4587\Setup1\Recipes\x1.2\RND-10\OpticsPreset.ini",".ini","107","2026-03-24 14:28","2026-05-17 11:10","[RobotSetup] Name=CAL2_PLUS_BARE.cfg [Chuck] CenterX=157670.625 CenterY=139291.140625 CenterZ=-363.8 ","-77562"
"C:\job\Vcam_3MR_B4587\Setup1\Recipes\x1.2\TrainData\Die.ini",".ini","1117","2026-03-24 14:28","2026-05-17 11:10","[DIE] PixelSize_X=6.99583867482302 PixelSize_Y=6.99583867482302 FrameSizeX=2048 FrameSizeY=2048 Step_X=6284 Step_Y=6312 ","-77562"
"C:\job\Vcam_3MR_B4587\Setup1\Recipes\x1.2\TrainData\DieRefToTrain.txt",".txt","274","2026-03-24 14:28","2026-05-17 11:10","[DieRefToTrainImage] DR_2_TI_X=0.999998052860289 0.00197339190996246 900.248313613587 DR_2_TI_Y=-0.00197339190996246 0.9","-77562"
"C:\job\Vcam_3MR_B4587\Setup1\Recipes\x1.2\TrainData\FrameToChuck.ini",".ini","160","2026-03-24 14:28","2026-05-17 11:10","[FrameToChuck] F2C_X=          6.9958386382         0.0007157952     -7164.4717398455 F2C_Y=         -0.0007157952      ","-77563"
"C:\job\Vcam_3MR_B4587\Setup1\Recipes\x1.2\TrainData\DieImage\DieImageToTable.ini",".ini","248","2026-03-24 14:28","2026-05-17 11:10","[DieImageToTable] I2T_X=6.99582099501815 -0.0157279945553475 -6305.61816261203 I2T_Y=0.0157279945553475 6.99582099501815","-77562"
"C:\job\Vcam_3MR_B4587\Setup1\Recipes\x1.2\TrainData\DieImage\ZoomLevels.ini",".ini","79","2026-03-24 14:28","2026-05-17 11:10","[ZOOM_LEVELS] LEVEL_1=1 SaveCompressed=0 [LEVEL_1] SizeX=2956 SizeY=2956 ","-77562"
"C:\job\Vcam_3MR_B4587\Setup1\Recipes\x1.2\WaferAlignData\Alignment_PatFindRtp.txt",".txt","742","2026-03-25 11:07","2026-05-17 11:10"," [10:07:51 03/25/26] Minimum Score           :  85    Minimum Start        :  90    Reduce Delta         :  10 Minimum T","-76323"
"C:\job\Vcam_3MR_B4587\Setup1\Recipes\x1.2\WaferAlignData\Alignment_PatRes.txt",".txt","1429","2026-03-25 11:07","2026-05-17 11:10"," [10:07:51 03/25/26] ==========================================================================================  #    Co","-76323"
"C:\job\Vcam_3MR_B4587\Setup1\Recipes\x1.2\WaferAlignData\Alignment_Stat.txt",".txt","1410","2026-03-25 11:07","2026-05-17 11:10","  [10:07:51 03/25/26] ==================================================================================================","-76323"
"C:\job\Vcam_3MR_B4587\Setup1\Recipes\x1.2\WaferAlignData\AlignmentData.ini",".ini","32","2026-03-25 11:07","2026-05-17 11:10","[General] AlignmentTime=19797 ","-76323"
"C:\job\Vcam_3MR_B4587\Setup1\Recipes\x1.2\WaferAlignData\AlignmentStatisticsTime.txt",".txt","166","2026-03-25 11:07","2026-05-17 11:10","Alignment Statistics Grabbing Counter=8 Total=2670 Average=333.750000 Moving Counter=8 Total=3952 Average=494.000000 Mov","-76323"
"C:\job\Vcam_3MR_B4587\Setup1\Recipes\x1.2\Zones\PostProcess.ini",".ini","2651","2026-03-24 14:33","2026-05-17 11:10","[General] ZoneName=PostProcess ZoneID=255 TypeName=PostProcess AutoTH=0 AutoProbe=0 [Warp Direction Calculation] Enable=","-77557"
"C:\job\Vcam_3MR_B4587\Setup1\Recipes\x1.2\Zones\Scan Area.ini",".ini","5723","2026-03-24 14:33","2026-05-17 11:10","[General] ZoneName=Scan Area ZoneID=63 TypeName=Surface AutoTH=0 AutoProbe=0 [Surface] Enable=1 AlgorithmName=Surface Cl","-77557"
"C:\job\Vcam_3MR_B4587\Setup1\Recipes\x10\Alignment.ini",".ini","53","2026-03-25 11:16","2026-05-17 11:10","[WAFER ALIGNMENT] CoarseAlignDone=1 Rotate  w2t=0 ","-76314"
"C:\job\Vcam_3MR_B4587\Setup1\Recipes\x10\AlignmentData.ini",".ini","834","2026-03-24 15:03","2026-05-17 11:10","[General] MinScore=85 MinTargetScore=0 IsAffineEnabled=1 AlignPointsNum=8 ForceToGMF=0 [Point_0] X=157289.862528037 Y=15","-77527"
"C:\job\Vcam_3MR_B4587\Setup1\Recipes\x10\AlignRtp.ini",".ini","2947","2026-03-25 11:16","2026-05-17 11:10","[DIE Alignment] Die__MinModelSize=32 Die__MinScore=85 Die__ExtraScanLength_um=0.000000 Die__ExtraScanLength_X_um=0.00000","-76314"
"C:\job\Vcam_3MR_B4587\Setup1\Recipes\x10\AQL.ini",".ini","512","2026-03-25 11:03","2026-05-17 11:10","[General] ckWaferAql2=0 optRandom-1=False optRandom-0=False ckWaferAql=0 fpRandomDice=1.0 fpWaferYield-2=1.0 txSlotListD","-76327"
"C:\job\Vcam_3MR_B4587\Setup1\Recipes\x10\CcsLocalMeas.ini",".ini","210","2026-03-24 14:15","2026-05-17 11:10","[ScanParams] MarginX=0 MarginY=0 ScanStepX=0 ScanStepY=0 ResultsToRevisit= ScanDefects_Enabled=0 ScanDefects_SizeX=0 Sca","-77575"
"C:\job\Vcam_3MR_B4587\Setup1\Recipes\x10\CleanReferenceFinalParams.ini",".ini","1055","2026-03-24 14:59","2026-05-17 11:10","[General] Version=2 [CleanRefParams] SizeX=2048 SizeY=2048 minCriteria=-2 maxCriteria=-1 minCreateMul=2 maxCreateMul=2 m","-77531"
"C:\job\Vcam_3MR_B4587\Setup1\Recipes\x10\CreateReference3dOptions.ini",".ini","415","2026-03-24 14:15","2026-05-17 11:10","[General] Version=0 Debug=0 [Registration] ReferenceRegBy=4 BigBlockRowsNumber=1000 YPartitionsNumber=3 MaxErrorPix=3 PS","-77575"
"C:\job\Vcam_3MR_B4587\Setup1\Recipes\x10\DefaultWafer2Table.ini",".ini","1131","2026-03-24 14:59","2026-05-17 11:10","[WAFER ALIGNMENT] Wafer2Table_X=          1.0000004423        -0.0002530584   -157476.9489580272 Wafer2Table_Y=         ","-77531"
"C:\job\Vcam_3MR_B4587\Setup1\Recipes\x10\DieAlignment.dat_block.ini",".ini","118","2026-03-24 14:59","2026-05-17 11:10","[General] IsMultiIndex=0 DieCount=1 [Die_0] Row=0 Col=0 PosX=0.000 PosY=0.000 SizeX=7307.000 SizeY=7310.000 ","-77531"
"C:\job\Vcam_3MR_B4587\Setup1\Recipes\x10\DieMapAlignRes.dat_block.ini",".ini","118","2026-03-24 14:59","2026-05-17 11:10","[General] IsMultiIndex=0 DieCount=1 [Die_0] Row=0 Col=0 PosX=0.000 PosY=0.000 SizeX=7307.000 SizeY=7310.000 ","-77531"
"C:\job\Vcam_3MR_B4587\Setup1\Recipes\x10\DieMapRegPos.txt",".txt","350","2026-03-24 14:30","2026-05-17 11:10","ScaleX =    1.0000000000; ScaleY =    1.0000000000   RefID       X        Y  Zone Count      Shape Data       1     65.0","-77560"
"C:\job\Vcam_3MR_B4587\Setup1\Recipes\x10\ExternalCoordSystems.ini",".ini","33","2026-03-24 14:17","2026-05-17 11:10","[ExternalCoordSystems] Count=0 ","-77573"
"C:\job\Vcam_3MR_B4587\Setup1\Recipes\x10\GlobalRTP.ini",".ini","3205","2026-03-24 15:02","2026-05-17 11:10","[GLOBAL_RTP] LSL_Height=100.000000 USL_Height=140.000000 NominalHeight=120.000000 BumpType=1 CCS_Step=3.000000 CCS_Step_","-77528"
"C:\job\Vcam_3MR_B4587\Setup1\Recipes\x10\ImageProcessing.log",".log","37","2026-03-24 14:58","2026-05-17 11:10","_previouseAlignmentDataExists = 0 ","-77532"
"C:\job\Vcam_3MR_B4587\Setup1\Recipes\x10\Metadata.ini",".ini","147","2026-03-24 15:17","2026-05-17 11:10","[General] name=R1 Id=8550fd46-9d76-402d-b9ba-fb882e3ac16d Version=0 [GeneralOnlineVerificationParams] UseSetGrabForOnlin","-77513"
"C:\job\Vcam_3MR_B4587\Setup1\Recipes\x10\OpticPreset.ini",".ini","1547","2026-03-24 14:56","2026-05-17 11:10","[IllumConversion] Executed=0 [General] Signature=1 [Scan2d] Id=882b00cf-2366-43b4-a21b-277b79b6543b FocusPosAboveChuck=6","-77534"
"C:\job\Vcam_3MR_B4587\Setup1\Recipes\x10\OpticToVCamStorage.json",".json","360","2026-03-25 11:16","2026-05-17 11:10","[   {     ""OpticId"": ""4b2b5700-3210-44ee-800b-64f3324ca4f5"",     ""Scenario"": ""Scan"",     ""IsAutoFocus"": false,     ""Stor","-76314"
"C:\job\Vcam_3MR_B4587\Setup1\Recipes\x10\OverlayScan.ini",".ini","52","2026-03-24 14:15","2026-05-17 11:10","[General] Id=15e3e944-5213-a2e6-1f9a-936a20096750 ","-77575"
"C:\job\Vcam_3MR_B4587\Setup1\Recipes\x10\Params_AlignRTP.ini",".ini","2945","2026-03-24 14:58","2026-05-17 11:10","[DIE Alignment] Die__MinModelSize=0 Die__MinScore=50 Die__ExtraScanLength_um=0.000000 Die__ExtraScanLength_X_um=0.000000","-77532"
"C:\job\Vcam_3MR_B4587\Setup1\Recipes\x10\Params_SystemInfo.ini",".ini","2391","2026-03-24 14:58","2026-05-17 11:10","[SystemParams] Gain=0 GainFx=0 Offset=0 Distortion=0 SizeX=2048 SizeY=2048 OffsetX=0 OffsetY=0 CameraType=3 ImageSizeInB","-77532"
"C:\job\Vcam_3MR_B4587\Setup1\Recipes\x10\Params_WaferInfo.ini",".ini","1380","2026-03-24 14:58","2026-05-17 11:10","[Path] SetupPath=c:\job\MR_4587\Setup1\Recipes\x10\ RecipeName=x10 RecipePath=c:\job\MR_4587\Setup1\Recipes\x10\ ScanRes","-77532"
"C:\job\Vcam_3MR_B4587\Setup1\Recipes\x10\ProductInfo.ini",".ini","3105","2026-03-25 11:16","2026-05-17 11:10","[AutoFocus] SearchUseDefault=1 ScanDelta=0 OnLimitViolationAction=0 FocusVAriationLimit=0 LimitFocusVariation=0 RetriesC","-76314"
"C:\job\Vcam_3MR_B4587\Setup1\Recipes\x10\Recipe.ini",".ini","4975","2026-03-24 15:23","2026-05-17 11:10","[AutoCycle] AutoFocusEvery=1 ; None CleanReferenceEvery=1 ; None UnloadToAnotherCassette=0 ; Move wafers from Loadport A","-77508"
"C:\job\Vcam_3MR_B4587\Setup1\Recipes\x10\ReferencesInfo.json",".json","281","2026-03-24 14:59","2026-05-17 11:10","{   ""UseCleanReferenceFolder"": false,   ""PeformCleanOnPizza"": false,   ""ExcludeReferenceFromJob"": false,   ""RecipeID"": ""","-77531"
"C:\job\Vcam_3MR_B4587\Setup1\Recipes\x10\RTP.txt",".txt","5534","2026-03-24 15:02","2026-05-17 11:10","[PostProcess]   ; Zone name Alg = Warp_Direction_Calculation Inner_Radius_[Microns] = 1 ;  ( Radius of the inner circle,","-77528"
"C:\job\Vcam_3MR_B4587\Setup1\Recipes\x10\s_FrameData.dat.md",".md","2858","2026-03-24 14:59","2026-05-17 11:10","<root><RecordSize Size=""192""/><Fields><Field Name=""reclassify"" Id=""1073741824"" Offset=""0"" Vartype=""2""/><Field Name=""orgR","-77531"
"C:\job\Vcam_3MR_B4587\Setup1\Recipes\x10\SamplingMetrology.ini",".ini","73","2026-03-24 14:15","2026-05-17 11:10","[General] Version=0 Id=c8e1c45b-d4bd-35e0-edde-dd56362fce15 UseCSV=0 ","-77575"
"C:\job\Vcam_3MR_B4587\Setup1\Recipes\x10\ScanOverlapLog.txt",".txt","450","2026-03-25 11:16","2026-05-17 11:10","Scan 2d Overlap [px], [um]; Pixel size = 0.849, 0.85 Minimum             :    32,   32,   27,   27 Detection           :","-76314"
"C:\job\Vcam_3MR_B4587\Setup1\Recipes\x10\ScanOverviewImage_Recipes-R1.txt",".txt","321","2026-03-24 14:30","2026-05-17 11:10","[ScanOverviewImage] I_2_WM_X=         75.3662109375         0.0000000000         0.0000000000 I_2_WM_Y=          0.00000","-77560"
"C:\job\Vcam_3MR_B4587\Setup1\Recipes\x10\ScanOverviewImage_Recipes-x10.txt",".txt","321","2026-03-24 14:59","2026-05-17 11:10","[ScanOverviewImage] I_2_WM_X=         75.3662109375         0.0000000000         0.0000000000 I_2_WM_Y=          0.00000","-77531"
"C:\job\Vcam_3MR_B4587\Setup1\Recipes\x10\ScenarioMetadataGrab.xml",".xml","1359","2026-03-24 15:17","2026-05-17 11:10","<MultiOpticsScenarioGrabConfiguration VersionNumber=""2.0"">   <ScenarioGrab Id=""11365dce-4507-462c-a4ad-9b54eab1fba6"" Nam","-77513"
"C:\job\Vcam_3MR_B4587\Setup1\Recipes\x10\ScenariosMetadatas.ini",".ini","1471","2026-03-24 14:57","2026-05-17 11:10","[General] Version=1 [Scan2d] Id=55182d7c-a11b-4cf5-80a6-46918f96988e OpticsId=4b2b5700-3210-44ee-800b-64f3324ca4f5 Refer","-77533"
"C:\job\Vcam_3MR_B4587\Setup1\Recipes\x10\UniqueArea.ini",".ini","20","2026-03-24 14:17","2026-05-17 11:10","[General] Count=0 ","-77573"
"C:\job\Vcam_3MR_B4587\Setup1\Recipes\x10\Wafer2Table.ini",".ini","1131","2026-03-25 11:16","2026-05-17 11:10","[WAFER ALIGNMENT] Wafer2Table_X=          1.0000030542         0.0008491088   -157689.2275087422 Wafer2Table_Y=         ","-76314"
"C:\job\Vcam_3MR_B4587\Setup1\Recipes\x10\WaferDataReadSettings.xml",".xml","195","2026-03-24 14:15","2026-05-17 11:10","<?xml version=""1.0""?> <WaferDataReadSettings xmlns:xsi=""http://www.w3.org/2001/XMLSchema-instance"" xmlns:xsd=""http://www","-77575"
"C:\job\Vcam_3MR_B4587\Setup1\Recipes\x10\Waferinfo.ini",".ini","725","2026-03-25 11:15","2026-05-17 11:10","[Robot] Rotation=0 SideUp=1 [General] key_minarea=0 hd_cmm=False hd_alignment=True hd_scan=True hd_robot=True hd_verific","-76315"
"C:\job\Vcam_3MR_B4587\Setup1\Recipes\x10\WaferMapRecipe.ini",".ini","865","2026-03-24 14:55","2026-05-17 11:10","[GENERAL] SettingsPolicy=0 FiducialBin=-1 [Input_Update] Enable=0 FileMask= ImportDirectory= UpdateDirectory= AutoMatchE","-77535"
"C:\job\Vcam_3MR_B4587\Setup1\Recipes\x10\WaferToRefWafer.ini",".ini","171","2026-03-24 15:08","2026-05-17 11:10","[WaferToRefWafer] RW_2_SW_X=          1.0000012910        -0.0005068337   -314924.8862974804 RW_2_SW_Y=          0.00050","-77522"
"C:\job\Vcam_3MR_B4587\Setup1\Recipes\x10\zones.ini",".ini","264","2026-03-24 15:00","2026-05-17 11:10","[General] Version=11 [ALGName] 255=PostProcess 0=Scan Area [ALG] 255=PostProcess 0=Surface [BinCodes] 255=-1 0=-1 [Color","-77530"
"C:\job\Vcam_3MR_B4587\Setup1\Recipes\x10\zones.txt",".txt","170","2026-03-24 15:00","2026-05-17 11:10","ScaleX =    1.0000000000; ScaleY =    1.0000000000   RefID       X        Y  Zone Count      Shape Data       1   3653.0","-77530"
"C:\job\Vcam_3MR_B4587\Setup1\Recipes\x10\ZoomLevels.ini",".ini","258","2026-03-24 14:57","2026-05-17 11:10","[ZOOM_LEVELS] LEVEL_1=1 SaveCompressed=0 LEVEL_2=1 LEVEL_4=1 LEVEL_8=1 [LEVEL_1] SizeX=7306 SizeY=7310 [LEVEL_2] SizeX=3","-77533"
"C:\job\Vcam_3MR_B4587\Setup1\Recipes\x10\.dc_cache\TransactionsHistory.ini",".ini","366","2026-03-24 14:35","2026-05-17 11:10","[DeprecatedInV0] Namespace.RuntimeEntities.RecipePartsCollection_Runtime|RecipePartsCollection|CleanReferenceParams=1 Na","-77555"
"C:\job\Vcam_3MR_B4587\Setup1\Recipes\x10\FocusMapping\DieReferenceLocation.json",".json","4","2026-03-24 14:55","2026-05-17 11:10","null","-77535"
"C:\job\Vcam_3MR_B4587\Setup1\Recipes\x10\FocusMapping\FocusMapping.ini",".ini","2562","2026-03-24 14:55","2026-05-17 11:10","[Mode] AutoFocusRange=100 CreateSurfaceScore=Good MinMatchModelScore=Good DurationOfOneSite=3 NumOfDiceToScan=15 Resolut","-77535"
"C:\job\Vcam_3MR_B4587\Setup1\Recipes\x10\OpticLightMetadata\config.ini",".ini","292","2026-03-25 11:16","2026-05-17 11:10","[General] NominalDelta=0.000000000 Exist=0 targetPos_X=0.000000000 targetPos_Y=0.000000000 minY=0.000000000 minX=0.00000","-76314"
"C:\job\Vcam_3MR_B4587\Setup1\Recipes\x10\ReferenceBackup\ZoomLevels.ini",".ini","258","2026-03-24 14:57","2026-05-17 11:10","[ZOOM_LEVELS] LEVEL_1=1 SaveCompressed=0 LEVEL_2=1 LEVEL_4=1 LEVEL_8=1 [LEVEL_1] SizeX=7306 SizeY=7310 [LEVEL_2] SizeX=3","-77533"
"C:\job\Vcam_3MR_B4587\Setup1\Recipes\x10\RND-10\OpticsPreset.ini",".ini","68","2026-03-24 14:57","2026-05-17 11:10","[Chuck] CenterX=157670.625 CenterY=139291.140625 CenterZ=-363.8 ","-77533"
"C:\job\Vcam_3MR_B4587\Setup1\Recipes\x10\TrainData\Die.ini",".ini","1093","2026-03-24 14:57","2026-05-17 11:10","[DIE] PixelSize_X=0.84904029076115 PixelSize_Y=0.84904029076115 FrameSizeX=2048 FrameSizeY=2048 Step_X=6298 Step_Y=6302 ","-77533"
"C:\job\Vcam_3MR_B4587\Setup1\Recipes\x10\TrainData\DieRefToTrain.txt",".txt","278","2026-03-24 14:57","2026-05-17 11:10","[DieRefToTrainImage] DR_2_TI_X=0.999999970483699 0.000242966253862601 1137.95935825881 DR_2_TI_Y=-0.000242966253862601 0","-77533"
"C:\job\Vcam_3MR_B4587\Setup1\Recipes\x10\TrainData\FrameToChuck.ini",".ini","160","2026-03-24 14:57","2026-05-17 11:10","[FrameToChuck] F2C_X=          0.8490402813         0.0001270695      -869.5473671374 F2C_Y=         -0.0001270695      ","-77534"
"C:\job\Vcam_3MR_B4587\Setup1\Recipes\x10\TrainData\DieImage\DieImageToTable.ini",".ini","251","2026-03-24 14:57","2026-05-17 11:10","[DieImageToTable] I2T_X=0.849040159393411 -0.000472306033703025 -981.641044452423 I2T_Y=0.000472306033703025 0.849040159","-77533"
"C:\job\Vcam_3MR_B4587\Setup1\Recipes\x10\TrainData\DieImage\ZoomLevels.ini",".ini","81","2026-03-24 14:57","2026-05-17 11:10","[ZOOM_LEVELS] LEVEL_1=1 SaveCompressed=0 [LEVEL_1] SizeX=16238 SizeY=16226 ","-77533"
"C:\job\Vcam_3MR_B4587\Setup1\Recipes\x10\WaferAlignData\Alignment_PatFindRtp.txt",".txt","742","2026-03-25 11:16","2026-05-17 11:10"," [10:16:34 03/25/26] Minimum Score           :  85    Minimum Start        :  90    Reduce Delta         :  10 Minimum T","-76314"
"C:\job\Vcam_3MR_B4587\Setup1\Recipes\x10\WaferAlignData\Alignment_PatRes.txt",".txt","1429","2026-03-25 11:16","2026-05-17 11:10"," [10:16:34 03/25/26] ==========================================================================================  #    Co","-76314"
"C:\job\Vcam_3MR_B4587\Setup1\Recipes\x10\WaferAlignData\Alignment_Stat.txt",".txt","1410","2026-03-25 11:16","2026-05-17 11:10","  [10:16:34 03/25/26] ==================================================================================================","-76314"
"C:\job\Vcam_3MR_B4587\Setup1\Recipes\x10\WaferAlignData\AlignmentData.ini",".ini","32","2026-03-25 11:16","2026-05-17 11:10","[General] AlignmentTime=17583 ","-76314"
"C:\job\Vcam_3MR_B4587\Setup1\Recipes\x10\WaferAlignData\AlignmentStatisticsTime.txt",".txt","166","2026-03-25 11:16","2026-05-17 11:10","Alignment Statistics Grabbing Counter=8 Total=2406 Average=300.750000 Moving Counter=8 Total=3720 Average=465.000000 Mov","-76314"
"C:\job\Vcam_3MR_B4587\Setup1\Recipes\x10\Zones\PostProcess.ini",".ini","2651","2026-03-24 15:02","2026-05-17 11:10","[General] ZoneName=PostProcess ZoneID=255 TypeName=PostProcess AutoTH=0 AutoProbe=0 [Warp Direction Calculation] Enable=","-77529"
"C:\job\Vcam_3MR_B4587\Setup1\Recipes\x10\Zones\Scan Area.ini",".ini","5725","2026-03-24 15:02","2026-05-17 11:10","[General] ZoneName=Scan Area ZoneID=63 TypeName=Surface AutoTH=0 AutoProbe=0 [Surface] Enable=1 AlgorithmName=Surface Cl","-77529"
"C:\job\Vcam_3MR_B4587\Setup1\Recipes\x5\Alignment.ini",".ini","53","2026-03-25 11:13","2026-05-17 11:10","[WAFER ALIGNMENT] CoarseAlignDone=1 Rotate  w2t=0 ","-76317"
"C:\job\Vcam_3MR_B4587\Setup1\Recipes\x5\AlignmentData.ini",".ini","834","2026-03-24 14:44","2026-05-17 11:10","[General] MinScore=85 MinTargetScore=0 IsAffineEnabled=1 AlignPointsNum=8 ForceToGMF=0 [Point_0] X=160602.621411814 Y=15","-77546"
"C:\job\Vcam_3MR_B4587\Setup1\Recipes\x5\AlignRtp.ini",".ini","2947","2026-03-25 11:13","2026-05-17 11:10","[DIE Alignment] Die__MinModelSize=32 Die__MinScore=85 Die__ExtraScanLength_um=0.000000 Die__ExtraScanLength_X_um=0.00000","-76317"
"C:\job\Vcam_3MR_B4587\Setup1\Recipes\x5\AQL.ini",".ini","512","2026-03-24 15:45","2026-05-17 11:10","[General] ckWaferAql2=0 optRandom-1=False optRandom-0=False ckWaferAql=0 fpRandomDice=1.0 fpWaferYield-2=1.0 txSlotListD","-77486"
"C:\job\Vcam_3MR_B4587\Setup1\Recipes\x5\CcsLocalMeas.ini",".ini","210","2026-03-24 14:15","2026-05-17 11:10","[ScanParams] MarginX=0 MarginY=0 ScanStepX=0 ScanStepY=0 ResultsToRevisit= ScanDefects_Enabled=0 ScanDefects_SizeX=0 Sca","-77575"
"C:\job\Vcam_3MR_B4587\Setup1\Recipes\x5\CleanReferenceFinalParams.ini",".ini","1055","2026-03-24 14:30","2026-05-17 11:10","[General] Version=2 [CleanRefParams] SizeX=2048 SizeY=2048 minCriteria=-2 maxCriteria=-1 minCreateMul=2 maxCreateMul=2 m","-77560"
"C:\job\Vcam_3MR_B4587\Setup1\Recipes\x5\CreateReference3dOptions.ini",".ini","415","2026-03-24 14:15","2026-05-17 11:10","[General] Version=0 Debug=0 [Registration] ReferenceRegBy=4 BigBlockRowsNumber=1000 YPartitionsNumber=3 MaxErrorPix=3 PS","-77575"
"C:\job\Vcam_3MR_B4587\Setup1\Recipes\x5\DefaultWafer2Table.ini",".ini","1129","2026-03-24 14:41","2026-05-17 11:10","[WAFER ALIGNMENT] Wafer2Table_X=          1.0000013771        -0.0002542062   -157489.6020221875 Wafer2Table_Y=         ","-77550"
"C:\job\Vcam_3MR_B4587\Setup1\Recipes\x5\DieAlignment.dat_block.ini",".ini","118","2026-03-24 14:41","2026-05-17 11:10","[General] IsMultiIndex=0 DieCount=1 [Die_0] Row=0 Col=0 PosX=0.000 PosY=0.000 SizeX=3678.000 SizeY=3678.000 ","-77550"
"C:\job\Vcam_3MR_B4587\Setup1\Recipes\x5\DieMapAlignRes.dat_block.ini",".ini","118","2026-03-24 14:41","2026-05-17 11:10","[General] IsMultiIndex=0 DieCount=1 [Die_0] Row=0 Col=0 PosX=0.000 PosY=0.000 SizeX=3678.000 SizeY=3678.000 ","-77550"
"C:\job\Vcam_3MR_B4587\Setup1\Recipes\x5\DieMapRegPos.txt",".txt","350","2026-03-24 14:39","2026-05-17 11:10","ScaleX =    1.0000000000; ScaleY =    1.0000000000   RefID       X        Y  Zone Count      Shape Data       1    271.0","-77551"
"C:\job\Vcam_3MR_B4587\Setup1\Recipes\x5\ExternalCoordSystems.ini",".ini","33","2026-03-24 14:17","2026-05-17 11:10","[ExternalCoordSystems] Count=0 ","-77573"
"C:\job\Vcam_3MR_B4587\Setup1\Recipes\x5\GlobalRTP.ini",".ini","3205","2026-03-24 14:53","2026-05-17 11:10","[GLOBAL_RTP] LSL_Height=100.000000 USL_Height=140.000000 NominalHeight=120.000000 BumpType=1 CCS_Step=3.000000 CCS_Step_","-77538"
"C:\job\Vcam_3MR_B4587\Setup1\Recipes\x5\ImageProcessing.log",".log","37","2026-03-24 14:40","2026-05-17 11:10","_previouseAlignmentDataExists = 0 ","-77551"
"C:\job\Vcam_3MR_B4587\Setup1\Recipes\x5\Metadata.ini",".ini","147","2026-03-24 15:15","2026-05-17 11:10","[General] name=R1 Id=8550fd46-9d76-402d-b9ba-fb882e3ac16d Version=0 [GeneralOnlineVerificationParams] UseSetGrabForOnlin","-77515"
"C:\job\Vcam_3MR_B4587\Setup1\Recipes\x5\OpticPreset.ini",".ini","1540","2026-03-24 14:37","2026-05-17 11:10","[IllumConversion] Executed=0 [General] Signature=1 [Scan2d] Id=882b00cf-2366-43b4-a21b-277b79b6543b FocusPosAboveChuck=6","-77553"
"C:\job\Vcam_3MR_B4587\Setup1\Recipes\x5\OpticToVCamStorage.json",".json","360","2026-03-25 11:13","2026-05-17 11:10","[   {     ""OpticId"": ""a5c905d1-1263-4106-b57c-97f9d63e6708"",     ""Scenario"": ""Scan"",     ""IsAutoFocus"": false,     ""Stor","-76317"
"C:\job\Vcam_3MR_B4587\Setup1\Recipes\x5\OverlayScan.ini",".ini","52","2026-03-24 14:15","2026-05-17 11:10","[General] Id=15e3e944-5213-a2e6-1f9a-936a20096750 ","-77575"
"C:\job\Vcam_3MR_B4587\Setup1\Recipes\x5\Params_AlignRTP.ini",".ini","2945","2026-03-24 14:40","2026-05-17 11:10","[DIE Alignment] Die__MinModelSize=0 Die__MinScore=50 Die__ExtraScanLength_um=0.000000 Die__ExtraScanLength_X_um=0.000000","-77551"
"C:\job\Vcam_3MR_B4587\Setup1\Recipes\x5\Params_SystemInfo.ini",".ini","2391","2026-03-24 14:40","2026-05-17 11:10","[SystemParams] Gain=0 GainFx=0 Offset=0 Distortion=0 SizeX=2048 SizeY=2048 OffsetX=0 OffsetY=0 CameraType=3 ImageSizeInB","-77551"
"C:\job\Vcam_3MR_B4587\Setup1\Recipes\x5\Params_WaferInfo.ini",".ini","1373","2026-03-24 14:40","2026-05-17 11:10","[Path] SetupPath=c:\job\MR_4587\Setup1\Recipes\x5\ RecipeName=x5 RecipePath=c:\job\MR_4587\Setup1\Recipes\x5\ ScanResult","-77551"
"C:\job\Vcam_3MR_B4587\Setup1\Recipes\x5\ProductInfo.ini",".ini","3104","2026-03-25 11:13","2026-05-17 11:10","[AutoFocus] SearchUseDefault=1 ScanDelta=0 OnLimitViolationAction=0 FocusVAriationLimit=0 LimitFocusVariation=0 RetriesC","-76317"
"C:\job\Vcam_3MR_B4587\Setup1\Recipes\x5\Recipe.ini",".ini","4975","2026-03-24 15:46","2026-05-17 11:10","[AutoCycle] AutoFocusEvery=1 ; None CleanReferenceEvery=1 ; None UnloadToAnotherCassette=0 ; Move wafers from Loadport A","-77484"
"C:\job\Vcam_3MR_B4587\Setup1\Recipes\x5\ReferencesInfo.json",".json","281","2026-03-24 14:41","2026-05-17 11:10","{   ""UseCleanReferenceFolder"": false,   ""PeformCleanOnPizza"": false,   ""ExcludeReferenceFromJob"": false,   ""RecipeID"": ""","-77549"
"C:\job\Vcam_3MR_B4587\Setup1\Recipes\x5\RTP.txt",".txt","5538","2026-03-24 14:53","2026-05-17 11:10","[PostProcess]   ; Zone name Alg = Warp_Direction_Calculation Inner_Radius_[Microns] = 1 ;  ( Radius of the inner circle,","-77538"
"C:\job\Vcam_3MR_B4587\Setup1\Recipes\x5\s_FrameData.dat.md",".md","2858","2026-03-24 14:41","2026-05-17 11:10","<root><RecordSize Size=""192""/><Fields><Field Name=""reclassify"" Id=""1073741824"" Offset=""0"" Vartype=""2""/><Field Name=""orgR","-77550"
"C:\job\Vcam_3MR_B4587\Setup1\Recipes\x5\SamplingMetrology.ini",".ini","73","2026-03-24 14:15","2026-05-17 11:10","[General] Version=0 Id=c8e1c45b-d4bd-35e0-edde-dd56362fce15 UseCSV=0 ","-77575"
"C:\job\Vcam_3MR_B4587\Setup1\Recipes\x5\ScanOverlapLog.txt",".txt","450","2026-03-25 11:13","2026-05-17 11:10","Scan 2d Overlap [px], [um]; Pixel size = 1.689, 1.69 Minimum             :    32,   32,   54,   54 Detection           :","-76317"
"C:\job\Vcam_3MR_B4587\Setup1\Recipes\x5\ScanOverviewImage_Recipes-R1.txt",".txt","321","2026-03-24 14:30","2026-05-17 11:10","[ScanOverviewImage] I_2_WM_X=         75.3662109375         0.0000000000         0.0000000000 I_2_WM_Y=          0.00000","-77560"
"C:\job\Vcam_3MR_B4587\Setup1\Recipes\x5\ScanOverviewImage_Recipes-x5.txt",".txt","321","2026-03-24 14:41","2026-05-17 11:10","[ScanOverviewImage] I_2_WM_X=         75.3662109375         0.0000000000         0.0000000000 I_2_WM_Y=          0.00000","-77550"
"C:\job\Vcam_3MR_B4587\Setup1\Recipes\x5\ScenarioMetadataGrab.xml",".xml","1359","2026-03-24 15:15","2026-05-17 11:10","<MultiOpticsScenarioGrabConfiguration VersionNumber=""2.0"">   <ScenarioGrab Id=""c7f48256-1e05-40fb-bf68-f1932ec6d839"" Nam","-77515"
"C:\job\Vcam_3MR_B4587\Setup1\Recipes\x5\ScenariosMetadatas.ini",".ini","1471","2026-03-24 14:38","2026-05-17 11:10","[General] Version=1 [Scan2d] Id=55182d7c-a11b-4cf5-80a6-46918f96988e OpticsId=a5c905d1-1263-4106-b57c-97f9d63e6708 Refer","-77552"
"C:\job\Vcam_3MR_B4587\Setup1\Recipes\x5\UniqueArea.ini",".ini","20","2026-03-24 14:17","2026-05-17 11:10","[General] Count=0 ","-77573"
"C:\job\Vcam_3MR_B4587\Setup1\Recipes\x5\Wafer2Table.ini",".ini","1123","2026-03-25 11:13","2026-05-17 11:10","[WAFER ALIGNMENT] Wafer2Table_X=          1.0000031018         0.0010461104   -157719.6611567576 Wafer2Table_Y=         ","-76317"
"C:\job\Vcam_3MR_B4587\Setup1\Recipes\x5\WaferDataReadSettings.xml",".xml","195","2026-03-24 14:15","2026-05-17 11:10","<?xml version=""1.0""?> <WaferDataReadSettings xmlns:xsi=""http://www.w3.org/2001/XMLSchema-instance"" xmlns:xsd=""http://www","-77575"
"C:\job\Vcam_3MR_B4587\Setup1\Recipes\x5\Waferinfo.ini",".ini","723","2026-03-25 11:13","2026-05-17 11:10","[Robot] Rotation=0 SideUp=1 [General] key_minarea=0 hd_cmm=False hd_alignment=True hd_scan=True hd_robot=True hd_verific","-76318"
"C:\job\Vcam_3MR_B4587\Setup1\Recipes\x5\WaferMapRecipe.ini",".ini","865","2026-03-24 14:36","2026-05-17 11:10","[GENERAL] SettingsPolicy=0 FiducialBin=-1 [Input_Update] Enable=0 FileMask= ImportDirectory= UpdateDirectory= AutoMatchE","-77554"
"C:\job\Vcam_3MR_B4587\Setup1\Recipes\x5\WaferToRefWafer.ini",".ini","171","2026-03-24 15:08","2026-05-17 11:10","[WaferToRefWafer] RW_2_SW_X=          1.0000012503        -0.0005062007   -314936.7574089178 RW_2_SW_Y=          0.00050","-77523"
"C:\job\Vcam_3MR_B4587\Setup1\Recipes\x5\zones.ini",".ini","264","2026-03-24 14:42","2026-05-17 11:10","[General] Version=11 [ALGName] 255=PostProcess 0=Scan Area [ALG] 255=PostProcess 0=Surface [BinCodes] 255=-1 0=-1 [Color","-77548"
"C:\job\Vcam_3MR_B4587\Setup1\Recipes\x5\zones.txt",".txt","170","2026-03-24 14:42","2026-05-17 11:10","ScaleX =    1.0000000000; ScaleY =    1.0000000000   RefID       X        Y  Zone Count      Shape Data       1   1838.5","-77548"
"C:\job\Vcam_3MR_B4587\Setup1\Recipes\x5\ZoomLevels.ini",".ini","212","2026-03-24 14:38","2026-05-17 11:10","[ZOOM_LEVELS] LEVEL_1=1 SaveCompressed=0 LEVEL_2=1 LEVEL_4=1 [LEVEL_1] SizeX=3677 SizeY=3678 [LEVEL_2] SizeX=1838 SizeY=","-77552"
"C:\job\Vcam_3MR_B4587\Setup1\Recipes\x5\.dc_cache\TransactionsHistory.ini",".ini","366","2026-03-24 14:35","2026-05-17 11:10","[DeprecatedInV0] Namespace.RuntimeEntities.RecipePartsCollection_Runtime|RecipePartsCollection|CleanReferenceParams=1 Na","-77555"
"C:\job\Vcam_3MR_B4587\Setup1\Recipes\x5\FocusMapping\DieReferenceLocation.json",".json","4","2026-03-24 14:36","2026-05-17 11:10","null","-77554"
"C:\job\Vcam_3MR_B4587\Setup1\Recipes\x5\FocusMapping\FocusMapping.ini",".ini","2562","2026-03-24 14:36","2026-05-17 11:10","[Mode] AutoFocusRange=100 CreateSurfaceScore=Good MinMatchModelScore=Good DurationOfOneSite=3 NumOfDiceToScan=15 Resolut","-77554"
"C:\job\Vcam_3MR_B4587\Setup1\Recipes\x5\OpticLightMetadata\config.ini",".ini","292","2026-03-25 11:13","2026-05-17 11:10","[General] NominalDelta=0.000000000 Exist=0 targetPos_X=0.000000000 targetPos_Y=0.000000000 minY=0.000000000 minX=0.00000","-76317"
"C:\job\Vcam_3MR_B4587\Setup1\Recipes\x5\ReferenceBackup\ZoomLevels.ini",".ini","212","2026-03-24 14:38","2026-05-17 11:10","[ZOOM_LEVELS] LEVEL_1=1 SaveCompressed=0 LEVEL_2=1 LEVEL_4=1 [LEVEL_1] SizeX=3677 SizeY=3678 [LEVEL_2] SizeX=1838 SizeY=","-77552"
"C:\job\Vcam_3MR_B4587\Setup1\Recipes\x5\RND-10\OpticsPreset.ini",".ini","68","2026-03-24 14:38","2026-05-17 11:10","[Chuck] CenterX=157670.625 CenterY=139291.140625 CenterZ=-363.8 ","-77552"
"C:\job\Vcam_3MR_B4587\Setup1\Recipes\x5\TrainData\Die.ini",".ini","1094","2026-03-24 14:38","2026-05-17 11:10","[DIE] PixelSize_X=1.68850144860649 PixelSize_Y=1.68850144860649 FrameSizeX=2048 FrameSizeY=2048 Step_X=6300 Step_Y=6303 ","-77552"
"C:\job\Vcam_3MR_B4587\Setup1\Recipes\x5\TrainData\DieRefToTrain.txt",".txt","278","2026-03-24 14:38","2026-05-17 11:10","[DieRefToTrainImage] DR_2_TI_X=0.999999996417359 8.46479847172422E-05 1077.00823494397 DR_2_TI_Y=-8.46479847172422E-05 0","-77552"
"C:\job\Vcam_3MR_B4587\Setup1\Recipes\x5\TrainData\FrameToChuck.ini",".ini","160","2026-03-24 14:38","2026-05-17 11:10","[FrameToChuck] F2C_X=          1.6885013959         0.0004220307     -1729.4575887547 F2C_Y=         -0.0004220307      ","-77553"
"C:\job\Vcam_3MR_B4587\Setup1\Recipes\x5\TrainData\DieImage\DieImageToTable.ini",".ini","252","2026-03-24 14:38","2026-05-17 11:10","[DieImageToTable] I2T_X=1.68850144854688 -1.41886452271894E-05 -1847.91871675134 I2T_Y=1.41886452271894E-05 1.6885014485","-77553"
"C:\job\Vcam_3MR_B4587\Setup1\Recipes\x5\TrainData\DieImage\ZoomLevels.ini",".ini","79","2026-03-24 14:38","2026-05-17 11:10","[ZOOM_LEVELS] LEVEL_1=1 SaveCompressed=0 [LEVEL_1] SizeX=8794 SizeY=8800 ","-77553"
"C:\job\Vcam_3MR_B4587\Setup1\Recipes\x5\WaferAlignData\Alignment_PatFindRtp.txt",".txt","742","2026-03-25 11:13","2026-05-17 11:10"," [10:13:37 03/25/26] Minimum Score           :  85    Minimum Start        :  90    Reduce Delta         :  10 Minimum T","-76317"
"C:\job\Vcam_3MR_B4587\Setup1\Recipes\x5\WaferAlignData\Alignment_PatRes.txt",".txt","1429","2026-03-25 11:13","2026-05-17 11:10"," [10:13:37 03/25/26] ==========================================================================================  #    Co","-76317"
"C:\job\Vcam_3MR_B4587\Setup1\Recipes\x5\WaferAlignData\Alignment_Stat.txt",".txt","1410","2026-03-25 11:13","2026-05-17 11:10","  [10:13:37 03/25/26] ==================================================================================================","-76317"
"C:\job\Vcam_3MR_B4587\Setup1\Recipes\x5\WaferAlignData\AlignmentData.ini",".ini","32","2026-03-25 11:13","2026-05-17 11:10","[General] AlignmentTime=10507 ","-76317"
"C:\job\Vcam_3MR_B4587\Setup1\Recipes\x5\WaferAlignData\AlignmentStatisticsTime.txt",".txt","166","2026-03-25 11:13","2026-05-17 11:10","Alignment Statistics Grabbing Counter=8 Total=2374 Average=296.750000 Moving Counter=8 Total=3686 Average=460.750000 Mov","-76317"
"C:\job\Vcam_3MR_B4587\Setup1\Recipes\x5\Zones\PostProcess.ini",".ini","2651","2026-03-24 14:53","2026-05-17 11:10","[General] ZoneName=PostProcess ZoneID=255 TypeName=PostProcess AutoTH=0 AutoProbe=0 [Warp Direction Calculation] Enable=","-77538"
"C:\job\Vcam_3MR_B4587\Setup1\Recipes\x5\Zones\Scan Area.ini",".ini","5724","2026-03-24 14:53","2026-05-17 11:10","[General] ZoneName=Scan Area ZoneID=63 TypeName=Surface AutoTH=0 AutoProbe=0 [Surface] Enable=1 AlgorithmName=Surface Cl","-77538"
